User ID,Time,Account,Operation,Coin,Change,Remark
96972586,21-03-15 07:49:29,Spot,Deposit,AUD,7000,
96972586,21-03-15 08:48:28,Spot,Transaction Related,ADA,716.107,
96972586,21-03-15 08:48:28,Spot,Transaction Related,AUD,-1000,
96972586,21-03-15 09:10:51,Spot,Transaction Related,ETH,1.01985,
96972586,21-03-15 09:10:51,Spot,Transaction Related,AUD,-2500,
96972586,21-03-15 09:12:05,Spot,Transaction Related,ADA,1781.413,
96972586,21-03-15 09:12:05,Spot,Transaction Related,AUD,-2500,
96972586,21-03-15 09:13:44,Spot,Transaction Related,BTC,0.012719,
96972586,21-03-15 09:13:44,Spot,Transaction Related,AUD,-1000,
96972586,21-03-15 10:33:05,Spot,Withdraw,BTC,-0.012719,Withdraw fee is included
96972586,21-03-15 17:18:12,Spot,Withdraw,ETH,-1.01985,Withdraw fee is included
96972586,21-03-15 18:21:06,Spot,Withdraw,ADA,-2497.52,Withdraw fee is included
96972586,21-03-18 11:40:56,Spot,Deposit,AUD,1000,
96972586,21-03-18 22:37:23,Spot,Transaction Related,ADA,536.568,
96972586,21-03-18 22:37:23,Spot,Transaction Related,AUD,-1000,
96972586,21-03-19 12:21:46,Spot,Deposit,AUD,10000,
96972586,21-03-19 12:24:05,Spot,Transaction Related,AUD,-7700,
96972586,21-03-19 12:24:05,Spot,Transaction Related,ADA,4758.476,
96972586,21-03-19 12:26:55,Spot,Transaction Related,ETH,0.98832,
96972586,21-03-19 12:26:55,Spot,Transaction Related,AUD,-2300,
96972586,21-03-19 13:15:09,Spot,Withdraw,ETH,-0.98832,Withdraw fee is included
96972586,21-03-19 14:45:11,Spot,Withdraw,ADA,-5295.044,Withdraw fee is included
96972586,21-03-20 07:14:25,Spot,Deposit,AUD,10000,
96972586,21-03-20 07:18:31,Spot,Transaction Related,ETH,4.22345,
96972586,21-03-20 07:18:31,Spot,Transaction Related,AUD,-10000,
96972586,21-03-20 07:56:51,Spot,Binance Convert,VET,44553.35263979,
96972586,21-03-20 07:56:51,Spot,Binance Convert,ETH,-2,
96972586,21-03-20 09:51:14,Spot,Withdraw,ETH,-2.22345,Withdraw fee is included
96972586,21-03-21 15:33:03,Spot,Withdraw,VET,-44553.35263979,Withdraw fee is included
96972586,21-03-24 07:15:17,Spot,Deposit,AUD,1230,
96972586,21-03-24 07:37:03,Spot,Sell,AUD,-1165.1,
96972586,21-03-24 07:37:03,Spot,Sell,AUD,-40,
96972586,21-03-24 07:37:03,Spot,Fee,BUSD,-0.88596534,
96972586,21-03-24 07:37:03,Spot,Fee,BUSD,-0.0304204,
96972586,21-03-24 07:37:03,Spot,Fee,BUSD,-0.01893645,
96972586,21-03-24 07:37:03,Spot,Buy,BUSD,18.93645,
96972586,21-03-24 07:37:03,Spot,Buy,BUSD,30.4204,
96972586,21-03-24 07:37:03,Spot,Buy,BUSD,885.965342,
96972586,21-03-24 07:37:03,Spot,Sell,AUD,-24.9,
96972586,21-03-24 07:39:07,Spot,Fee,CHZ,-0.027,
96972586,21-03-24 07:39:07,Spot,Buy,CHZ,27,
96972586,21-03-24 07:39:07,Spot,Sell,BUSD,-13.9293,
96972586,21-03-24 07:39:07,Spot,Buy,CHZ,99.79,
96972586,21-03-24 07:39:07,Spot,Fee,CHZ,-0.09979,
96972586,21-03-24 07:39:07,Spot,Sell,BUSD,-51.471682,
96972586,21-03-24 07:41:08,Spot,Fee,ONE,-0.085,
96972586,21-03-24 07:41:08,Spot,Buy,ONE,85,
96972586,21-03-24 07:41:08,Spot,Fee,ONE,-0.085,
96972586,21-03-24 07:41:08,Spot,Sell,BUSD,-13.96312,
96972586,21-03-24 07:41:08,Spot,Fee,ONE,-0.085,
96972586,21-03-24 07:41:08,Spot,Sell,BUSD,-13.96312,
96972586,21-03-24 07:41:08,Spot,Fee,ONE,-0.085,
96972586,21-03-24 07:41:08,Spot,Buy,ONE,58,
96972586,21-03-24 07:41:08,Spot,Buy,ONE,85,
96972586,21-03-24 07:41:08,Spot,Buy,ONE,85,
96972586,21-03-24 07:41:08,Spot,Buy,ONE,85,
96972586,21-03-24 07:41:08,Spot,Fee,ONE,-0.058,
96972586,21-03-24 07:41:08,Spot,Sell,BUSD,-9.527776,
96972586,21-03-24 07:41:08,Spot,Fee,ONE,-0.131,
96972586,21-03-24 07:41:08,Spot,Sell,BUSD,-21.515571,
96972586,21-03-24 07:41:08,Spot,Buy,ONE,131,
96972586,21-03-24 07:41:08,Spot,Sell,BUSD,-13.96312,
96972586,21-03-24 07:41:08,Spot,Sell,BUSD,-13.96312,
96972586,21-03-24 07:46:52,Spot,Buy,USDT,109.49,
96972586,21-03-24 07:46:52,Spot,Sell,BUSD,-109.49,
96972586,21-03-24 07:48:47,Spot,Buy,UTK,187.77,
96972586,21-03-24 07:48:47,Spot,Fee,UTK,-0.18777,
96972586,21-03-24 07:48:47,Spot,Sell,USDT,-109.488687,
96972586,21-03-24 08:07:20,Spot,Buy,LINK,7.24,
96972586,21-03-24 08:07:20,Spot,Sell,BUSD,-195.696476,
96972586,21-03-24 08:07:20,Spot,Sell,BUSD,-185.1555,
96972586,21-03-24 08:07:20,Spot,Fee,LINK,-0.00724,
96972586,21-03-24 08:07:20,Spot,Buy,LINK,6.85,
96972586,21-03-24 08:07:20,Spot,Sell,BUSD,-291.604066,
96972586,21-03-24 08:07:20,Spot,Fee,LINK,-0.01079,
96972586,21-03-24 08:07:20,Spot,Fee,LINK,-0.00685,
96972586,21-03-24 08:07:20,Spot,Buy,LINK,10.79,
96972586,21-03-24 22:16:40,Spot,Deposit,AUD,3400,
96972586,21-03-24 22:57:36,Spot,Sell,AUD,-468.9732,
96972586,21-03-24 22:57:36,Spot,Fee,ETH,-0.00020569,
96972586,21-03-24 22:57:36,Spot,Buy,ETH,0.20569,
96972586,21-03-24 23:02:29,Spot,Sell,AUD,-806.0484,
96972586,21-03-24 23:02:29,Spot,Buy,ETH,0.35353,
96972586,21-03-24 23:02:29,Spot,Fee,ETH,-0.00035353,
96972586,21-03-24 23:05:41,Spot,Sell,AUD,-2124.95679,
96972586,21-03-24 23:05:41,Spot,Fee,ETH,-0.00093159,
96972586,21-03-24 23:05:41,Spot,Buy,ETH,0.93159,
96972586,21-03-25 14:05:38,Cross Margin,Transfer Between Main Account/Futures and Margin Account,CHZ,126.66321,
96972586,21-03-25 14:05:38,Spot,Transfer Between Main Account/Futures and Margin Account,CHZ,-126.66321,
96972586,21-03-25 14:17:08,Cross Margin,Margin Loan,CHZ,253.32642,
96972586,21-03-25 14:18:01,Cross Margin,Fee,USDT,-0.06979199,
96972586,21-03-25 14:18:01,Cross Margin,Buy,USDT,10.504992,
96972586,21-03-25 14:18:01,Cross Margin,Sell,CHZ,-21.9,
96972586,21-03-25 14:18:01,Cross Margin,Buy,USDT,10.840542,
96972586,21-03-25 14:18:01,Cross Margin,Sell,CHZ,-145.5,
96972586,21-03-25 14:18:01,Cross Margin,Sell,CHZ,-22.6,
96972586,21-03-25 14:18:01,Cross Margin,Fee,USDT,-0.01084054,
96972586,21-03-25 14:18:01,Cross Margin,Buy,USDT,69.791985,
96972586,21-03-25 14:18:01,Cross Margin,Fee,USDT,-0.01050499,
96972586,21-03-25 14:41:00,Cross Margin,Sell,USDT,-91.029228,
96972586,21-03-25 14:41:00,Cross Margin,Buy,CHZ,188.4,
96972586,21-03-25 14:41:00,Cross Margin,Fee,CHZ,-0.1884,
96972586,21-03-25 14:41:01,Cross Margin,Margin Repayment,CHZ,-188.2116,
96972586,21-03-25 14:46:53,Cross Margin,Margin Repayment,CHZ,-65.13065291,
96972586,21-03-26 10:34:20,Spot,Deposit,AUD,2000,
96972586,21-03-26 10:36:33,Spot,Sell,AUD,-999.994536,
96972586,21-03-26 10:36:33,Spot,Buy,BTC,0.014544,
96972586,21-03-26 10:36:33,Spot,Fee,BTC,-0.00001454,
96972586,21-03-26 10:38:38,Cross Margin,Transfer Between Main Account/Futures and Margin Account,ETH,0.5,
96972586,21-03-26 10:38:38,Spot,Transfer Between Main Account/Futures and Margin Account,ETH,-0.5,
96972586,21-03-26 10:42:59,Spot,Sell,AUD,-998.73950699,
96972586,21-03-26 10:42:59,Spot,Buy,BTC,0.014543,
96972586,21-03-26 10:42:59,Spot,Fee,BTC,-0.00001454,
96972586,21-03-26 11:14:06,Cross Margin,Margin Loan,BUSD,873.2856318,
96972586,21-03-26 11:14:06,Cross Margin,Fee,ETH,-0.000538,
96972586,21-03-26 11:14:06,Cross Margin,Sell,BUSD,-873.2816,
96972586,21-03-26 11:14:06,Cross Margin,Buy,ETH,0.538,
96972586,21-03-26 11:15:18,Spot,Withdraw,BTC,-0.02905792,Withdraw fee is included
96972586,21-03-26 11:37:29,Cross Margin,Margin Loan,BUSD,437.75405813,
96972586,21-03-26 11:37:29,Cross Margin,Sell,BUSD,-110.49273784,
96972586,21-03-26 11:37:29,Cross Margin,Buy,BTC,0.005,
96972586,21-03-26 11:37:29,Cross Margin,Buy,BTC,0.001253,
96972586,21-03-26 11:37:29,Cross Margin,Fee,BTC,-0.00000212,
96972586,21-03-26 11:37:29,Cross Margin,Fee,BTC,-0.00000125,
96972586,21-03-26 11:37:29,Cross Margin,Sell,BUSD,-261.10365,
96972586,21-03-26 11:37:29,Cross Margin,Fee,BTC,-0.00000001,
96972586,21-03-26 11:37:29,Cross Margin,Buy,BTC,0.002116,
96972586,21-03-26 11:37:29,Cross Margin,Sell,BUSD,-0.67873676,
96972586,21-03-26 11:37:29,Cross Margin,Buy,BTC,0.000013,
96972586,21-03-26 11:37:29,Cross Margin,Fee,BTC,-0.000005,
96972586,21-03-26 11:37:29,Cross Margin,Sell,BUSD,-65.43311348,
96972586,21-03-26 11:46:35,Spot,Transfer Between Main Account/Futures and Margin Account,BUSD,-0.14401881,
96972586,21-03-26 11:46:35,Cross Margin,Transfer Between Main Account/Futures and Margin Account,BUSD,0.14401881,
96972586,21-03-26 11:50:37,Cross Margin,Fee,BTC,-0.00000412,
96972586,21-03-26 11:50:37,Cross Margin,Sell,USDT,-215.50652766,
96972586,21-03-26 11:50:37,Cross Margin,Margin Loan,USDT,215.50522783,
96972586,21-03-26 11:50:37,Cross Margin,Buy,BTC,0.004122,
96972586,21-03-26 11:51:09,Cross Margin,Margin Loan,USDT,216.49875573,
96972586,21-03-26 11:51:09,Cross Margin,Buy,BTC,0.004138,
96972586,21-03-26 11:51:09,Cross Margin,Fee,BTC,-0.00000414,
96972586,21-03-26 11:51:09,Cross Margin,Sell,USDT,-216.462918,
96972586,21-03-26 13:35:16,Cross Margin,Sell,BTC,-0.016625,
96972586,21-03-26 13:35:16,Cross Margin,Buy,USDT,868.15666875,
96972586,21-03-26 13:35:16,Cross Margin,Margin Repayment,USDT,-432.08498432,
96972586,21-03-26 13:35:16,Cross Margin,Fee,USDT,-0.86815667,
96972586,21-03-26 13:42:02,Cross Margin,Margin Repayment,BUSD,-0.19387066,
96972586,21-03-26 13:57:34,Cross Margin,Margin Loan,USDT,420.18922786,
96972586,21-03-26 13:57:41,Cross Margin,Margin Repayment,USDT,-420.18922786,
96972586,21-03-26 14:14:48,Cross Margin,Sell,USDT,-365.82,
96972586,21-03-26 14:14:48,Cross Margin,Buy,BUSD,365.82,
96972586,21-03-26 14:14:48,Cross Margin,Sell,USDT,-69.42,
96972586,21-03-26 14:14:48,Cross Margin,Buy,BUSD,69.42,
96972586,21-03-26 14:14:49,Cross Margin,Margin Repayment,BUSD,-435.24,
96972586,21-03-26 14:17:32,Cross Margin,Sell,ETH,-0.07682,
96972586,21-03-26 14:17:32,Cross Margin,Sell,ETH,-0.46514,
96972586,21-03-26 14:17:32,Cross Margin,Buy,BUSD,124.1557158,
96972586,21-03-26 14:17:32,Cross Margin,Buy,BUSD,751.7546166,
96972586,21-03-26 14:17:32,Cross Margin,Fee,BUSD,-0.75175462,
96972586,21-03-26 14:17:32,Cross Margin,Fee,BUSD,-0.12415572,
96972586,21-03-26 14:17:33,Cross Margin,Margin Repayment,BUSD,-788.20755901,
96972586,21-03-26 14:20:42,Cross Margin,Margin Repayment,BUSD,-86.82686305,
96972586,21-03-26 14:21:05,Cross Margin,Margin Repayment,USDT,-0.01521914,
96972586,21-03-26 14:54:20,Spot,Sell,ETH,-0.1341,
96972586,21-03-26 14:54:20,Spot,Buy,BUSD,217.622844,
96972586,21-03-26 14:54:20,Spot,Sell,ETH,-0.85521,
96972586,21-03-26 14:54:20,Spot,Buy,BUSD,1387.8689964,
96972586,21-03-26 15:17:24,Cross Margin,Small Assets Exchange BNB,BTC,-0.00000036,
96972586,21-03-26 15:17:24,Cross Margin,Small Assets Exchange BNB,BNB,0.0000767,
96972586,21-03-26 15:26:29,Cross Margin,Transfer Between Main Account/Futures and Margin Account,BUSD,10,
96972586,21-03-26 15:26:29,Spot,Transfer Between Main Account/Futures and Margin Account,BUSD,-10,
96972586,21-03-26 16:05:50,Spot,Binance Convert,BUSD,-1590,
96972586,21-03-26 16:05:50,Spot,Binance Convert,ETH,0.98128159,
96972586,21-03-26 17:55:55,Cross Margin,Margin Repayment,BUSD,-0.87735751,
96972586,21-03-26 17:59:37,Spot,Transfer Between Main Account/Futures and Margin Account,ONE,-1,
96972586,21-03-26 17:59:37,Isolated Margin,Transfer Between Main Account/Futures and Margin Account,ONE,1,
96972586,21-03-26 18:07:14,Spot,Binance Convert,USDT,10,
96972586,21-03-26 18:07:14,Spot,Binance Convert,ETH,-0.00614251,
96972586,21-03-26 18:10:10,Spot,Transfer Between Main Account/Futures and Margin Account,USDT,-10.001313,
96972586,21-03-26 18:10:10,Cross Margin,Transfer Between Main Account/Futures and Margin Account,USDT,10.001313,
96972586,21-03-26 18:10:25,Cross Margin,Margin Repayment,USDT,-0.01104504,
96972586,21-03-26 18:12:09,Spot,Transfer Between Main Account/Futures and Margin Account,ETH,0.495502,
96972586,21-03-26 18:12:09,Cross Margin,Transfer Between Main Account/Futures and Margin Account,ETH,-0.495502,
96972586,21-03-26 18:12:47,Spot,Transfer Between Main Account/Futures and Margin Account,USDT,9.99026796,
96972586,21-03-26 18:12:47,Cross Margin,Transfer Between Main Account/Futures and Margin Account,USDT,-9.99026796,
96972586,21-03-26 18:12:57,Cross Margin,Transfer Between Main Account/Futures and Margin Account,BUSD,-9.12264249,
96972586,21-03-26 18:12:57,Spot,Transfer Between Main Account/Futures and Margin Account,BUSD,9.12264249,
96972586,21-03-26 18:13:06,Cross Margin,Transfer Between Main Account/Futures and Margin Account,CHZ,-124.85897709,
96972586,21-03-26 18:13:06,Spot,Transfer Between Main Account/Futures and Margin Account,CHZ,124.85897709,
96972586,21-03-26 18:13:53,Cross Margin,Transfer Between Main Account/Futures and Margin Account,BNB,-0.0000758,
96972586,21-03-26 18:13:53,Spot,Transfer Between Main Account/Futures and Margin Account,BNB,0.0000758,
96972586,21-03-26 18:15:26,Spot,Small Assets Exchange BNB,BNB,0.00387393,
96972586,21-03-26 18:15:26,Spot,Small Assets Exchange BNB,AUD,-1.28756701,
96972586,21-03-26 18:15:26,Spot,Small Assets Exchange BNB,BUSD,-14.61448289,
96972586,21-03-26 18:15:26,Spot,Small Assets Exchange BNB,USDT,-9.99026796,
96972586,21-03-26 18:15:26,Spot,Small Assets Exchange BNB,BNB,0.05802679,
96972586,21-03-26 18:15:26,Spot,Small Assets Exchange BNB,BNB,0.03967496,
96972586,21-03-26 18:16:30,Spot,Buy,ETH,0.0151053,
96972586,21-03-26 18:16:30,Spot,Sell,BNB,-0.1,
96972586,21-03-26 18:16:30,Spot,Fee,ETH,-0.00001511,
96972586,21-03-26 18:33:15,Spot,Withdraw,ETH,-1.48574046,Withdraw fee is included
96972586,21-03-26 18:33:29,Spot,Withdraw,LINK,-24.85512,Withdraw fee is included
96972586,21-03-27 21:13:12,Spot,Deposit,AUD,1000,
96972586,21-03-27 21:15:58,Spot,Buy,BNB,2.887,
96972586,21-03-27 21:15:58,Spot,Sell,AUD,-27.272376,
96972586,21-03-27 21:15:58,Spot,Fee,BNB,-0.002887,
96972586,21-03-27 21:15:58,Spot,Buy,BNB,0.081,
96972586,21-03-27 21:15:58,Spot,Sell,AUD,-972.231894,
96972586,21-03-27 21:15:58,Spot,Fee,BNB,-0.000081,
96972586,21-03-27 21:16:43,Spot,Buy,THETA,63,
96972586,21-03-27 21:16:43,Spot,Fee,THETA,-0.063,
96972586,21-03-27 21:16:43,Spot,Sell,BNB,-2.92572,
96972586,21-03-27 21:24:38,Spot,Buy,USDT,104.594608,
96972586,21-03-27 21:24:38,Spot,Sell,UTK,-187.58,
96972586,21-03-27 21:24:38,Spot,Fee,USDT,-0.10459461,
96972586,21-03-27 21:25:21,Spot,Binance Convert,USDT,-104.49001339,
96972586,21-03-27 21:25:21,Spot,Binance Convert,ETH,0.06196297,
96972586,21-03-27 21:32:41,Spot,Small Assets Exchange BNB,UTK,-0.00223,
96972586,21-03-27 21:32:41,Spot,Small Assets Exchange BNB,BNB,0.00143403,
96972586,21-03-27 21:32:41,Spot,Small Assets Exchange BNB,BNB,0.00000473,
96972586,21-03-27 21:32:41,Spot,Small Assets Exchange BNB,AUD,-0.49573,
96972586,21-03-27 21:39:04,Spot,Withdraw,ETH,-0.06,Withdraw fee is included
96972586,21-03-27 21:50:48,Spot,Fee,BTC,-0.00000019,
96972586,21-03-27 21:50:48,Spot,Sell,BNB,-0.04,
96972586,21-03-27 21:50:48,Spot,Buy,BTC,0.00018836,
96972586,21-03-27 21:55:26,Spot,Fee,GO,-0.171,
96972586,21-03-27 21:55:26,Spot,Buy,GO,171,
96972586,21-03-27 21:55:26,Spot,Sell,BTC,-0.0001881,
96972586,21-03-27 22:03:01,Spot,Withdraw,GO,-5,Withdraw fee is included
96972586,21-03-28 17:08:36,Spot,Small Assets Exchange BNB,BTC,-0.00000007,
96972586,21-03-28 17:08:36,Spot,Small Assets Exchange BNB,BNB,0.03403497,
96972586,21-03-28 17:08:36,Spot,Small Assets Exchange BNB,BNB,0.00001394,
96972586,21-03-28 17:08:36,Spot,Small Assets Exchange BNB,GO,-165.829,
96972586,21-03-28 17:14:52,Spot,Sell,CHZ,-124.8,
96972586,21-03-28 17:14:52,Spot,Fee,USDT,-0.06557366,
96972586,21-03-28 17:14:52,Spot,Buy,USDT,65.573664,
96972586,21-03-28 17:15:13,Spot,Fee,USDT,-0.07928532,
96972586,21-03-28 17:15:13,Spot,Fee,USDT,-0.01322591,
96972586,21-03-28 17:15:13,Spot,Sell,ONE,-452,
96972586,21-03-28 17:15:13,Spot,Sell,ONE,-75.4,
96972586,21-03-28 17:15:13,Spot,Buy,USDT,79.28532,
96972586,21-03-28 17:15:13,Spot,Buy,USDT,13.225914,
96972586,21-03-28 17:21:16,Spot,Withdraw,USDT,-157.92681311,Withdraw fee is included
96972586,21-03-29 08:52:44,Spot,Small Assets Exchange BNB,CHZ,-0.05897709,
96972586,21-03-29 08:52:44,Spot,Small Assets Exchange BNB,BNB,0.00011563,
96972586,21-03-29 08:52:44,Spot,Small Assets Exchange BNB,BNB,0.00005328,
96972586,21-03-29 08:52:44,Spot,Small Assets Exchange BNB,BNB,0.01209667,
96972586,21-03-29 08:52:44,Spot,Small Assets Exchange BNB,ONE,-0.071,
96972586,21-03-29 08:52:44,Spot,Small Assets Exchange BNB,ETH,-0.00196297,
96972586,21-03-30 15:16:08,Spot,Deposit,AUD,80,
96972586,21-03-30 15:19:27,Spot,Buy,BTC,0.001064,
96972586,21-03-30 15:19:27,Spot,Fee,BTC,-0.00000106,
96972586,21-03-30 15:19:27,Spot,Sell,AUD,-79.96728208,
96972586,21-03-30 15:20:05,Spot,Sell,BTC,-0.001062,
96972586,21-03-30 15:20:05,Spot,Fee,USDT,-0.06095445,
96972586,21-03-30 15:20:05,Spot,Buy,USDT,60.9544458,
96972586,21-03-30 15:20:58,Spot,Buy,WIN,134468,
96972586,21-03-30 15:20:58,Spot,Sell,USDT,-9.34324992,
96972586,21-03-30 15:20:58,Spot,Buy,WIN,24372,
96972586,21-03-30 15:20:58,Spot,Fee,WIN,-24.372,
96972586,21-03-30 15:20:58,Spot,Sell,USDT,-51.54965248,
96972586,21-03-30 15:20:58,Spot,Fee,WIN,-134.468,
96972586,21-03-30 16:14:20,Spot,Small Assets Exchange BNB,BNB,0.00008942,
96972586,21-03-30 16:14:20,Spot,Small Assets Exchange BNB,BNB,0.00019342,
96972586,21-03-30 16:14:20,Spot,Small Assets Exchange BNB,BNB,0.0000021,
96972586,21-03-30 16:14:20,Spot,Small Assets Exchange BNB,AUD,-0.03271792,
96972586,21-03-30 16:14:20,Spot,Small Assets Exchange BNB,USDT,-0.00058895,
96972586,21-03-30 16:14:20,Spot,Small Assets Exchange BNB,BTC,-0.00000094,
96972586,21-03-31 14:56:21,Spot,Fee,USDT,-0.01057142,
96972586,21-03-31 14:56:21,Spot,Sell,THETA,-12.6,
96972586,21-03-31 14:56:21,Spot,Fee,USDT,-0.15321384,
96972586,21-03-31 14:56:21,Spot,Fee,USDT,-0.16642193,
96972586,21-03-31 14:56:21,Spot,Fee,USDT,-0.35397654,
96972586,21-03-31 14:56:21,Spot,Sell,THETA,-11.1,
96972586,21-03-31 14:56:21,Spot,Sell,THETA,-11.6,
96972586,21-03-31 14:56:21,Spot,Buy,USDT,153.213844,
96972586,21-03-31 14:56:21,Spot,Buy,USDT,10.571424,
96972586,21-03-31 14:56:21,Spot,Buy,USDT,166.421934,
96972586,21-03-31 14:56:21,Spot,Sell,THETA,-0.8,
96972586,21-03-31 14:56:21,Spot,Buy,USDT,353.976544,
96972586,21-03-31 14:56:21,Spot,Sell,THETA,-26.8,
96972586,21-03-31 14:56:21,Spot,Fee,USDT,-0.1466098,
96972586,21-03-31 14:56:21,Spot,Buy,USDT,146.609799,
96972586,21-03-31 15:05:11,Spot,Fee,ADA,-0.6956,
96972586,21-03-31 15:05:11,Spot,Buy,ADA,695.6,
96972586,21-03-31 15:05:11,Spot,Sell,USDT,-829.913404,
96972586,21-03-31 15:05:33,Spot,Small Assets Exchange BNB,BNB,0.00015927,
96972586,21-03-31 15:05:33,Spot,Small Assets Exchange BNB,BNB,0.00156853,
96972586,21-03-31 15:05:33,Spot,Small Assets Exchange BNB,USDT,-0.04934747,
96972586,21-03-31 15:05:33,Spot,Small Assets Exchange BNB,THETA,-0.037,
96972586,21-04-01 11:37:07,Spot,Deposit,AUD,17000,
96972586,21-04-01 11:50:19,Spot,Sell,AUD,-16885.90544751,
96972586,21-04-01 11:50:19,Spot,Fee,BTC,-0.00021608,
96972586,21-04-01 11:50:19,Spot,Buy,BTC,0.001459,
96972586,21-04-01 11:50:19,Spot,Buy,BTC,0.216077,
96972586,21-04-01 11:50:19,Spot,Fee,BTC,-0.00000146,
96972586,21-04-01 11:50:19,Spot,Sell,AUD,-114.01731922,
96972586,21-04-01 17:16:07,Spot,Deposit,VET,110000,
96972586,21-04-01 17:21:02,Spot,Buy,BTC,0.01336302,
96972586,21-04-01 17:21:02,Spot,Fee,BTC,-0.00002345,
96972586,21-04-01 17:21:02,Spot,Fee,BTC,-0.00001336,
96972586,21-04-01 17:21:02,Spot,Fee,BTC,-0.0000557,
96972586,21-04-01 17:21:02,Spot,Sell,VET,-15327,
96972586,21-04-01 17:21:02,Spot,Buy,BTC,0.02344878,
96972586,21-04-01 17:21:02,Spot,Buy,BTC,0.02345031,
96972586,21-04-01 17:21:02,Spot,Fee,BTC,-0.00002345,
96972586,21-04-01 17:21:02,Spot,Fee,BTC,-0.00000543,
96972586,21-04-01 17:21:02,Spot,Sell,VET,-3551,
96972586,21-04-01 17:21:02,Spot,Buy,BTC,0.02345031,
96972586,21-04-01 17:21:02,Spot,Sell,VET,-15327,
96972586,21-04-01 17:21:02,Spot,Fee,BTC,-0.00002345,
96972586,21-04-01 17:21:02,Spot,Buy,BTC,0.02345031,
96972586,21-04-01 17:21:02,Spot,Sell,VET,-8734,
96972586,21-04-01 17:21:02,Spot,Sell,VET,-15326,
96972586,21-04-01 17:21:02,Spot,Sell,VET,-36408,
96972586,21-04-01 17:21:02,Spot,Buy,BTC,0.05570424,
96972586,21-04-01 17:21:02,Spot,Buy,BTC,0.00543303,
96972586,21-04-01 17:21:02,Spot,Sell,VET,-15327,
96972586,21-04-01 17:21:02,Spot,Fee,BTC,-0.00002345,
96972586,21-04-01 20:51:21,Spot,Withdraw,BTC,-0.38545017,Withdraw fee is included
96972586,21-04-07 07:22:07,Spot,Sell,WIN,-92261,
96972586,21-04-07 07:22:07,Spot,Buy,USDT,52.1065925,
96972586,21-04-07 07:22:07,Spot,Buy,USDT,179.90895,
96972586,21-04-07 07:22:07,Spot,Fee,USDT,-0.05210659,
96972586,21-04-07 07:22:07,Spot,Sell,WIN,-26750,
96972586,21-04-07 07:22:07,Spot,Fee,USDT,-0.17990895,
96972586,21-04-07 07:22:36,Spot,Fee,ADA,-0.1866,
96972586,21-04-07 07:22:36,Spot,Buy,ADA,186.6,
96972586,21-04-07 07:22:36,Spot,Sell,USDT,-231.63591,
96972586,21-04-14 14:56:38,Spot,Deposit,USDT,7543.17649,
96972586,21-04-14 14:57:17,Spot,Sell,USDT,-7543.193016,
96972586,21-04-14 14:57:17,Spot,Buy,ADA,4927.1,
96972586,21-04-14 14:57:17,Spot,Fee,ADA,-4.9271,
96972586,21-04-14 22:34:09,Spot,Deposit,VET,18000,
96972586,21-04-14 22:34:40,Spot,Sell,VET,-18000,
96972586,21-04-14 22:34:40,Spot,Fee,USDT,-2.943774,
96972586,21-04-14 22:34:40,Spot,Buy,USDT,2943.774,
96972586,21-04-15 14:33:02,Spot,Withdraw,ADA,-5803.4907,Withdraw fee is included
96972586,21-04-16 23:48:04,Spot,Fee,VET,-0.621,
96972586,21-04-16 23:48:04,Spot,Sell,USDT,-99.981,
96972586,21-04-16 23:48:04,Spot,Fee,VET,-9.906,
96972586,21-04-16 23:48:04,Spot,Sell,USDT,-483,
96972586,21-04-16 23:48:04,Spot,Sell,USDT,-614.537,
96972586,21-04-16 23:48:04,Spot,Sell,USDT,-1594.866,
96972586,21-04-16 23:48:04,Spot,Sell,USDT,-148.442,
96972586,21-04-16 23:48:04,Spot,Buy,VET,922,
96972586,21-04-16 23:48:04,Spot,Buy,VET,621,
96972586,21-04-16 23:48:04,Spot,Buy,VET,3000,
96972586,21-04-16 23:48:04,Spot,Fee,VET,-0.922,
96972586,21-04-16 23:48:04,Spot,Buy,VET,9906,
96972586,21-04-16 23:48:04,Spot,Buy,VET,3817,
96972586,21-04-16 23:48:04,Spot,Fee,VET,-3.817,
96972586,21-04-16 23:48:04,Spot,Fee,VET,-3,
96972586,21-04-19 14:00:04,Spot,Withdraw,VET,-18247.734,Withdraw fee is included
96972586,21-05-09 17:21:48,Spot,Deposit,AUD,2150,
96972586,21-05-09 17:23:03,Spot,Buy,ETH,0.41993,
96972586,21-05-09 17:23:03,Spot,Sell,AUD,-2150.0374007,
96972586,21-05-09 17:23:03,Spot,Fee,ETH,-0.00041993,
96972586,21-05-09 17:35:03,Spot,Withdraw,ETH,-0.41951007,Withdraw fee is included
96972586,21-05-13 08:58:15,Spot,Small Assets Exchange BNB,USDT,-0.13531696,
96972586,21-05-13 08:58:15,Spot,Small Assets Exchange BNB,BNB,0.00020849,
96972586,21-05-13 08:58:15,Spot,Small Assets Exchange BNB,AUD,-0.03983257,
96972586,21-05-13 08:58:15,Spot,Small Assets Exchange BNB,BNB,0.00004702,
96972586,21-05-14 11:14:35,Spot,Deposit,AUD,3700,
96972586,21-05-14 14:43:17,Spot,Fee,ETH,-0.00075329,
96972586,21-05-14 14:43:17,Spot,Buy,ETH,0.75329,
96972586,21-05-14 14:43:17,Spot,Sell,AUD,-3699.9721575,
96972586,21-05-16 08:12:37,Spot,Deposit,AUD,5000,
96972586,21-05-16 08:14:19,Spot,Fee,ETH,-0.00101204,
96972586,21-05-16 08:14:19,Spot,Sell,AUD,-4999.9937404,
96972586,21-05-16 08:14:19,Spot,Buy,ETH,1.01204,
96972586,21-05-18 04:24:40,Spot,Deposit,BUSD,70000,
96972586,21-05-19 00:03:07,Spot,Sell,BUSD,-110.48751,
96972586,21-05-19 00:03:07,Spot,Buy,ETH,0.03339,
96972586,21-05-19 00:03:12,Spot,Sell,BUSD,-9673.59678,
96972586,21-05-19 00:03:12,Spot,Buy,ETH,2.92342,
96972586,21-05-19 00:03:12,Spot,Buy,ETH,2.33179,
96972586,21-05-19 00:03:12,Spot,Sell,BUSD,-7715.89311,
96972586,21-05-19 15:26:08,Spot,Buy,ETH,0.61946,
96972586,21-05-19 15:26:08,Spot,Sell,BUSD,-1870.7692,
96972586,21-05-19 15:26:10,Spot,Buy,ETH,0.46452,
96972586,21-05-19 15:26:10,Spot,Sell,BUSD,-1402.8504,
96972586,21-05-19 15:26:10,Spot,Sell,BUSD,-253.378,
96972586,21-05-19 15:26:10,Spot,Buy,ETH,3.1975,
96972586,21-05-19 15:26:10,Spot,Buy,ETH,3.25,
96972586,21-05-19 15:26:10,Spot,Sell,BUSD,-9030.102,
96972586,21-05-19 15:26:10,Spot,Buy,ETH,3.25,
96972586,21-05-19 15:26:10,Spot,Buy,ETH,0.91859,
96972586,21-05-19 15:26:10,Spot,Buy,ETH,2.9901,
96972586,21-05-19 15:26:10,Spot,Sell,BUSD,-2774.1418,
96972586,21-05-19 15:26:10,Spot,Buy,ETH,2.56606,
96972586,21-05-19 15:26:10,Spot,Buy,ETH,0.0839,
96972586,21-05-19 15:26:10,Spot,Sell,BUSD,-9656.45,
96972586,21-05-19 15:26:10,Spot,Sell,BUSD,-9815,
96972586,21-05-19 15:26:10,Spot,Sell,BUSD,-7749.5012,
96972586,21-05-19 15:26:10,Spot,Sell,BUSD,-9815,
96972586,21-05-19 20:10:28,Spot,Small Assets Exchange BNB,AUD,-0.0341021,
96972586,21-05-19 20:10:28,Spot,Small Assets Exchange BNB,BNB,0.00005958,
96972586,21-05-19 20:15:09,Spot,Sell,BUSD,-132.82661,
96972586,21-05-19 20:15:09,Spot,Fee,VET,-0.9706,
96972586,21-05-19 20:15:09,Spot,Buy,VET,970.6,
96972586,21-05-19 20:19:04,Spot,Withdraw,ETH,-24.39229467,Withdraw fee is included
96972586,21-05-20 14:46:12,Spot,Small Assets Exchange BNB,BUSD,-0.00339,
96972586,21-05-20 14:46:12,Spot,Small Assets Exchange BNB,BNB,0.00000947,
96972586,21-05-25 11:26:30,Spot,Deposit,AUD,3000,
96972586,21-05-25 11:27:08,Spot,Buy,ADA,371.213,
96972586,21-05-25 11:27:08,Spot,Fee,ADA,-0.371213,
96972586,21-05-25 11:27:08,Spot,Sell,AUD,-2231.58834,
96972586,21-05-25 11:27:08,Spot,Buy,ADA,1078.062,
96972586,21-05-25 11:27:08,Spot,Fee,ADA,-1.078062,
96972586,21-05-25 11:27:08,Spot,Sell,AUD,-768.41091,
96972586,21-05-25 16:40:20,Spot,Small Assets Exchange BNB,AUD,-0.00075,
96972586,21-05-25 16:40:20,Spot,Small Assets Exchange BNB,BNB,0.00000161,
96972586,21-05-25 16:42:02,Spot,Withdraw,VET,-969.6294,Withdraw fee is included
96972586,21-05-25 17:32:02,Spot,Withdraw,ADA,-1447.825725,Withdraw fee is included
96972586,21-05-31 17:32:04,Spot,Deposit,AUD,450,
96972586,21-06-01 09:19:37,Spot,Fee,ADA,-0.044668,
96972586,21-06-01 09:19:37,Spot,Buy,ADA,62.392,
96972586,21-06-01 09:19:37,Spot,Buy,ADA,61.993,
96972586,21-06-01 09:19:37,Spot,Buy,ADA,30.062,
96972586,21-06-01 09:19:37,Spot,Sell,AUD,-141.00592,
96972586,21-06-01 09:19:37,Spot,Sell,AUD,-67.94012,
96972586,21-06-01 09:19:37,Spot,Buy,ADA,44.668,
96972586,21-06-01 09:19:37,Spot,Sell,AUD,-100.94968,
96972586,21-06-01 09:19:37,Spot,Fee,ADA,-0.030062,
96972586,21-06-01 09:19:37,Spot,Fee,ADA,-0.061993,
96972586,21-06-01 09:19:37,Spot,Fee,ADA,-0.062392,
96972586,21-06-01 09:19:37,Spot,Sell,AUD,-140.10418,
96972586,21-06-01 17:00:03,Spot,Withdraw,ADA,-198.915885,Withdraw fee is included
96972586,21-06-03 08:20:05,Spot,Deposit,AUD,1000,
96972586,21-06-03 08:23:04,Spot,Sell,AUD,-999.9691616,
96972586,21-06-03 08:23:04,Spot,Fee,ETH,-0.00028528,
96972586,21-06-03 08:23:04,Spot,Buy,ETH,0.28528,
96972586,21-06-03 08:29:03,Spot,Withdraw,ETH,-0.28499472,Withdraw fee is included
96972586,21-06-16 14:08:19,Spot,Deposit,AUD,25000,
96972586,21-06-16 21:04:17,Spot,Buy,BTC,0.47985,
96972586,21-06-16 21:04:17,Spot,Fee,BTC,-0.00000001,
96972586,21-06-16 21:04:17,Spot,Fee,BTC,-0.00047985,
96972586,21-06-16 21:04:17,Spot,Buy,BTC,0.000004,
96972586,21-06-16 21:04:17,Spot,Sell,AUD,-24520.335,
96972586,21-06-16 21:04:17,Spot,Sell,AUD,-0.2044,
96972586,21-06-17 06:28:00,Spot,Deposit,AUD,1000,
96972586,21-06-17 06:28:20,Spot,Fee,BTC,-0.00002932,
96972586,21-06-17 06:28:20,Spot,Sell,AUD,-1479.40580645,
96972586,21-06-17 06:28:20,Spot,Buy,BTC,0.029315,
96972586,21-06-17 12:31:04,Spot,Deposit,AUD,24000,
96972586,21-06-17 14:18:40,Spot,Sell,AUD,-1422.3708967,
96972586,21-06-17 14:18:40,Spot,Buy,BTC,0.027803,
96972586,21-06-17 14:18:40,Spot,Buy,BTC,0.071574,
96972586,21-06-17 14:18:40,Spot,Buy,BTC,0.240132,
96972586,21-06-17 14:18:40,Spot,Fee,BTC,-0.0000278,
96972586,21-06-17 14:18:40,Spot,Sell,AUD,-3662.79801852,
96972586,21-06-17 14:18:40,Spot,Sell,AUD,-12289.95576,
96972586,21-06-17 14:18:40,Spot,Fee,BTC,-0.00012944,
96972586,21-06-17 14:18:40,Spot,Fee,BTC,-0.00007157,
96972586,21-06-17 14:18:40,Spot,Fee,BTC,-0.00024013,
96972586,21-06-17 14:18:40,Spot,Buy,BTC,0.129444,
96972586,21-06-17 14:18:40,Spot,Sell,AUD,-6624.94262556,
96972586,21-06-17 14:33:04,Spot,Withdraw,BTC,-0.97714388,Withdraw fee is included
96972586,21-06-23 12:39:35,Spot,Deposit,AUD,25000,
96972586,21-06-23 12:40:41,Spot,Buy,BTC,0.054331,
96972586,21-06-23 12:40:41,Spot,Sell,AUD,-22549.675,
96972586,21-06-23 12:40:41,Spot,Sell,AUD,-2450.3281,
96972586,21-06-23 12:40:41,Spot,Buy,BTC,0.5,
96972586,21-06-23 12:40:41,Spot,Fee,BTC,-0.00005433,
96972586,21-06-23 12:40:41,Spot,Fee,BTC,-0.0005,
96972586,21-06-24 10:41:51,Spot,Deposit,AUD,25000,
96972586,21-06-24 10:42:22,Spot,Transaction Fee,BTC,-0.00003475,
96972586,21-06-24 10:42:22,Spot,Sell,AUD,-10274.521536,
96972586,21-06-24 10:42:22,Spot,Transaction Buy,BTC,0.034754,
96972586,21-06-24 10:42:22,Spot,Transaction Spend,AUD,-13190.27922804,
96972586,21-06-24 10:42:22,Spot,Fee,BTC,-0.0002327,
96972586,21-06-24 10:42:22,Spot,Transaction Fee,BTC,-0.00029876,
96972586,21-06-24 10:42:22,Spot,Transaction Buy,BTC,0.298758,
96972586,21-06-24 10:42:22,Spot,Transaction Spend,AUD,-1534.40195898,
96972586,21-06-24 10:42:22,Spot,Buy,BTC,0.232704,
96972586,21-06-25 11:42:32,Spot,Deposit,AUD,850,
96972586,21-06-25 11:42:45,Spot,Transaction Spend,AUD,-850.338727,
96972586,21-06-25 11:42:45,Spot,Transaction Buy,ADA,472.673,
96972586,21-06-25 11:42:45,Spot,Transaction Fee,ADA,-0.472673,
96972586,21-06-27 09:15:48,Spot,Deposit,AUD,25000,
96972586,21-06-27 09:42:29,Spot,Transaction Fee,MATIC,-0.12,
96972586,21-06-27 09:42:29,Spot,Transaction Buy,MATIC,80,
96972586,21-06-27 09:42:29,Spot,Transaction Spend,AUD,-287.5882,
96972586,21-06-27 09:42:29,Spot,Transaction Spend,AUD,-45.9998,
96972586,21-06-27 09:42:29,Spot,Transaction Buy,MATIC,3555.1,
96972586,21-06-27 09:42:29,Spot,Transaction Spend,AUD,-74.306,
96972586,21-06-27 09:42:29,Spot,Transaction Spend,AUD,-3067.988,
96972586,21-06-27 09:42:29,Spot,Transaction Fee,MATIC,-0.0073,
96972586,21-06-27 09:42:29,Spot,Transaction Spend,AUD,-10.3295,
96972586,21-06-27 09:42:29,Spot,Transaction Spend,AUD,-114.64,
96972586,21-06-27 09:42:29,Spot,Transaction Fee,MATIC,-0.053,
96972586,21-06-27 09:42:29,Spot,Transaction Spend,AUD,-2400.4,
96972586,21-06-27 09:42:29,Spot,Transaction Buy,MATIC,730.5,
96972586,21-06-27 09:42:29,Spot,Transaction Fee,MATIC,-0.08,
96972586,21-06-27 09:42:29,Spot,Transaction Spend,AUD,-16.1438,
96972586,21-06-27 09:42:29,Spot,Transaction Spend,AUD,-53.85,
96972586,21-06-27 09:42:29,Spot,Transaction Buy,MATIC,90,
96972586,21-06-27 09:42:29,Spot,Transaction Buy,MATIC,120,
96972586,21-06-27 09:42:29,Spot,Transaction Fee,MATIC,-3.5963,
96972586,21-06-27 09:42:29,Spot,Transaction Buy,MATIC,3555.2,
96972586,21-06-27 09:42:29,Spot,Transaction Fee,MATIC,-0.06,
96972586,21-06-27 09:42:29,Spot,Transaction Buy,MATIC,450.5,
96972586,21-06-27 09:42:29,Spot,Transaction Fee,MATIC,-0.4505,
96972586,21-06-27 09:42:29,Spot,Transaction Fee,MATIC,-0.0106,
96972586,21-06-27 09:42:29,Spot,Transaction Buy,MATIC,1700,
96972586,21-06-27 09:42:29,Spot,Transaction Buy,MATIC,1992.2,
96972586,21-06-27 09:42:29,Spot,Transaction Fee,MATIC,-0.12,
96972586,21-06-27 09:42:29,Spot,Transaction Buy,MATIC,120,
96972586,21-06-27 09:42:29,Spot,Transaction Buy,MATIC,120,
96972586,21-06-27 09:42:29,Spot,Transaction Buy,MATIC,3596.3,
96972586,21-06-27 09:42:29,Spot,Transaction Spend,AUD,-5214.635,
96972586,21-06-27 09:42:29,Spot,Transaction Spend,AUD,-135,
96972586,21-06-27 09:42:29,Spot,Transaction Buy,MATIC,198.2,
96972586,21-06-27 09:42:29,Spot,Transaction Buy,MATIC,62.8,
96972586,21-06-27 09:42:29,Spot,Transaction Fee,MATIC,-0.08,
96972586,21-06-27 09:42:29,Spot,Transaction Buy,MATIC,53,
96972586,21-06-27 09:42:29,Spot,Transaction Fee,MATIC,-1.9922,
96972586,21-06-27 09:42:29,Spot,Transaction Fee,MATIC,-0.0359,
96972586,21-06-27 09:42:29,Spot,Transaction Fee,MATIC,-3.5552,
96972586,21-06-27 09:42:29,Spot,Transaction Buy,MATIC,80,
96972586,21-06-27 09:42:29,Spot,Transaction Buy,MATIC,120,
96972586,21-06-27 09:42:29,Spot,Transaction Buy,MATIC,31.9,
96972586,21-06-27 09:42:29,Spot,Transaction Spend,AUD,-113.6,
96972586,21-06-27 09:42:29,Spot,Transaction Fee,MATIC,-0.0319,
96972586,21-06-27 09:42:29,Spot,Transaction Spend,AUD,-5261.548,
96972586,21-06-27 09:42:29,Spot,Transaction Spend,AUD,-182.28,
96972586,21-06-27 09:42:29,Spot,Transaction Fee,MATIC,-0.1982,
96972586,21-06-27 09:42:29,Spot,Transaction Spend,AUD,-648.72,
96972586,21-06-27 09:42:29,Spot,Transaction Fee,MATIC,-1.7,
96972586,21-06-27 09:42:29,Spot,Transaction Spend,AUD,-86.82,
96972586,21-06-27 09:42:29,Spot,Transaction Spend,AUD,-176.04,
96972586,21-06-27 09:42:29,Spot,Transaction Spend,AUD,-90.432,
96972586,21-06-27 09:42:29,Spot,Transaction Spend,AUD,-180.84,
96972586,21-06-27 09:42:29,Spot,Transaction Fee,MATIC,-0.0628,
96972586,21-06-27 09:42:29,Spot,Transaction Fee,MATIC,-3.5551,
96972586,21-06-27 09:42:29,Spot,Transaction Fee,MATIC,-0.7305,
96972586,21-06-27 09:42:29,Spot,Transaction Buy,MATIC,136.1,
96972586,21-06-27 09:42:29,Spot,Transaction Fee,MATIC,-0.09,
96972586,21-06-27 09:42:29,Spot,Transaction Spend,AUD,-5403.904,
96972586,21-06-27 09:42:29,Spot,Transaction Buy,MATIC,7.3,
96972586,21-06-27 09:42:29,Spot,Transaction Buy,MATIC,10.6,
96972586,21-06-27 09:42:29,Spot,Transaction Spend,AUD,-1059.225,
96972586,21-06-27 09:42:29,Spot,Transaction Fee,MATIC,-0.12,
96972586,21-06-27 09:42:29,Spot,Transaction Fee,MATIC,-0.12,
96972586,21-06-27 09:42:29,Spot,Transaction Buy,MATIC,35.9,
96972586,21-06-27 09:42:29,Spot,Transaction Fee,MATIC,-0.1361,
96972586,21-06-27 09:42:29,Spot,Transaction Spend,AUD,-192.3093,
96972586,21-06-27 09:42:29,Spot,Transaction Spend,AUD,-183.84,
96972586,21-06-27 09:42:29,Spot,Transaction Buy,MATIC,60,
96972586,21-06-27 16:43:02,Spot,Withdraw,MATIC,-16888.6944,Withdraw fee is included
96972586,21-06-27 20:39:13,Spot,Withdraw,BTC,-1.11942646,Withdraw fee is included
96972586,21-06-28 11:17:48,Spot,Transaction Fee,ETH,-0.00000746,
96972586,21-06-28 11:17:48,Spot,Transaction Revenue,ETH,0.00746181,
96972586,21-06-28 11:17:48,Spot,Transaction Sold,BNB,-0.051,
96972586,21-06-28 11:27:02,Spot,Withdraw,ADA,-472.200327,Withdraw fee is included
96972586,21-06-28 11:36:28,Spot,Deposit,AUD,25000,
96972586,21-06-28 12:21:22,Spot,Transaction Buy,BTC,0.000077,
96972586,21-06-28 12:21:22,Spot,Transaction Fee,BTC,-0.00000008,
96972586,21-06-28 12:21:22,Spot,Transaction Spend,AUD,-3.501421,
96972586,21-06-28 12:21:22,Spot,Transaction Buy,BTC,0.5497,
96972586,21-06-28 12:21:22,Spot,Transaction Spend,AUD,-24996.5081,
96972586,21-06-28 12:21:22,Spot,Transaction Fee,BTC,-0.0005497,
96972586,21-06-28 12:40:02,Spot,Withdraw,BTC,-0.54922722,Withdraw fee is included
96972586,21-07-01 13:41:02,Spot,Deposit,AUD,100,
96972586,21-07-01 13:42:38,Spot,Transaction Buy,BTC,0.002188,
96972586,21-07-01 13:42:38,Spot,Transaction Fee,BTC,-0.00000219,
96972586,21-07-01 13:42:38,Spot,Transaction Spend,AUD,-99.95344128,
96972586,21-07-03 10:36:45,Spot,Deposit,AUD,4860,
96972586,21-07-03 10:36:58,Spot,Transaction Fee,MATIC,-0.0003,
96972586,21-07-03 10:36:58,Spot,Transaction Buy,MATIC,0.3,
96972586,21-07-03 10:36:58,Spot,Transaction Fee,MATIC,-3.3353,
96972586,21-07-03 10:36:58,Spot,Transaction Buy,MATIC,3335.3,
96972586,21-07-03 10:36:58,Spot,Transaction Spend,AUD,-4859.5321,
96972586,21-07-03 10:36:58,Spot,Transaction Spend,AUD,-0.4371,
96972586,21-07-03 11:25:03,Spot,Withdraw,MATIC,-3332.2644,Withdraw fee is included
96972586,21-07-04 16:41:59,Spot,Transaction Revenue,BUSD,17.12755,
96972586,21-07-04 16:41:59,Spot,Transaction Sold,ETH,-0.00745,
96972586,21-07-09 11:15:10,Spot,Deposit,AUD,3400,
96972586,21-07-09 11:42:18,Spot,Deposit,AUD,164,
96972586,21-07-09 11:43:43,Spot,Transaction Buy,ETH,1.27745,
96972586,21-07-09 11:43:43,Spot,Transaction Fee,ETH,-0.00127745,
96972586,21-07-09 11:43:43,Spot,Transaction Spend,AUD,-3564.0855,
96972586,21-07-09 15:04:42,Spot,Withdraw,ETH,-1.2761769,Withdraw fee is included
96972586,21-07-10 13:31:02,Spot,Deposit,AUD,2600,
96972586,21-07-10 13:38:07,Spot,Transaction Spend,AUD,-2600.0122016,
96972586,21-07-10 13:38:07,Spot,Transaction Buy,ETH,0.90976,
96972586,21-07-10 13:38:07,Spot,Transaction Fee,ETH,-0.00090976,
96972586,21-07-10 13:46:42,Spot,Withdraw,ETH,-0.90885024,Withdraw fee is included
96972586,21-07-22 13:08:46,Spot,Deposit,AUD,2000,
96972586,21-07-22 13:09:10,Spot,Transaction Buy,ETH,0.74472,
96972586,21-07-22 13:09:10,Spot,Transaction Fee,ETH,-0.00074472,
96972586,21-07-22 13:09:10,Spot,Transaction Spend,AUD,-2000.0051376,
96972586,21-07-22 13:16:43,Spot,Withdraw,ETH,-0.74397528,Withdraw fee is included
96972586,21-07-26 10:52:02,Spot,Transaction Sold,BTC,-0.002185,
96972586,21-07-26 10:52:02,Spot,Transaction Fee,USDT,-0.07865782,
96972586,21-07-26 10:52:02,Spot,Transaction Revenue,USDT,78.657815,
96972586,21-07-28 10:02:55,Spot,Transaction Spend,USDT,-76.174665,
96972586,21-07-28 10:02:55,Spot,Transaction Spend,USDT,-2.383743,
96972586,21-07-28 10:02:55,Spot,Transaction Buy,MATIC,73.5,
96972586,21-07-28 10:02:55,Spot,Transaction Buy,MATIC,2.3,
96972586,21-07-28 10:02:55,Spot,Transaction Fee,MATIC,-0.0735,
96972586,21-07-28 10:02:55,Spot,Transaction Fee,MATIC,-0.0023,
96972586,21-07-28 10:03:36,Spot,Transaction Buy,MATIC,16.5,
96972586,21-07-28 10:03:36,Spot,Transaction Spend,BUSD,-17.111655,
96972586,21-07-28 10:03:36,Spot,Transaction Fee,MATIC,-0.0165,
96972586,21-09-22 13:27:52,Spot,Deposit,AUD,3400,
96972586,21-09-22 13:28:28,Spot,Transaction Fee,ETH,-0.0000195,
96972586,21-09-22 13:28:28,Spot,Transaction Fee,ETH,-0.0001808,
96972586,21-09-22 13:28:28,Spot,Transaction Spend,AUD,-77.510355,
96972586,21-09-22 13:28:28,Spot,Transaction Buy,ETH,0.1808,
96972586,21-09-22 13:28:28,Spot,Transaction Buy,ETH,0.655,
96972586,21-09-22 13:28:28,Spot,Transaction Spend,AUD,-2603.55295,
96972586,21-09-22 13:28:28,Spot,Transaction Buy,ETH,0.0195,
96972586,21-09-22 13:28:28,Spot,Transaction Fee,ETH,-0.000655,
96972586,21-09-22 13:28:28,Spot,Transaction Spend,AUD,-718.660112,
96972586,21-09-22 13:32:12,Spot,Small Assets Exchange BNB,AUD,-0.27686267,
96972586,21-09-22 13:32:12,Spot,Small Assets Exchange BNB,BNB,0.0000575,
96972586,21-09-22 13:32:12,Spot,Small Assets Exchange BNB,WIN,-39670.16,
96972586,21-09-22 13:32:12,Spot,Small Assets Exchange BNB,BNB,0.00009468,
96972586,21-09-22 13:32:12,Spot,Small Assets Exchange BNB,BNB,0.04495125,
96972586,21-09-22 13:32:12,Spot,Small Assets Exchange BNB,BTC,-0.00000081,
96972586,21-09-22 13:32:12,Spot,Small Assets Exchange BNB,BNB,0.00004404,
96972586,21-09-22 13:32:12,Spot,Small Assets Exchange BNB,USDT,-0.02074918,
96972586,21-09-22 13:32:12,Spot,Small Assets Exchange BNB,BNB,0.00055502,
96972586,21-09-22 13:32:12,Spot,Small Assets Exchange BNB,BUSD,-0.015895,
96972586,21-09-22 19:12:41,Spot,Withdraw,ETH,-0.8544447,Withdraw fee is included
96972586,21-09-29 16:45:03,Spot,Deposit,AUD,700,
96972586,21-09-29 16:46:43,Spot,Transaction Buy,ETH,0.1739,
96972586,21-09-29 16:46:43,Spot,Transaction Spend,AUD,-699.79099,
96972586,21-09-29 16:46:43,Spot,Transaction Fee,ETH,-0.0001739,
96972586,21-10-18 17:30:12,Spot,Deposit,VET,231096,
96972586,21-10-18 17:31:36,Spot,Transaction Sold,VET,-12332,
96972586,21-10-18 17:31:36,Spot,Transaction Fee,ETH,-0.00025813,
96972586,21-10-18 17:31:36,Spot,Transaction Sold,VET,-13406,
96972586,21-10-18 17:31:36,Spot,Transaction Sold,VET,-8191,
96972586,21-10-18 17:31:36,Spot,Transaction Sold,VET,-8192,
96972586,21-10-18 17:31:36,Spot,Transaction Revenue,ETH,0.294338,
96972586,21-10-18 17:31:36,Spot,Transaction Fee,ETH,-0.00103261,
96972586,21-10-18 17:31:36,Spot,Transaction Revenue,ETH,0.49703816,
96972586,21-10-18 17:31:36,Spot,Transaction Revenue,ETH,1.0326075,
96972586,21-10-18 17:31:36,Spot,Transaction Fee,ETH,-0.0005617,
96972586,21-10-18 17:31:36,Spot,Transaction Sold,VET,-17297,
96972586,21-10-18 17:31:36,Spot,Transaction Sold,VET,-8191,
96972586,21-10-18 17:31:36,Spot,Transaction Revenue,ETH,0.570276,
96972586,21-10-18 17:31:36,Spot,Transaction Revenue,ETH,0.2580165,
96972586,21-10-18 17:31:36,Spot,Transaction Sold,VET,-15784,
96972586,21-10-18 17:31:36,Spot,Transaction Fee,ETH,-0.00057028,
96972586,21-10-18 17:31:36,Spot,Transaction Revenue,ETH,0.38833468,
96972586,21-10-18 17:31:36,Spot,Transaction Fee,ETH,-0.00038833,
96972586,21-10-18 17:31:36,Spot,Transaction Fee,ETH,-0.00054451,
96972586,21-10-18 17:31:36,Spot,Transaction Sold,VET,-32750,
96972586,21-10-18 17:31:36,Spot,Transaction Revenue,ETH,0.25818032,
96972586,21-10-18 17:31:36,Spot,Transaction Fee,ETH,-0.00042256,
96972586,21-10-18 17:31:36,Spot,Transaction Sold,VET,-9350,
96972586,21-10-18 17:31:36,Spot,Transaction Revenue,ETH,0.3898125,
96972586,21-10-18 17:31:36,Spot,Transaction Revenue,ETH,0.56169726,
96972586,21-10-18 17:31:36,Spot,Transaction Fee,ETH,-0.00025818,
96972586,21-10-18 17:31:36,Spot,Transaction Sold,VET,-33297,
96972586,21-10-18 17:31:36,Spot,Transaction Fee,ETH,-0.00075651,
96972586,21-10-18 17:31:36,Spot,Transaction Revenue,ETH,0.42255712,
96972586,21-10-18 17:31:36,Spot,Transaction Fee,ETH,-0.00025802,
96972586,21-10-18 17:31:36,Spot,Transaction Revenue,ETH,0.75651152,
96972586,21-10-18 17:31:36,Spot,Transaction Fee,ETH,-0.00049704,
96972586,21-10-18 17:31:36,Spot,Transaction Fee,ETH,-0.00029434,
96972586,21-10-18 17:31:36,Spot,Transaction Sold,VET,-17826,
96972586,21-10-18 17:31:36,Spot,Transaction Sold,VET,-12375,
96972586,21-10-18 17:31:36,Spot,Transaction Revenue,ETH,1.0488555,
96972586,21-10-18 17:31:36,Spot,Transaction Revenue,ETH,0.25812992,
96972586,21-10-18 17:31:36,Spot,Transaction Fee,ETH,-0.00104886,
96972586,21-10-18 17:31:36,Spot,Transaction Sold,VET,-24001,
96972586,21-10-18 17:31:36,Spot,Transaction Fee,ETH,-0.00038981,
96972586,21-10-18 17:31:36,Spot,Transaction Revenue,ETH,0.54450956,
96972586,21-10-18 17:31:36,Spot,Transaction Sold,VET,-18104,
96972586,21-10-18 17:54:41,Spot,Withdraw,ETH,-7.44730976,Withdraw fee is included
96972586,21-10-18 18:02:41,Spot,Withdraw,MATIC,-92.2077,Withdraw fee is included
96972586,21-10-18 18:22:33,Spot,Small Assets Exchange BNB,BNB,0.0003209,
96972586,21-10-18 18:22:33,Spot,Small Assets Exchange BNB,AUD,-0.20901,
96972586,21-10-31 05:09:19,Spot,Deposit,AUD,13900,
96972586,21-10-31 05:13:55,Spot,Transaction Spend,AUD,-2670.0328,
96972586,21-10-31 05:13:55,Spot,Transaction Buy,LUNA,0.33,
96972586,21-10-31 05:13:55,Spot,Transaction Spend,AUD,-19.3116,
96972586,21-10-31 05:13:55,Spot,Transaction Buy,LUNA,0.52,
96972586,21-10-31 05:13:55,Spot,Transaction Fee,LUNA,-0.0006,
96972586,21-10-31 05:13:55,Spot,Transaction Fee,LUNA,-0.00171,
96972586,21-10-31 05:13:55,Spot,Transaction Spend,AUD,-360.0496,
96972586,21-10-31 05:13:55,Spot,Transaction Spend,AUD,-100.0521,
96972586,21-10-31 05:13:55,Spot,Transaction Spend,AUD,-30.42,
96972586,21-10-31 05:13:55,Spot,Transaction Spend,AUD,-12.8128,
96972586,21-10-31 05:13:55,Spot,Transaction Fee,LUNA,-0.00088,
96972586,21-10-31 05:13:55,Spot,Transaction Spend,AUD,-35.046,
96972586,21-10-31 05:13:55,Spot,Transaction Fee,LUNA,-0.00167,
96972586,21-10-31 05:13:55,Spot,Transaction Buy,LUNA,2.04,
96972586,21-10-31 05:13:55,Spot,Transaction Spend,AUD,-4672.5952,
96972586,21-10-31 05:13:55,Spot,Transaction Buy,LUNA,0.53,
96972586,21-10-31 05:13:55,Spot,Transaction Spend,AUD,-119.6052,
96972586,21-10-31 05:13:55,Spot,Transaction Spend,AUD,-30.8725,
96972586,21-10-31 05:13:55,Spot,Transaction Fee,LUNA,-0.00204,
96972586,21-10-31 05:13:55,Spot,Transaction Buy,LUNA,1.63,
96972586,21-10-31 05:13:55,Spot,Transaction Buy,LUNA,1.71,
96972586,21-10-31 05:13:55,Spot,Transaction Buy,LUNA,0.52,
96972586,21-10-31 05:13:55,Spot,Transaction Buy,LUNA,0.88,
96972586,21-10-31 05:13:55,Spot,Transaction Spend,AUD,-30.8089,
96972586,21-10-31 05:13:55,Spot,Transaction Spend,AUD,-97.6115,
96972586,21-10-31 05:13:55,Spot,Transaction Spend,AUD,-100.2588,
96972586,21-10-31 05:13:55,Spot,Transaction Buy,LUNA,0.6,
96972586,21-10-31 05:13:55,Spot,Transaction Fee,LUNA,-0.00052,
96972586,21-10-31 05:13:55,Spot,Transaction Buy,LUNA,45.97,
96972586,21-10-31 05:13:55,Spot,Transaction Spend,AUD,-30.4876,
96972586,21-10-31 05:13:55,Spot,Transaction Spend,AUD,-51.2336,
96972586,21-10-31 05:13:55,Spot,Transaction Spend,AUD,-2669.4516,
96972586,21-10-31 05:13:55,Spot,Transaction Buy,LUNA,45.93,
96972586,21-10-31 05:13:55,Spot,Transaction Fee,LUNA,-0.00163,
96972586,21-10-31 05:13:55,Spot,Transaction Buy,LUNA,0.22,
96972586,21-10-31 05:13:55,Spot,Transaction Spend,AUD,-12.8524,
96972586,21-10-31 05:13:55,Spot,Transaction Fee,LUNA,-0.00079,
96972586,21-10-31 05:13:55,Spot,Transaction Fee,LUNA,-0.04593,
96972586,21-10-31 05:13:55,Spot,Transaction Fee,LUNA,-0.00053,
96972586,21-10-31 05:13:55,Spot,Transaction Buy,LUNA,0.79,
96972586,21-10-31 05:13:55,Spot,Transaction Fee,LUNA,-0.00022,
96972586,21-10-31 05:13:55,Spot,Transaction Buy,LUNA,0.22,
96972586,21-10-31 05:13:55,Spot,Transaction Spend,AUD,-12.8898,
96972586,21-10-31 05:13:55,Spot,Transaction Buy,LUNA,6.14,
96972586,21-10-31 05:13:55,Spot,Transaction Buy,LUNA,0.53,
96972586,21-10-31 05:13:55,Spot,Transaction Fee,LUNA,-0.04597,
96972586,21-10-31 05:13:55,Spot,Transaction Fee,LUNA,-0.00172,
96972586,21-10-31 05:13:55,Spot,Transaction Fee,LUNA,-0.08023,
96972586,21-10-31 05:13:55,Spot,Transaction Buy,LUNA,45.94,
96972586,21-10-31 05:13:55,Spot,Transaction Buy,LUNA,0.22,
96972586,21-10-31 05:13:55,Spot,Transaction Fee,LUNA,-0.00022,
96972586,21-10-31 05:13:55,Spot,Transaction Fee,LUNA,-0.04594,
96972586,21-10-31 05:13:55,Spot,Transaction Buy,LUNA,1.67,
96972586,21-10-31 05:13:55,Spot,Transaction Buy,LUNA,80.23,
96972586,21-10-31 05:13:55,Spot,Transaction Fee,LUNA,-0.00053,
96972586,21-10-31 05:13:55,Spot,Transaction Spend,AUD,-95.1594,
96972586,21-10-31 05:13:55,Spot,Transaction Buy,LUNA,0.52,
96972586,21-10-31 05:13:55,Spot,Transaction Fee,LUNA,-0.00022,
96972586,21-10-31 05:13:55,Spot,Transaction Buy,LUNA,1.72,
96972586,21-10-31 05:13:55,Spot,Transaction Spend,AUD,-46.215,
96972586,21-10-31 05:13:55,Spot,Transaction Fee,LUNA,-0.00033,
96972586,21-10-31 05:13:55,Spot,Transaction Spend,AUD,-2671.3167,
96972586,21-10-31 05:13:55,Spot,Transaction Spend,AUD,-30.3576,
96972586,21-10-31 05:13:55,Spot,Transaction Fee,LUNA,-0.00052,
96972586,21-10-31 05:13:55,Spot,Transaction Fee,LUNA,-0.00052,
96972586,21-10-31 05:13:55,Spot,Transaction Fee,LUNA,-0.00614,
96972586,21-10-31 05:14:44,Spot,Small Assets Exchange BNB,BNB,0.00078274,
96972586,21-10-31 05:14:44,Spot,Small Assets Exchange BNB,AUD,-0.5593,
96972586,21-10-31 05:25:43,Spot,Withdraw,LUNA,-238.62114,Withdraw fee is included
96972586,21-11-10 12:49:01,Spot,Deposit,AUD,440,
96972586,21-11-10 12:53:23,Spot,Transaction Fee,BNB,-0.000108,
96972586,21-11-10 12:53:23,Spot,Transaction Fee,BNB,-0.0003,
96972586,21-11-10 12:53:23,Spot,Transaction Fee,BNB,-0.0001,
96972586,21-11-10 12:53:23,Spot,Transaction Buy,BNB,0.108,
96972586,21-11-10 12:53:23,Spot,Transaction Buy,BNB,0.3,
96972586,21-11-10 12:53:23,Spot,Transaction Spend,AUD,-259.44,
96972586,21-11-10 12:53:23,Spot,Transaction Spend,AUD,-86.47,
96972586,21-11-10 12:53:23,Spot,Transaction Buy,BNB,0.1,
96972586,21-11-10 12:53:23,Spot,Transaction Spend,AUD,-93.3876,
96972586,21-11-10 12:54:45,Spot,Transaction Buy,VET,2044,
96972586,21-11-10 12:54:45,Spot,Transaction Spend,BNB,-0.5541284,
96972586,21-11-10 12:54:45,Spot,Transaction Fee,VET,-2.044,
96972586,21-11-24 15:20:55,Spot,Deposit,AUD,980,
96972586,21-11-24 15:22:14,Spot,Transaction Buy,AVAX,5.74,
96972586,21-11-24 15:22:14,Spot,Transaction Fee,AVAX,-0.00574,
96972586,21-11-24 15:22:14,Spot,Transaction Spend,AUD,-980.105,
96972586,21-11-24 15:50:41,Spot,Withdraw,AVAX,-5.73426,Withdraw fee is included
96972586,21-12-06 10:03:51,Spot,Deposit,AUD,10000,
96972586,21-12-06 10:05:07,Spot,Transaction Spend,AUD,-151.294,
96972586,21-12-06 10:05:07,Spot,Transaction Buy,ETH,0.0253,
96972586,21-12-06 10:05:07,Spot,Transaction Fee,ETH,-0.0000253,
96972586,21-12-06 10:05:16,Spot,Transaction Fee,ETH,-0.0016384,
96972586,21-12-06 10:05:16,Spot,Transaction Buy,ETH,0.0086,
96972586,21-12-06 10:05:16,Spot,Transaction Spend,AUD,-51.428,
96972586,21-12-06 10:05:16,Spot,Transaction Fee,ETH,-0.0000086,
96972586,21-12-06 10:05:16,Spot,Transaction Buy,ETH,1.6384,
96972586,21-12-06 10:05:16,Spot,Transaction Spend,AUD,-9797.632,
96972586,21-12-06 10:07:51,Spot,ETH 2.0 Staking,ETH,-0.1,
96972586,21-12-06 10:07:51,Spot,ETH 2.0 Staking,BETH,0.1,
96972586,21-12-07 10:27:05,Spot,ETH 2.0 Staking,ETH,-0.1,
96972586,21-12-07 10:27:05,Spot,ETH 2.0 Staking,BETH,0.1,
96972586,21-12-07 11:19:31,Spot,Small Assets Exchange BNB,BNB,0.00028316,
96972586,21-12-07 11:19:31,Spot,Small Assets Exchange BNB,AUD,-0.2434,
96972586,21-12-08 08:33:11,Spot,Deposit,AUD,20,
96972586,21-12-08 08:35:32,Spot,Transaction Fee,AVAX,-0.00015,
96972586,21-12-08 08:35:32,Spot,Transaction Buy,AVAX,0.15,
96972586,21-12-08 08:35:32,Spot,Transaction Spend,AUD,-18.975,
96972586,21-12-08 08:40:54,Spot,Small Assets Exchange BNB,BNB,0.00123672,
96972586,21-12-08 08:40:54,Spot,Small Assets Exchange BNB,AUD,-1.025,
96972586,21-12-08 08:42:40,Spot,Withdraw,AVAX,-0.14985,Withdraw fee is included
96972586,21-12-08 18:41:30,Spot,ETH 2.0 Staking Rewards,BETH,0.00001308,
96972586,21-12-09 18:31:11,Spot,ETH 2.0 Staking Rewards,BETH,0.00002566,
96972586,21-12-10 18:58:05,Spot,ETH 2.0 Staking Rewards,BETH,0.00002545,
96972586,21-12-11 19:11:15,Spot,ETH 2.0 Staking Rewards,BETH,0.00002576,
96972586,21-12-12 22:04:08,Spot,ETH 2.0 Staking Rewards,BETH,0.00002561,
96972586,21-12-13 19:17:42,Spot,ETH 2.0 Staking Rewards,BETH,0.00002553,
96972586,21-12-14 18:59:20,Spot,ETH 2.0 Staking Rewards,BETH,0.00002573,
96972586,21-12-15 19:39:08,Spot,ETH 2.0 Staking Rewards,BETH,0.00002572,
96972586,21-12-16 18:47:59,Spot,ETH 2.0 Staking Rewards,BETH,0.00002565,
96972586,21-12-17 18:48:11,Spot,ETH 2.0 Staking Rewards,BETH,0.00002539,
96972586,21-12-18 19:30:20,Spot,ETH 2.0 Staking Rewards,BETH,0.00002577,
96972586,21-12-19 19:40:12,Spot,ETH 2.0 Staking Rewards,BETH,0.00002524,
96972586,21-12-20 18:56:00,Spot,ETH 2.0 Staking Rewards,BETH,0.00002591,
96972586,21-12-21 18:32:24,Spot,ETH 2.0 Staking Rewards,BETH,0.00002569,
96972586,21-12-22 22:10:51,Spot,ETH 2.0 Staking Rewards,BETH,0.00002546,
96972586,21-12-23 19:02:10,Spot,ETH 2.0 Staking Rewards,BETH,0.00002564,
96972586,21-12-24 18:57:22,Spot,ETH 2.0 Staking Rewards,BETH,0.00002556,
96972586,21-12-25 19:00:33,Spot,ETH 2.0 Staking Rewards,BETH,0.00002567,
96972586,21-12-26 18:57:21,Spot,ETH 2.0 Staking Rewards,BETH,0.00002536,
96972586,21-12-27 19:17:16,Spot,ETH 2.0 Staking Rewards,BETH,0.00002585,
96972586,21-12-28 19:41:31,Spot,ETH 2.0 Staking Rewards,BETH,0.00002548,
96972586,21-12-29 19:21:18,Spot,ETH 2.0 Staking Rewards,BETH,0.00002526,
96972586,21-12-30 19:12:46,Spot,ETH 2.0 Staking Rewards,BETH,0.00002551,
96972586,21-12-31 18:41:56,Spot,ETH 2.0 Staking Rewards,BETH,0.00002548,
96972586,22-01-01 19:23:05,Spot,ETH 2.0 Staking Rewards,BETH,0.00002548,
96972586,22-01-02 19:33:02,Spot,ETH 2.0 Staking Rewards,BETH,0.00002523,
96972586,22-01-03 18:36:18,Spot,ETH 2.0 Staking Rewards,BETH,0.00002516,
96972586,22-01-04 19:17:02,Spot,ETH 2.0 Staking Rewards,BETH,0.0000252,
96972586,22-01-05 18:44:45,Spot,ETH 2.0 Staking Rewards,BETH,0.00002527,
96972586,22-01-06 18:37:17,Spot,ETH 2.0 Staking Rewards,BETH,0.00002503,
96972586,22-01-07 18:50:29,Spot,ETH 2.0 Staking Rewards,BETH,0.00002501,
96972586,22-01-08 18:38:10,Spot,ETH 2.0 Staking Rewards,BETH,0.00002493,
96972586,22-01-09 18:58:49,Spot,ETH 2.0 Staking Rewards,BETH,0.00002502,
96972586,22-01-10 18:36:38,Spot,ETH 2.0 Staking Rewards,BETH,0.00002463,
96972586,22-01-11 18:30:12,Spot,ETH 2.0 Staking Rewards,BETH,0.00002449,
96972586,22-01-12 19:08:28,Spot,ETH 2.0 Staking Rewards,BETH,0.00002473,
96972586,22-01-13 18:43:05,Spot,ETH 2.0 Staking Rewards,BETH,0.00002449,
96972586,22-01-14 18:43:37,Spot,ETH 2.0 Staking Rewards,BETH,0.00002374,
96972586,22-01-15 18:46:03,Spot,ETH 2.0 Staking Rewards,BETH,0.00002467,
96972586,22-01-16 18:44:10,Spot,ETH 2.0 Staking Rewards,BETH,0.00002465,
96972586,22-01-17 19:10:58,Spot,ETH 2.0 Staking Rewards,BETH,0.00002472,
96972586,22-01-18 18:44:46,Spot,ETH 2.0 Staking Rewards,BETH,0.00002479,
96972586,22-01-19 18:32:10,Spot,ETH 2.0 Staking Rewards,BETH,0.00002491,
96972586,22-01-20 18:33:03,Spot,ETH 2.0 Staking Rewards,BETH,0.00002482,
96972586,22-01-21 18:32:24,Spot,ETH 2.0 Staking Rewards,BETH,0.00002483,
96972586,22-01-22 18:32:15,Spot,ETH 2.0 Staking Rewards,BETH,0.00002482,
96972586,22-01-23 18:32:34,Spot,ETH 2.0 Staking Rewards,BETH,0.00002424,
96972586,22-01-24 18:32:46,Spot,ETH 2.0 Staking Rewards,BETH,0.00002436,
96972586,22-01-25 19:02:30,Spot,ETH 2.0 Staking Rewards,BETH,0.00002433,
96972586,22-01-26 18:33:11,Spot,ETH 2.0 Staking Rewards,BETH,0.00002433,
96972586,22-01-27 18:32:50,Spot,ETH 2.0 Staking Rewards,BETH,0.00002412,
96972586,22-01-28 18:32:46,Spot,ETH 2.0 Staking Rewards,BETH,0.00002447,
96972586,22-01-29 18:32:13,Spot,ETH 2.0 Staking Rewards,BETH,0.00002408,
96972586,22-01-30 18:32:07,Spot,ETH 2.0 Staking Rewards,BETH,0.000024,
96972586,22-01-31 18:32:35,Spot,ETH 2.0 Staking Rewards,BETH,0.00002419,
96972586,22-02-01 18:32:43,Spot,ETH 2.0 Staking Rewards,BETH,0.00002392,
96972586,22-02-02 18:32:21,Spot,ETH 2.0 Staking Rewards,BETH,0.00002404,
96972586,22-02-03 18:32:42,Spot,ETH 2.0 Staking Rewards,BETH,0.00002384,
96972586,22-02-04 18:33:27,Spot,ETH 2.0 Staking Rewards,BETH,0.0000238,
96972586,22-02-05 18:32:49,Spot,ETH 2.0 Staking Rewards,BETH,0.00002394,
96972586,22-02-06 18:32:52,Spot,ETH 2.0 Staking Rewards,BETH,0.00002339,
96972586,22-02-07 18:31:57,Spot,ETH 2.0 Staking Rewards,BETH,0.00002373,
96972586,22-02-08 18:31:57,Spot,ETH 2.0 Staking Rewards,BETH,0.00002371,
96972586,22-02-09 18:32:03,Spot,ETH 2.0 Staking Rewards,BETH,0.00002343,
96972586,22-02-10 18:15:53,Spot,ETH 2.0 Staking Rewards,BETH,0.00002326,
96972586,22-02-11 18:30:30,Spot,ETH 2.0 Staking Rewards,BETH,0.00002313,
96972586,22-02-12 18:30:34,Spot,ETH 2.0 Staking Rewards,BETH,0.00002334,
96972586,22-02-13 18:30:27,Spot,ETH 2.0 Staking Rewards,BETH,0.00002347,
96972586,22-02-14 18:30:31,Spot,ETH 2.0 Staking Rewards,BETH,0.00002366,
96972586,22-02-15 18:30:29,Spot,ETH 2.0 Staking Rewards,BETH,0.00002361,
96972586,22-02-16 18:30:31,Spot,ETH 2.0 Staking Rewards,BETH,0.00002367,
96972586,22-02-17 18:30:34,Spot,ETH 2.0 Staking Rewards,BETH,0.00002379,
96972586,22-02-18 18:30:28,Spot,ETH 2.0 Staking Rewards,BETH,0.00002355,
96972586,22-02-19 18:30:32,Spot,ETH 2.0 Staking Rewards,BETH,0.00002333,
96972586,22-02-20 18:30:34,Spot,ETH 2.0 Staking Rewards,BETH,0.00002421,
96972586,22-02-21 18:30:32,Spot,ETH 2.0 Staking Rewards,BETH,0.0000245,
96972586,22-02-22 18:30:35,Spot,ETH 2.0 Staking Rewards,BETH,0.00002427,
96972586,22-02-23 18:30:30,Spot,ETH 2.0 Staking Rewards,BETH,0.0000242,
96972586,22-02-24 18:30:35,Spot,ETH 2.0 Staking Rewards,BETH,0.00002447,
96972586,22-02-25 18:30:37,Spot,ETH 2.0 Staking Rewards,BETH,0.00002427,
96972586,22-02-26 18:30:34,Spot,ETH 2.0 Staking Rewards,BETH,0.00002406,
96972586,22-02-27 18:30:28,Spot,ETH 2.0 Staking Rewards,BETH,0.00002442,
96972586,22-02-28 18:30:33,Spot,ETH 2.0 Staking Rewards,BETH,0.0000242,
96972586,22-03-01 18:30:27,Spot,ETH 2.0 Staking Rewards,BETH,0.00002395,
96972586,22-03-02 18:30:27,Spot,ETH 2.0 Staking Rewards,BETH,0.00002398,
96972586,22-03-03 18:30:24,Spot,ETH 2.0 Staking Rewards,BETH,0.00002379,
96972586,22-03-04 18:30:26,Spot,ETH 2.0 Staking Rewards,BETH,0.00002384,
96972586,22-03-05 18:30:24,Spot,ETH 2.0 Staking Rewards,BETH,0.00002376,
96972586,22-03-06 18:30:30,Spot,ETH 2.0 Staking Rewards,BETH,0.00002369,
96972586,22-03-07 18:30:25,Spot,ETH 2.0 Staking Rewards,BETH,0.0000238,
96972586,22-03-08 18:30:29,Spot,ETH 2.0 Staking Rewards,BETH,0.00002373,
96972586,22-03-09 19:00:36,Spot,ETH 2.0 Staking Rewards,BETH,0.00002358,
96972586,22-03-10 18:30:29,Spot,ETH 2.0 Staking Rewards,BETH,0.00002358,
96972586,22-03-11 18:30:31,Spot,ETH 2.0 Staking Rewards,BETH,0.00002361,
96972586,22-03-12 18:30:33,Spot,ETH 2.0 Staking Rewards,BETH,0.00002362,
96972586,22-03-13 18:30:44,Spot,ETH 2.0 Staking Rewards,BETH,0.00002334,
96972586,22-03-14 18:30:35,Spot,ETH 2.0 Staking Rewards,BETH,0.00002334,
96972586,22-03-15 18:30:36,Spot,ETH 2.0 Staking Rewards,BETH,0.00002364,
96972586,22-03-16 18:30:29,Spot,ETH 2.0 Staking Rewards,BETH,0.00002295,
96972586,22-03-17 18:30:33,Spot,ETH 2.0 Staking Rewards,BETH,0.00002332,
96972586,22-03-18 18:30:35,Spot,ETH 2.0 Staking Rewards,BETH,0.00002316,
96972586,22-03-19 18:30:30,Spot,ETH 2.0 Staking Rewards,BETH,0.00002327,
96972586,22-03-20 18:30:31,Spot,ETH 2.0 Staking Rewards,BETH,0.00002311,
96972586,22-03-21 18:30:29,Spot,ETH 2.0 Staking Rewards,BETH,0.00002283,
96972586,22-03-22 18:30:32,Spot,ETH 2.0 Staking Rewards,BETH,0.00002338,
96972586,22-03-23 21:17:37,Spot,ETH 2.0 Staking Rewards,BETH,0.00002306,
96972586,22-03-24 18:30:34,Spot,ETH 2.0 Staking Rewards,BETH,0.00002318,
96972586,22-03-25 18:30:36,Spot,ETH 2.0 Staking Rewards,BETH,0.00002321,
96972586,22-03-26 18:30:34,Spot,ETH 2.0 Staking Rewards,BETH,0.00002296,
96972586,22-03-27 18:30:34,Spot,ETH 2.0 Staking Rewards,BETH,0.00002296,
96972586,22-03-28 18:30:35,Spot,ETH 2.0 Staking Rewards,BETH,0.00002301,
96972586,22-03-29 18:30:38,Spot,ETH 2.0 Staking Rewards,BETH,0.00002274,
96972586,22-03-30 18:30:34,Spot,ETH 2.0 Staking Rewards,BETH,0.00002282,
96972586,22-03-31 18:30:37,Spot,ETH 2.0 Staking Rewards,BETH,0.00002258,
96972586,22-04-01 18:30:33,Spot,ETH 2.0 Staking Rewards,BETH,0.00002184,
96972586,22-04-02 18:30:31,Spot,ETH 2.0 Staking Rewards,BETH,0.00002243,
96972586,22-04-04 19:07:16,Spot,ETH 2.0 Staking Rewards,BETH,0.00002204,
96972586,22-04-04 19:23:54,Spot,ETH 2.0 Staking Rewards,BETH,0.00002201,
96972586,22-04-05 18:30:34,Spot,ETH 2.0 Staking Rewards,BETH,0.00002221,
96972586,22-04-06 18:30:33,Spot,ETH 2.0 Staking Rewards,BETH,0.00002262,
96972586,22-04-07 18:30:23,Spot,ETH 2.0 Staking Rewards,BETH,0.00002248,
96972586,22-04-08 18:30:34,Spot,ETH 2.0 Staking Rewards,BETH,0.00002272,
96972586,22-04-09 18:30:30,Spot,ETH 2.0 Staking Rewards,BETH,0.00002274,
96972586,22-04-10 18:30:32,Spot,ETH 2.0 Staking Rewards,BETH,0.00002263,
96972586,22-04-11 18:30:31,Spot,ETH 2.0 Staking Rewards,BETH,0.00002257,
96972586,22-04-12 18:30:34,Spot,ETH 2.0 Staking Rewards,BETH,0.00002237,
96972586,22-04-13 18:30:28,Spot,ETH 2.0 Staking Rewards,BETH,0.00002234,
96972586,22-04-14 18:30:26,Spot,ETH 2.0 Staking Rewards,BETH,0.00002234,
96972586,22-04-15 18:30:28,Spot,ETH 2.0 Staking Rewards,BETH,0.00002229,
96972586,22-04-16 18:30:23,Spot,ETH 2.0 Staking Rewards,BETH,0.00002238,
96972586,22-04-17 11:58:30,Spot,Deposit,AUD,9000,
96972586,22-04-17 12:01:53,Spot,Transaction Spend,AUD,-547.9938,
96972586,22-04-17 12:01:53,Spot,Transaction Buy,BTC,0.01002,
96972586,22-04-17 12:01:53,Spot,Transaction Fee,BTC,-0.00001002,
96972586,22-04-17 18:30:26,Spot,ETH 2.0 Staking Rewards,BETH,0.00002234,
96972586,22-04-18 14:24:26,Spot,Transaction Spend,AUD,-4376.735,
96972586,22-04-18 14:24:26,Spot,Transaction Buy,BTC,0.08305,
96972586,22-04-18 14:24:26,Spot,Transaction Fee,BTC,-0.00008305,
96972586,22-04-18 14:24:27,Spot,Transaction Buy,BTC,0.00046,
96972586,22-04-18 14:24:27,Spot,Transaction Spend,AUD,-24.242,
96972586,22-04-18 14:24:27,Spot,Transaction Fee,BTC,-0.00000046,
96972586,22-04-18 14:24:27,Spot,Transaction Spend,AUD,-108.035,
96972586,22-04-18 14:24:27,Spot,Transaction Buy,BTC,0.00205,
96972586,22-04-18 14:24:27,Spot,Transaction Fee,BTC,-0.00000205,
96972586,22-04-18 14:24:28,Spot,Transaction Buy,BTC,0.00375,
96972586,22-04-18 14:24:28,Spot,Transaction Fee,BTC,-0.00000196,
96972586,22-04-18 14:24:28,Spot,Transaction Spend,AUD,-55.335,
96972586,22-04-18 14:24:28,Spot,Transaction Buy,BTC,0.00105,
96972586,22-04-18 14:24:28,Spot,Transaction Fee,BTC,-0.00000105,
96972586,22-04-18 14:24:28,Spot,Transaction Spend,AUD,-103.292,
96972586,22-04-18 14:24:28,Spot,Transaction Buy,BTC,0.00196,
96972586,22-04-18 14:24:28,Spot,Transaction Fee,BTC,-0.00000375,
96972586,22-04-18 14:24:28,Spot,Transaction Spend,AUD,-197.625,
96972586,22-04-18 14:24:30,Spot,Transaction Buy,BTC,0.00033,
96972586,22-04-18 14:24:30,Spot,Transaction Buy,BTC,0.06772,
96972586,22-04-18 14:24:30,Spot,Transaction Spend,AUD,-3568.844,
96972586,22-04-18 14:24:30,Spot,Transaction Fee,BTC,-0.00006772,
96972586,22-04-18 14:24:30,Spot,Transaction Fee,BTC,-0.00000033,
96972586,22-04-18 14:24:30,Spot,Transaction Spend,AUD,-17.391,
96972586,22-04-18 18:30:30,Spot,ETH 2.0 Staking Rewards,BETH,0.00002236,
96972586,22-04-19 18:30:29,Spot,ETH 2.0 Staking Rewards,BETH,0.000022,
96972586,22-04-20 14:20:19,Spot,Small Assets Exchange BNB,BNB,0.00087512,AUD to BNB
96972586,22-04-20 14:20:19,Spot,Small Assets Exchange BNB,AUD,-0.5072,AUD to BNB
96972586,22-04-20 18:30:24,Spot,ETH 2.0 Staking Rewards,BETH,0.00002217,
96972586,22-04-21 18:30:31,Spot,ETH 2.0 Staking Rewards,BETH,0.00002191,
96972586,22-04-22 18:30:31,Spot,ETH 2.0 Staking Rewards,BETH,0.00002155,
96972586,22-04-23 18:30:29,Spot,ETH 2.0 Staking Rewards,BETH,0.00002179,
96972586,22-04-24 18:30:33,Spot,ETH 2.0 Staking Rewards,BETH,0.00002188,
96972586,22-04-25 18:30:33,Spot,ETH 2.0 Staking Rewards,BETH,0.00002185,
96972586,22-04-26 18:30:28,Spot,ETH 2.0 Staking Rewards,BETH,0.00002178,
96972586,22-04-27 18:30:30,Spot,ETH 2.0 Staking Rewards,BETH,0.00002231,
96972586,22-04-28 18:30:35,Spot,ETH 2.0 Staking Rewards,BETH,0.00002261,
96972586,22-04-29 18:30:37,Spot,ETH 2.0 Staking Rewards,BETH,0.00002255,
96972586,22-04-30 18:30:34,Spot,ETH 2.0 Staking Rewards,BETH,0.00002269,
96972586,22-05-01 18:30:33,Spot,ETH 2.0 Staking Rewards,BETH,0.00002262,
96972586,22-05-03 14:01:34,Spot,ETH 2.0 Staking Rewards,BETH,0.00002261,
96972586,22-05-03 18:00:29,Spot,ETH 2.0 Staking Rewards,BETH,0.00002259,
96972586,22-05-04 18:30:34,Spot,ETH 2.0 Staking Rewards,BETH,0.00002188,
96972586,22-05-05 18:30:36,Spot,ETH 2.0 Staking Rewards,BETH,0.00002219,
96972586,22-05-06 18:30:33,Spot,ETH 2.0 Staking Rewards,BETH,0.00002208,
96972586,22-05-07 18:30:30,Spot,ETH 2.0 Staking Rewards,BETH,0.00002201,
96972586,22-05-08 18:30:32,Spot,ETH 2.0 Staking Rewards,BETH,0.0000219,
96972586,22-05-09 18:30:37,Spot,ETH 2.0 Staking Rewards,BETH,0.00002174,
96972586,22-05-10 18:30:41,Spot,ETH 2.0 Staking Rewards,BETH,0.00002167,
96972586,22-05-11 18:30:38,Spot,ETH 2.0 Staking Rewards,BETH,0.00002426,
96972586,22-05-12 14:39:26,Spot,Deposit,AUD,200,
96972586,22-05-12 14:39:37,Spot,Transaction Fee,LUNA,-0.03922,
96972586,22-05-12 14:39:37,Spot,Transaction Spend,AUD,-61.3816,
96972586,22-05-12 14:39:37,Spot,Transaction Fee,LUNA,-0.1358,
96972586,22-05-12 14:39:37,Spot,Transaction Buy,LUNA,39.22,
96972586,22-05-12 14:39:37,Spot,Transaction Buy,LUNA,135.8,
96972586,22-05-12 14:39:37,Spot,Transaction Spend,AUD,-18.9044,
96972586,22-05-12 14:39:37,Spot,Transaction Buy,LUNA,41.75,
96972586,22-05-12 14:39:37,Spot,Transaction Fee,LUNA,-0.04175,
96972586,22-05-12 14:39:37,Spot,Transaction Spend,AUD,-17.74705,
96972586,22-05-12 14:41:20,Spot,Transaction Buy,BTC,0.00255,
96972586,22-05-12 14:41:20,Spot,Transaction Fee,BTC,-0.00000255,
96972586,22-05-12 14:41:20,Spot,Transaction Spend,AUD,-101.7213105,
96972586,22-05-12 18:30:36,Spot,ETH 2.0 Staking Rewards,BETH,0.00002396,
96972586,22-05-13 16:01:41,Spot,Deposit,AUD,77,
96972586,22-05-13 16:04:23,Spot,Transaction Fee,ETH,-0.0000251,
96972586,22-05-13 16:04:23,Spot,Transaction Spend,AUD,-77.062271,
96972586,22-05-13 16:04:23,Spot,Transaction Buy,ETH,0.0251,
96972586,22-05-13 18:30:29,Spot,ETH 2.0 Staking Rewards,BETH,0.00002376,
96972586,22-05-14 18:30:33,Spot,ETH 2.0 Staking Rewards,BETH,0.00002393,
96972586,22-05-15 07:48:50,Spot,Deposit,AUD,20,
96972586,22-05-15 07:50:27,Spot,Transaction Sold,AUD,-20,
96972586,22-05-15 07:50:27,Spot,Transaction Fee,BUSD,-0.013854,
96972586,22-05-15 07:50:27,Spot,Transaction Revenue,BUSD,13.854,
96972586,22-05-15 07:50:46,Spot,Transaction Spend,BUSD,-13.84014448,
96972586,22-05-15 07:50:46,Spot,Transaction Buy,LUNA,28244.04,
96972586,22-05-15 10:57:56,Spot,Small Assets Exchange BNB,BNB,0.00042067,AUD to BNB
96972586,22-05-15 10:57:56,Spot,Small Assets Exchange BNB,AUD,-0.1833685,AUD to BNB
96972586,22-05-15 16:02:13,Spot,Deposit,AUD,8650,
96972586,22-05-15 18:30:29,Spot,ETH 2.0 Staking Rewards,BETH,0.00002369,
96972586,22-05-16 18:30:32,Spot,ETH 2.0 Staking Rewards,BETH,0.00002384,
96972586,22-05-16 22:03:44,Spot,Transaction Spend,AUD,-49.7988,
96972586,22-05-16 22:03:44,Spot,Transaction Fee,BNB,-0.000116,
96972586,22-05-16 22:03:44,Spot,Transaction Buy,BNB,0.116,
96972586,22-05-16 22:09:26,Spot,Transaction Fee,ALGO,-0.021,
96972586,22-05-16 22:09:26,Spot,Transaction Buy,ALGO,57,
96972586,22-05-16 22:09:26,Spot,Transaction Buy,ALGO,21,
96972586,22-05-16 22:09:26,Spot,Transaction Spend,BNB,-0.086127,
96972586,22-05-16 22:09:26,Spot,Transaction Fee,ALGO,-0.057,
96972586,22-05-16 22:09:26,Spot,Transaction Spend,BNB,-0.031731,
96972586,22-05-16 22:17:42,Spot,Transaction Buy,BTC,0.07656,
96972586,22-05-16 22:17:42,Spot,Transaction Fee,BTC,-0.0001009,
96972586,22-05-16 22:17:42,Spot,Transaction Spend,AUD,-63.9650444,
96972586,22-05-16 22:17:42,Spot,Transaction Buy,BTC,0.1009,
96972586,22-05-16 22:17:42,Spot,Transaction Buy,BTC,0.01975,
96972586,22-05-16 22:17:42,Spot,Transaction Spend,AUD,-847.876585,
96972586,22-05-16 22:17:42,Spot,Transaction Fee,BTC,-0.00007656,
96972586,22-05-16 22:17:42,Spot,Transaction Fee,BTC,-0.00000145,
96972586,22-05-16 22:17:42,Spot,Transaction Fee,BTC,-0.00001975,
96972586,22-05-16 22:17:42,Spot,Transaction Buy,BTC,0.00149,
96972586,22-05-16 22:17:42,Spot,Transaction Fee,BTC,-0.00000149,
96972586,22-05-16 22:17:42,Spot,Transaction Spend,AUD,-3288.4525872,
96972586,22-05-16 22:17:42,Spot,Transaction Spend,AUD,-62.2306795,
96972586,22-05-16 22:17:42,Spot,Transaction Buy,BTC,0.00145,
96972586,22-05-16 22:17:42,Spot,Transaction Spend,AUD,-4331.591595,
96972586,22-05-16 22:19:05,Spot,Simple Earn Flexible Subscription,BTC,-0.37271691,Binance Earn
96972586,22-05-16 22:21:33,Spot,Staking Purchase,ALGO,-77.922,
96972586,22-05-16 22:23:24,Spot,Small Assets Exchange BNB,AUD,-6.0847089,AUD to BNB
96972586,22-05-16 22:23:24,Spot,Small Assets Exchange BNB,BNB,0.01389423,AUD to BNB
96972586,22-05-16 22:24:19,Spot,Simple Earn Flexible Subscription,ETH,-1.4957026,Binance Earn
96972586,22-05-16 22:25:26,Spot,Staking Purchase,BNB,-0.01496125,
96972586,22-05-17 18:30:30,Spot,ETH 2.0 Staking Rewards,BETH,0.00002393,
96972586,22-05-18 12:05:02,Spot,Staking Rewards,ALGO,0.01759089,
96972586,22-05-18 12:20:59,Spot,Staking Rewards,BNB,0.00000532,
96972586,22-05-18 15:03:31,Spot,Simple Earn Flexible Interest,BTC,0.00000932,Binance Earn
96972586,22-05-18 15:29:49,Spot,Simple Earn Flexible Interest,ETH,0.0000167,Binance Earn
96972586,22-05-18 18:30:33,Spot,ETH 2.0 Staking Rewards,BETH,0.0000238,
96972586,22-05-19 08:39:40,Spot,Simple Earn Flexible Subscription,ETH,-0.0000167,Binance Earn
96972586,22-05-19 08:39:40,Spot,Simple Earn Flexible Subscription,BTC,-0.00000932,Binance Earn
96972586,22-05-19 12:07:12,Spot,Staking Rewards,ALGO,0.01759089,
96972586,22-05-19 12:22:12,Spot,Staking Rewards,BNB,0.00000532,
96972586,22-05-19 15:03:17,Spot,Simple Earn Flexible Interest,BTC,0.00000932,Binance Earn
96972586,22-05-19 15:04:19,Spot,Simple Earn Flexible Interest,ETH,0.0000167,Binance Earn
96972586,22-05-19 18:30:28,Spot,ETH 2.0 Staking Rewards,BETH,0.00002361,
96972586,22-05-20 08:00:11,Spot,Simple Earn Flexible Subscription,ETH,-0.0000167,Binance Earn
96972586,22-05-20 08:00:11,Spot,Simple Earn Flexible Subscription,BTC,-0.00000932,Binance Earn
96972586,22-05-20 12:07:08,Spot,Staking Rewards,ALGO,0.01759089,
96972586,22-05-20 12:21:40,Spot,Staking Rewards,BNB,0.00000532,
96972586,22-05-20 13:12:46,Spot,Simple Earn Flexible Interest,BTC,0.00000932,Binance Earn
96972586,22-05-20 14:14:50,Spot,Simple Earn Flexible Interest,ETH,0.0000167,Binance Earn
96972586,22-05-20 16:55:07,Spot,Simple Earn Flexible Subscription,BTC,-0.00000932,Binance Earn
96972586,22-05-20 16:55:07,Spot,Simple Earn Flexible Subscription,ETH,-0.0000167,Binance Earn
96972586,22-05-20 18:30:31,Spot,ETH 2.0 Staking Rewards,BETH,0.00002361,
96972586,22-05-21 12:07:04,Spot,Staking Rewards,ALGO,0.01759089,
96972586,22-05-21 12:21:41,Spot,Staking Rewards,BNB,0.00000532,
96972586,22-05-21 13:04:33,Spot,Simple Earn Flexible Interest,BTC,0.00000932,Binance Earn
96972586,22-05-21 13:57:27,Spot,Simple Earn Flexible Interest,ETH,0.0000167,Binance Earn
96972586,22-05-21 16:45:38,Spot,Simple Earn Flexible Subscription,BTC,-0.00000932,Binance Earn
96972586,22-05-21 16:45:39,Spot,Simple Earn Flexible Subscription,ETH,-0.0000167,Binance Earn
96972586,22-05-21 18:30:30,Spot,ETH 2.0 Staking Rewards,BETH,0.00002342,
96972586,22-05-22 12:06:22,Spot,Staking Rewards,ALGO,0.01759089,
96972586,22-05-22 12:20:17,Spot,Staking Rewards,BNB,0.00000532,
96972586,22-05-22 13:35:53,Spot,Simple Earn Flexible Interest,BTC,0.00000932,Binance Earn
96972586,22-05-22 13:46:58,Spot,Simple Earn Flexible Interest,ETH,0.0000167,Binance Earn
96972586,22-05-22 16:46:23,Spot,Simple Earn Flexible Subscription,BTC,-0.00000932,Binance Earn
96972586,22-05-22 16:46:24,Spot,Simple Earn Flexible Subscription,ETH,-0.0000167,Binance Earn
96972586,22-05-22 18:30:37,Spot,ETH 2.0 Staking Rewards,BETH,0.00002344,
96972586,22-05-23 12:05:34,Spot,Simple Earn Flexible Interest,ETH,0.0000167,Binance Earn
96972586,22-05-23 12:07:12,Spot,Staking Rewards,ALGO,0.01759089,
96972586,22-05-23 12:16:12,Spot,Simple Earn Flexible Interest,BTC,0.00000932,Binance Earn
96972586,22-05-23 12:23:14,Spot,Staking Rewards,BNB,0.00000532,
96972586,22-05-23 18:30:23,Spot,ETH 2.0 Staking Rewards,BETH,0.00002351,
96972586,22-05-23 18:55:25,Spot,Simple Earn Flexible Subscription,BTC,-0.00000932,Binance Earn
96972586,22-05-23 18:55:25,Spot,Simple Earn Flexible Subscription,ETH,-0.0000167,Binance Earn
96972586,22-05-24 12:07:26,Spot,Staking Rewards,ALGO,0.01759089,
96972586,22-05-24 12:20:10,Spot,Staking Rewards,BNB,0.00000532,
96972586,22-05-24 15:05:56,Spot,Simple Earn Flexible Interest,ETH,0.0000167,Binance Earn
96972586,22-05-24 15:48:02,Spot,Simple Earn Flexible Interest,BTC,0.00000932,Binance Earn
96972586,22-05-24 18:30:33,Spot,ETH 2.0 Staking Rewards,BETH,0.00002299,
96972586,22-05-25 07:45:23,Spot,Simple Earn Flexible Subscription,ETH,-0.0000167,Binance Earn
96972586,22-05-25 07:45:23,Spot,Simple Earn Flexible Subscription,BTC,-0.00000932,Binance Earn
96972586,22-05-25 12:06:51,Spot,Staking Rewards,ALGO,0.01759089,
96972586,22-05-25 12:19:22,Spot,Staking Rewards,BNB,0.00000532,
96972586,22-05-25 12:50:29,Spot,Simple Earn Flexible Interest,ETH,0.0000167,Binance Earn
96972586,22-05-25 13:28:32,Spot,Simple Earn Flexible Interest,BTC,0.00000932,Binance Earn
96972586,22-05-25 17:41:22,Spot,Simple Earn Flexible Subscription,BTC,-0.00000932,Binance Earn
96972586,22-05-25 17:41:22,Spot,Simple Earn Flexible Subscription,ETH,-0.0000167,Binance Earn
96972586,22-05-25 18:26:47,Spot,ETH 2.0 Staking Rewards,BETH,0.00002315,
96972586,22-05-26 12:06:03,Spot,Staking Rewards,ALGO,0.01759089,
96972586,22-05-26 12:18:06,Spot,Staking Rewards,BNB,0.00000532,
96972586,22-05-26 13:25:47,Spot,Simple Earn Flexible Interest,ETH,0.0000167,Binance Earn
96972586,22-05-26 13:28:30,Spot,Simple Earn Flexible Interest,BTC,0.00000932,Binance Earn
96972586,22-05-26 16:24:22,Spot,Simple Earn Flexible Subscription,ETH,-0.0000167,Binance Earn
96972586,22-05-26 16:24:22,Spot,Simple Earn Flexible Subscription,BTC,-0.00000932,Binance Earn
96972586,22-05-26 18:30:58,Spot,ETH 2.0 Staking Rewards,BETH,0.00002306,
96972586,22-05-27 12:06:58,Spot,Staking Rewards,ALGO,0.01759089,
96972586,22-05-27 12:19:11,Spot,Staking Rewards,BNB,0.00000532,
96972586,22-05-27 13:59:50,Spot,Simple Earn Flexible Interest,ETH,0.0000167,Binance Earn
96972586,22-05-27 14:13:11,Spot,Simple Earn Flexible Interest,BTC,0.00000932,Binance Earn
96972586,22-05-27 16:20:32,Spot,Simple Earn Flexible Subscription,BTC,-0.00000932,Binance Earn
96972586,22-05-27 16:20:33,Spot,Simple Earn Flexible Subscription,ETH,-0.0000167,Binance Earn
96972586,22-05-27 18:30:28,Spot,ETH 2.0 Staking Rewards,BETH,0.00002329,
96972586,22-05-28 12:05:43,Spot,Staking Rewards,ALGO,0.01759089,
96972586,22-05-28 12:16:56,Spot,Staking Rewards,BNB,0.00000532,
96972586,22-05-28 14:16:45,Spot,Simple Earn Flexible Interest,ETH,0.0000167,Binance Earn
96972586,22-05-28 14:23:23,Spot,Simple Earn Flexible Interest,BTC,0.00000932,Binance Earn
96972586,22-05-28 16:22:37,Spot,Simple Earn Flexible Subscription,ETH,-0.0000167,Binance Earn
96972586,22-05-28 16:22:37,Spot,Simple Earn Flexible Subscription,BTC,-0.00000932,Binance Earn
96972586,22-05-28 18:30:34,Spot,ETH 2.0 Staking Rewards,BETH,0.00002311,
96972586,22-05-29 06:45:22,Spot,Token Swap - Redenomination/Rebranding,LUNA,-28460.59323,
96972586,22-05-29 06:45:22,Spot,Token Swap - Redenomination/Rebranding,LUNC,28460.59323,
96972586,22-05-29 12:05:50,Spot,Staking Rewards,ALGO,0.01759089,
96972586,22-05-29 12:17:16,Spot,Staking Rewards,BNB,0.00000532,
96972586,22-05-29 14:17:19,Spot,Simple Earn Flexible Interest,ETH,0.0000167,Binance Earn
96972586,22-05-29 14:27:19,Spot,Simple Earn Flexible Interest,BTC,0.00000932,Binance Earn
96972586,22-05-29 16:19:58,Spot,Simple Earn Flexible Subscription,BTC,-0.00000932,Binance Earn
96972586,22-05-29 16:19:59,Spot,Simple Earn Flexible Subscription,ETH,-0.0000167,Binance Earn
96972586,22-05-29 18:30:33,Spot,ETH 2.0 Staking Rewards,BETH,0.00002313,
96972586,22-05-30 12:06:45,Spot,Staking Rewards,ALGO,0.01759089,
96972586,22-05-30 12:18:34,Spot,Staking Rewards,BNB,0.00000532,
96972586,22-05-30 13:59:17,Spot,Simple Earn Flexible Interest,BTC,0.00000932,Binance Earn
96972586,22-05-30 14:15:34,Spot,Simple Earn Flexible Interest,ETH,0.0000167,Binance Earn
96972586,22-05-30 16:19:31,Spot,Simple Earn Flexible Subscription,BTC,-0.00000932,Binance Earn
96972586,22-05-30 16:19:32,Spot,Simple Earn Flexible Subscription,ETH,-0.0000167,Binance Earn
96972586,22-05-30 17:02:47,Spot,Distribution,LUNA,0.13063412,LUNA compensation
96972586,22-05-30 18:30:30,Spot,ETH 2.0 Staking Rewards,BETH,0.00002298,
96972586,22-05-31 12:06:02,Spot,Staking Rewards,ALGO,0.01759089,
96972586,22-05-31 12:16:52,Spot,Staking Rewards,BNB,0.00000532,
96972586,22-05-31 13:17:53,Spot,Simple Earn Flexible Interest,BTC,0.00000932,Binance Earn
96972586,22-05-31 13:21:01,Spot,Simple Earn Flexible Interest,ETH,0.0000167,Binance Earn
96972586,22-05-31 16:20:17,Spot,Simple Earn Flexible Subscription,BTC,-0.00000932,Binance Earn
96972586,22-05-31 16:20:18,Spot,Simple Earn Flexible Subscription,ETH,-0.0000167,Binance Earn
96972586,22-05-31 18:30:34,Spot,ETH 2.0 Staking Rewards,BETH,0.00002289,
96972586,22-06-01 12:39:12,Spot,Staking Rewards,ALGO,0.01759089,
96972586,22-06-01 12:50:20,Spot,Staking Rewards,BNB,0.00000532,
96972586,22-06-01 13:45:27,Spot,Simple Earn Flexible Interest,BTC,0.00000932,Binance Earn
96972586,22-06-01 14:21:46,Spot,Simple Earn Flexible Interest,ETH,0.0000167,Binance Earn
96972586,22-06-01 19:00:35,Spot,ETH 2.0 Staking Rewards,BETH,0.00002314,
96972586,22-06-02 08:25:01,Spot,Simple Earn Flexible Subscription,ETH,-0.0000167,Binance Earn
96972586,22-06-02 08:25:01,Spot,Simple Earn Flexible Subscription,BTC,-0.00000932,Binance Earn
96972586,22-06-02 12:06:57,Spot,Staking Rewards,ALGO,0.01759089,
96972586,22-06-02 12:17:51,Spot,Staking Rewards,BNB,0.00000532,
96972586,22-06-02 13:26:25,Spot,Simple Earn Flexible Interest,ETH,0.0000167,Binance Earn
96972586,22-06-02 14:15:25,Spot,Simple Earn Flexible Interest,BTC,0.00000932,Binance Earn
96972586,22-06-02 16:04:26,Spot,Simple Earn Flexible Subscription,BTC,-0.00000932,Binance Earn
96972586,22-06-02 16:04:26,Spot,Simple Earn Flexible Subscription,ETH,-0.0000167,Binance Earn
96972586,22-06-02 18:30:25,Spot,ETH 2.0 Staking Rewards,BETH,0.00002323,
96972586,22-06-03 12:07:30,Spot,Staking Rewards,ALGO,0.01759089,
96972586,22-06-03 12:17:54,Spot,Staking Rewards,BNB,0.00000532,
96972586,22-06-03 13:24:27,Spot,Simple Earn Flexible Interest,BTC,0.00000932,Binance Earn
96972586,22-06-03 13:28:07,Spot,Simple Earn Flexible Interest,ETH,0.0000167,Binance Earn
96972586,22-06-03 15:29:49,Spot,Simple Earn Flexible Subscription,ETH,-0.0000167,Binance Earn
96972586,22-06-03 15:29:49,Spot,Simple Earn Flexible Subscription,BTC,-0.00000932,Binance Earn
96972586,22-06-03 18:30:27,Spot,ETH 2.0 Staking Rewards,BETH,0.00002302,
96972586,22-06-04 12:07:39,Spot,Staking Rewards,ALGO,0.01759089,
96972586,22-06-04 12:18:12,Spot,Staking Rewards,BNB,0.00000532,
96972586,22-06-04 13:27:53,Spot,Simple Earn Flexible Interest,ETH,0.0000167,Binance Earn
96972586,22-06-04 14:30:43,Spot,Simple Earn Flexible Interest,BTC,0.00000932,Binance Earn
96972586,22-06-04 15:14:00,Spot,Simple Earn Flexible Subscription,BTC,-0.00000932,Binance Earn
96972586,22-06-04 15:14:01,Spot,Simple Earn Flexible Subscription,ETH,-0.0000167,Binance Earn
96972586,22-06-04 18:30:30,Spot,ETH 2.0 Staking Rewards,BETH,0.00002287,
96972586,22-06-05 12:03:12,Spot,Simple Earn Flexible Interest,BTC,0.00000932,Binance Earn
96972586,22-06-05 12:08:34,Spot,Staking Rewards,ALGO,0.01759089,
96972586,22-06-05 12:19:52,Spot,Staking Rewards,BNB,0.00000532,
96972586,22-06-05 13:24:50,Spot,Simple Earn Flexible Interest,ETH,0.0000167,Binance Earn
96972586,22-06-05 18:30:29,Spot,ETH 2.0 Staking Rewards,BETH,0.00002346,
96972586,22-06-05 19:10:48,Spot,Simple Earn Flexible Subscription,BTC,-0.00000932,Binance Earn
96972586,22-06-05 19:10:48,Spot,Simple Earn Flexible Subscription,ETH,-0.0000167,Binance Earn
96972586,22-06-06 12:08:13,Spot,Staking Rewards,ALGO,0.01759089,
96972586,22-06-06 12:17:07,Spot,Staking Rewards,BNB,0.00000532,
96972586,22-06-06 13:47:09,Spot,Simple Earn Flexible Interest,ETH,0.0000167,Binance Earn
96972586,22-06-06 13:59:53,Spot,Simple Earn Flexible Interest,BTC,0.00000932,Binance Earn
96972586,22-06-06 15:23:32,Spot,Simple Earn Flexible Subscription,BTC,-0.00000932,Binance Earn
96972586,22-06-06 15:23:32,Spot,Simple Earn Flexible Subscription,ETH,-0.0000167,Binance Earn
96972586,22-06-06 18:30:28,Spot,ETH 2.0 Staking Rewards,BETH,0.0000231,
96972586,22-06-07 13:04:11,Spot,Simple Earn Flexible Interest,BTC,0.00000932,Binance Earn
96972586,22-06-07 13:11:25,Spot,Simple Earn Flexible Interest,ETH,0.0000167,Binance Earn
96972586,22-06-07 14:21:42,Spot,Staking Rewards,BNB,0.00000532,
96972586,22-06-07 14:57:32,Spot,Staking Rewards,ALGO,0.01759089,
96972586,22-06-07 18:30:32,Spot,ETH 2.0 Staking Rewards,BETH,0.00002303,
96972586,22-06-08 08:31:34,Spot,Simple Earn Flexible Subscription,ETH,-0.0000167,Binance Earn
96972586,22-06-08 08:31:34,Spot,Simple Earn Flexible Subscription,BTC,-0.00000932,Binance Earn
96972586,22-06-08 13:05:10,Spot,Staking Rewards,BNB,0.00000532,
96972586,22-06-08 13:44:57,Spot,Staking Rewards,ALGO,0.01759089,
96972586,22-06-08 13:46:13,Spot,Simple Earn Flexible Interest,ETH,0.0000167,Binance Earn
96972586,22-06-08 13:59:37,Spot,Simple Earn Flexible Interest,BTC,0.00000932,Binance Earn
96972586,22-06-08 14:48:05,Spot,Simple Earn Flexible Subscription,ETH,-0.0000167,Binance Earn
96972586,22-06-08 14:48:05,Spot,Simple Earn Flexible Subscription,BTC,-0.00000932,Binance Earn
96972586,22-06-08 18:30:35,Spot,ETH 2.0 Staking Rewards,BETH,0.000023,
96972586,22-06-09 13:14:21,Spot,Staking Rewards,BNB,0.00000532,
96972586,22-06-09 13:29:54,Spot,Staking Rewards,ALGO,0.01759089,
96972586,22-06-09 14:05:11,Spot,Simple Earn Flexible Interest,ETH,0.0000167,Binance Earn
96972586,22-06-09 14:32:57,Spot,Simple Earn Flexible Interest,BTC,0.00000932,Binance Earn
96972586,22-06-09 18:30:31,Spot,ETH 2.0 Staking Rewards,BETH,0.00002366,
96972586,22-06-10 08:30:37,Spot,Simple Earn Flexible Subscription,ETH,-0.0000167,Binance Earn
96972586,22-06-10 08:30:37,Spot,Simple Earn Flexible Subscription,BTC,-0.00000932,Binance Earn
96972586,22-06-10 11:45:54,Spot,Staking Rewards,BNB,0.00000532,
96972586,22-06-10 12:41:38,Spot,Staking Rewards,ALGO,0.01759089,
96972586,22-06-10 14:38:08,Spot,Simple Earn Flexible Interest,BTC,0.00000932,Binance Earn
96972586,22-06-10 14:42:39,Spot,Simple Earn Flexible Interest,ETH,0.0000167,Binance Earn
96972586,22-06-10 18:30:32,Spot,ETH 2.0 Staking Rewards,BETH,0.00002367,
96972586,22-06-11 08:33:55,Spot,Simple Earn Flexible Subscription,BTC,-0.00000932,Binance Earn
96972586,22-06-11 08:33:55,Spot,Simple Earn Flexible Subscription,ETH,-0.0000167,Binance Earn
96972586,22-06-11 12:45:32,Spot,Staking Rewards,BNB,0.00000532,
96972586,22-06-11 13:41:24,Spot,Staking Rewards,ALGO,0.01759089,
96972586,22-06-11 13:45:27,Spot,Simple Earn Flexible Interest,BTC,0.00000932,Binance Earn
96972586,22-06-11 14:02:01,Spot,Simple Earn Flexible Interest,ETH,0.0000167,Binance Earn
96972586,22-06-11 15:38:38,Spot,Simple Earn Flexible Subscription,BTC,-0.00000932,Binance Earn
96972586,22-06-11 15:38:38,Spot,Simple Earn Flexible Subscription,ETH,-0.0000167,Binance Earn
96972586,22-06-11 18:30:34,Spot,ETH 2.0 Staking Rewards,BETH,0.00002355,
96972586,22-06-12 11:44:27,Spot,Staking Rewards,BNB,0.00000532,
96972586,22-06-12 12:44:06,Spot,Staking Rewards,ALGO,0.01759089,
96972586,22-06-12 13:36:19,Spot,Simple Earn Flexible Interest,ETH,0.0000167,Binance Earn
96972586,22-06-12 13:44:42,Spot,Simple Earn Flexible Interest,BTC,0.00000932,Binance Earn
96972586,22-06-12 17:20:44,Spot,Simple Earn Flexible Subscription,ETH,-0.0000167,Binance Earn
96972586,22-06-12 17:20:44,Spot,Simple Earn Flexible Subscription,BTC,-0.00000932,Binance Earn
96972586,22-06-12 18:30:29,Spot,ETH 2.0 Staking Rewards,BETH,0.00002372,
96972586,22-06-13 11:29:50,Spot,Staking Rewards,BNB,0.00000532,
96972586,22-06-13 12:49:15,Spot,Staking Rewards,ALGO,0.01759089,
96972586,22-06-13 13:26:22,Spot,Simple Earn Flexible Interest,BTC,0.00000932,Binance Earn
96972586,22-06-13 13:48:43,Spot,Simple Earn Flexible Interest,ETH,0.0000167,Binance Earn
96972586,22-06-13 17:13:38,Spot,Simple Earn Flexible Subscription,ETH,-0.0000167,Binance Earn
96972586,22-06-13 17:13:38,Spot,Simple Earn Flexible Subscription,BTC,-0.00000932,Binance Earn
96972586,22-06-13 18:30:32,Spot,ETH 2.0 Staking Rewards,BETH,0.00002383,
96972586,22-06-13 22:23:01,Spot,Simple Earn Flexible Redemption,BTC,0.37296855,Binance Earn
96972586,22-06-13 22:23:21,Spot,Simple Earn Flexible Redemption,ETH,1.4961535,Binance Earn
96972586,22-06-13 22:24:02,Spot,Liquid Swap Add/Sell,BETH,-0.20444293,
96972586,22-06-13 22:24:04,Spot,Swap Farming Transaction,ETH,0.19426994,
96972586,22-06-13 22:37:42,Spot,Withdraw,ETH,-1.69042344,Withdraw fee is included
96972586,22-06-14 06:02:13,Spot,Simple Earn Flexible Subscription,BTC,-0.37296855,Binance Earn
96972586,22-06-14 11:14:40,Spot,Simple Earn Flexible Redemption,BTC,0.37296855,Binance Earn
96972586,22-06-14 11:22:42,Spot,Withdraw,BTC,-0.37296855,Withdraw fee is included
96972586,22-06-14 12:50:42,Spot,Staking Rewards,BNB,0.00000532,
96972586,22-06-14 13:31:07,Spot,Staking Rewards,ALGO,0.01759089,
96972586,22-06-14 18:30:34,Spot,ETH 2.0 Staking Rewards,BETH,0.00002359,
96972586,22-06-15 12:25:27,Spot,Staking Rewards,BNB,0.00000532,
96972586,22-06-15 13:25:53,Spot,Staking Rewards,ALGO,0.01759089,
96972586,22-06-16 11:44:41,Spot,Staking Rewards,BNB,0.00000532,
96972586,22-06-16 12:50:23,Spot,Staking Rewards,ALGO,0.01759089,
96972586,22-06-17 12:44:33,Spot,Staking Rewards,BNB,0.00000532,
96972586,22-06-17 13:18:59,Spot,Staking Rewards,ALGO,0.01759089,
96972586,22-06-18 12:42:48,Spot,Staking Rewards,BNB,0.00000532,
96972586,22-06-18 13:39:34,Spot,Staking Rewards,ALGO,0.01759089,
96972586,22-06-19 12:45:13,Spot,Staking Rewards,BNB,0.00000532,
96972586,22-06-19 13:35:40,Spot,Staking Rewards,ALGO,0.01759089,
96972586,22-06-20 12:48:06,Spot,Staking Rewards,BNB,0.00000532,
96972586,22-06-20 13:17:52,Spot,Staking Rewards,ALGO,0.01759089,
96972586,22-06-21 12:46:28,Spot,Staking Rewards,BNB,0.00000532,
96972586,22-06-21 13:35:29,Spot,Staking Rewards,ALGO,0.01759089,
96972586,22-06-22 12:44:15,Spot,Staking Rewards,BNB,0.00000532,
96972586,22-06-22 13:35:39,Spot,Staking Rewards,ALGO,0.01759089,
96972586,22-06-23 12:48:30,Spot,Staking Rewards,BNB,0.00000532,
96972586,22-06-23 13:43:46,Spot,Staking Rewards,ALGO,0.01759089,
96972586,22-06-24 12:51:56,Spot,Staking Rewards,BNB,0.00000532,
96972586,22-06-24 13:48:29,Spot,Staking Rewards,ALGO,0.01759089,
96972586,22-06-25 12:46:07,Spot,Staking Rewards,BNB,0.00000532,
96972586,22-06-25 13:23:39,Spot,Staking Rewards,ALGO,0.01759089,
96972586,22-06-26 12:44:33,Spot,Staking Rewards,BNB,0.00000532,
96972586,22-06-26 13:44:12,Spot,Staking Rewards,ALGO,0.01759089,
96972586,22-06-27 11:24:42,Spot,Deposit,AUD,3000,
96972586,22-06-27 11:29:44,Spot,Transaction Fee,ETH,-0.0017089,
96972586,22-06-27 11:29:44,Spot,Transaction Spend,AUD,-2999.991039,
96972586,22-06-27 11:29:44,Spot,Transaction Buy,ETH,1.7089,
96972586,22-06-27 12:46:57,Spot,Staking Rewards,BNB,0.00000532,
96972586,22-06-27 13:48:30,Spot,Staking Rewards,ALGO,0.01759089,
96972586,22-06-27 13:59:21,Spot,Simple Earn Flexible Subscription,ETH,-1.7071911,Binance Earn
96972586,22-06-28 12:51:57,Spot,Staking Rewards,BNB,0.00000532,
96972586,22-06-28 13:47:59,Spot,Staking Rewards,ALGO,0.01759089,
96972586,22-06-29 12:47:27,Spot,Staking Rewards,BNB,0.00000532,
96972586,22-06-29 13:46:29,Spot,Staking Rewards,ALGO,0.01759089,
96972586,22-06-29 13:50:53,Spot,Simple Earn Flexible Interest,ETH,0.00001728,Binance Earn
96972586,22-06-29 13:54:42,Spot,Simple Earn Flexible Subscription,ETH,-0.00001728,Binance Earn
96972586,22-06-30 12:34:38,Spot,Staking Rewards,BNB,0.00000532,
96972586,22-06-30 13:28:59,Spot,Staking Rewards,ALGO,0.01759089,
96972586,22-06-30 14:21:06,Spot,Simple Earn Flexible Interest,ETH,0.00001728,Binance Earn
96972586,22-07-01 04:15:24,Spot,Simple Earn Flexible Subscription,ETH,-0.00001728,Binance Earn
96972586,22-07-01 12:21:51,Spot,Staking Rewards,BNB,0.00000532,
96972586,22-07-01 14:23:11,Spot,Staking Rewards,ALGO,0.01759089,
96972586,22-07-01 14:39:26,Spot,Simple Earn Flexible Interest,ETH,0.00001728,Binance Earn
96972586,22-07-02 04:15:38,Spot,Simple Earn Flexible Subscription,ETH,-0.00001728,Binance Earn
96972586,22-07-02 11:48:00,Spot,Staking Rewards,BNB,0.00000532,
96972586,22-07-02 12:24:50,Spot,Staking Rewards,ALGO,0.01759089,
96972586,22-07-02 14:18:35,Spot,Simple Earn Flexible Interest,ETH,0.00001728,Binance Earn
96972586,22-07-03 04:13:00,Spot,Simple Earn Flexible Subscription,ETH,-0.00001728,Binance Earn
96972586,22-07-03 12:49:13,Spot,Staking Rewards,BNB,0.00000532,
96972586,22-07-03 13:29:08,Spot,Staking Rewards,ALGO,0.01759089,
96972586,22-07-03 14:18:26,Spot,Simple Earn Flexible Interest,ETH,0.00001728,Binance Earn
96972586,22-07-04 04:15:40,Spot,Simple Earn Flexible Subscription,ETH,-0.00001728,Binance Earn
96972586,22-07-04 12:45:01,Spot,Staking Rewards,BNB,0.00000532,
96972586,22-07-04 13:29:59,Spot,Staking Rewards,ALGO,0.01759089,
96972586,22-07-04 14:01:46,Spot,Simple Earn Flexible Interest,ETH,0.00001728,Binance Earn
96972586,22-07-05 04:15:12,Spot,Simple Earn Flexible Subscription,ETH,-0.00001728,Binance Earn
96972586,22-07-05 13:03:37,Spot,Staking Rewards,BNB,0.00000532,
96972586,22-07-05 14:00:46,Spot,Simple Earn Flexible Interest,ETH,0.00001728,Binance Earn
96972586,22-07-05 14:03:59,Spot,Staking Rewards,ALGO,0.01759089,
96972586,22-07-06 13:04:04,Spot,Staking Rewards,BNB,0.00000532,
96972586,22-07-06 13:59:37,Spot,Simple Earn Flexible Interest,ETH,0.00001728,Binance Earn
96972586,22-07-06 14:03:26,Spot,Staking Rewards,ALGO,0.01759089,
96972586,22-07-07 13:05:30,Spot,Staking Rewards,BNB,0.00000532,
96972586,22-07-07 14:03:29,Spot,Simple Earn Flexible Interest,ETH,0.00001728,Binance Earn
96972586,22-07-07 14:04:47,Spot,Staking Rewards,ALGO,0.01759089,
96972586,22-07-08 13:06:32,Spot,Staking Rewards,BNB,0.00000532,
96972586,22-07-08 13:40:30,Spot,Simple Earn Flexible Interest,ETH,0.00001728,Binance Earn
96972586,22-07-08 13:51:47,Spot,Staking Rewards,ALGO,0.01759089,
96972586,22-07-09 13:04:49,Spot,Staking Rewards,BNB,0.00000532,
96972586,22-07-09 13:38:19,Spot,Simple Earn Flexible Interest,ETH,0.00001728,Binance Earn
96972586,22-07-09 14:03:19,Spot,Staking Rewards,ALGO,0.01759089,
96972586,22-07-10 13:06:08,Spot,Staking Rewards,BNB,0.00000532,
96972586,22-07-10 13:39:58,Spot,Simple Earn Flexible Interest,ETH,0.00001728,Binance Earn
96972586,22-07-10 13:51:45,Spot,Staking Rewards,ALGO,0.01759089,
96972586,22-07-11 13:03:36,Spot,Staking Rewards,BNB,0.00000532,
96972586,22-07-11 13:39:50,Spot,Simple Earn Flexible Interest,ETH,0.00001728,Binance Earn
96972586,22-07-11 13:59:13,Spot,Staking Rewards,ALGO,0.01759089,
96972586,22-07-11 17:12:12,Spot,Simple Earn Flexible Redemption,ETH,1.70729478,Binance Earn
96972586,22-07-11 17:20:57,Spot,Withdraw,ETH,-1.70741574,Withdraw fee is included
96972586,22-07-12 13:02:44,Spot,Staking Rewards,BNB,0.00000532,
96972586,22-07-12 13:58:02,Spot,Staking Rewards,ALGO,0.01759089,
96972586,22-07-13 12:56:26,Spot,Staking Rewards,BNB,0.00000532,
96972586,22-07-13 14:04:08,Spot,Staking Rewards,ALGO,0.01759089,
96972586,22-07-14 13:01:15,Spot,Staking Rewards,BNB,0.00000532,
96972586,22-07-14 14:04:56,Spot,Staking Rewards,ALGO,0.01759089,
96972586,22-07-15 13:05:07,Spot,Staking Rewards,BNB,0.00000532,
96972586,22-07-15 14:22:05,Spot,Staking Rewards,ALGO,0.01759089,
96972586,22-07-16 13:02:26,Spot,Staking Rewards,BNB,0.00000532,
96972586,22-07-16 14:10:31,Spot,Staking Rewards,ALGO,0.01759089,
96972586,22-07-17 13:02:06,Spot,Staking Rewards,BNB,0.00000532,
96972586,22-07-17 14:10:09,Spot,Staking Rewards,ALGO,0.01759089,
96972586,22-07-18 13:03:30,Spot,Staking Rewards,BNB,0.00000532,
96972586,22-07-18 14:12:53,Spot,Staking Rewards,ALGO,0.01759089,
96972586,22-07-19 13:06:30,Spot,Staking Rewards,BNB,0.00000532,
96972586,22-07-19 14:21:55,Spot,Staking Rewards,ALGO,0.01759089,
96972586,22-07-20 13:02:56,Spot,Staking Rewards,BNB,0.00000532,
96972586,22-07-20 14:13:38,Spot,Staking Rewards,ALGO,0.01759089,
96972586,22-07-21 13:03:42,Spot,Staking Rewards,BNB,0.00000532,
96972586,22-07-21 14:10:26,Spot,Staking Rewards,ALGO,0.01759089,
96972586,22-07-22 13:07:36,Spot,Staking Rewards,BNB,0.00000532,
96972586,22-07-22 14:14:56,Spot,Staking Rewards,ALGO,0.01759089,
96972586,22-07-23 13:06:18,Spot,Staking Rewards,BNB,0.00000532,
96972586,22-07-23 14:10:20,Spot,Staking Rewards,ALGO,0.01759089,
96972586,22-07-24 13:06:44,Spot,Staking Rewards,BNB,0.00000532,
96972586,22-07-24 14:10:44,Spot,Staking Rewards,ALGO,0.01759089,
96972586,22-07-25 13:11:14,Spot,Staking Rewards,BNB,0.00000532,
96972586,22-07-25 14:17:55,Spot,Staking Rewards,ALGO,0.01759089,
96972586,22-07-26 12:59:36,Spot,Staking Rewards,BNB,0.00000532,
96972586,22-07-26 14:14:34,Spot,Staking Rewards,ALGO,0.01759089,
96972586,22-07-27 13:15:13,Spot,Staking Rewards,BNB,0.00000532,
96972586,22-07-27 14:15:07,Spot,Staking Rewards,ALGO,0.01759089,
96972586,22-07-28 13:07:54,Spot,Staking Rewards,BNB,0.00000532,
96972586,22-07-28 14:16:03,Spot,Staking Rewards,ALGO,0.01759089,
96972586,22-07-29 13:10:41,Spot,Staking Rewards,BNB,0.00000532,
96972586,22-07-29 14:17:57,Spot,Staking Rewards,ALGO,0.01759089,
96972586,22-07-30 13:09:45,Spot,Staking Rewards,BNB,0.00000532,
96972586,22-07-30 14:17:02,Spot,Staking Rewards,ALGO,0.01759089,
96972586,22-07-31 13:06:56,Spot,Staking Rewards,BNB,0.00000532,
96972586,22-07-31 14:01:16,Spot,Staking Rewards,ALGO,0.01759089,
96972586,22-08-01 13:06:33,Spot,Staking Rewards,BNB,0.00000532,
96972586,22-08-01 14:12:33,Spot,Staking Rewards,ALGO,0.01759089,
96972586,22-08-02 13:25:17,Spot,Staking Rewards,BNB,0.00000532,
96972586,22-08-02 14:20:53,Spot,Staking Rewards,ALGO,0.01759089,
96972586,22-08-03 13:19:56,Spot,Staking Rewards,BNB,0.00000532,
96972586,22-08-03 14:12:43,Spot,Staking Rewards,ALGO,0.01759089,
96972586,22-08-04 13:19:49,Spot,Staking Rewards,BNB,0.00000532,
96972586,22-08-04 14:12:37,Spot,Staking Rewards,ALGO,0.01759089,
96972586,22-08-05 13:19:14,Spot,Staking Rewards,BNB,0.00000532,
96972586,22-08-05 13:58:34,Spot,Staking Rewards,ALGO,0.01759089,
96972586,22-08-06 13:21:40,Spot,Staking Rewards,BNB,0.00000532,
96972586,22-08-06 14:06:04,Spot,Staking Rewards,ALGO,0.01759089,
96972586,22-08-07 13:29:27,Spot,Staking Rewards,BNB,0.00000532,
96972586,22-08-07 14:14:46,Spot,Staking Rewards,ALGO,0.01759089,
96972586,22-08-08 13:20:19,Spot,Staking Rewards,BNB,0.00000532,
96972586,22-08-08 14:13:03,Spot,Staking Rewards,ALGO,0.01759089,
96972586,22-08-09 13:19:35,Spot,Staking Rewards,BNB,0.00000532,
96972586,22-08-09 14:22:57,Spot,Staking Rewards,ALGO,0.01759089,
96972586,22-08-10 13:19:02,Spot,Staking Rewards,BNB,0.00000532,
96972586,22-08-10 14:23:45,Spot,Staking Rewards,ALGO,0.01759089,
96972586,22-08-11 12:53:20,Spot,Staking Rewards,BNB,0.00000532,
96972586,22-08-11 14:27:21,Spot,Staking Rewards,ALGO,0.01759089,
96972586,22-08-12 13:10:51,Spot,Staking Rewards,BNB,0.00000532,
96972586,22-08-12 14:21:17,Spot,Staking Rewards,ALGO,0.01759089,
96972586,22-08-13 12:47:10,Spot,Staking Rewards,BNB,0.00000532,
96972586,22-08-13 14:24:57,Spot,Staking Rewards,ALGO,0.01759089,
96972586,22-08-14 12:51:28,Spot,Staking Rewards,BNB,0.00000532,
96972586,22-08-14 14:08:44,Spot,Staking Rewards,ALGO,0.01759089,
96972586,22-08-15 12:53:46,Spot,Staking Rewards,BNB,0.00000532,
96972586,22-08-15 14:13:55,Spot,Staking Rewards,ALGO,0.01759089,
96972586,22-08-16 12:40:02,Spot,Staking Rewards,BNB,0.00000532,
96972586,22-08-16 14:13:26,Spot,Staking Rewards,ALGO,0.01759089,
96972586,22-08-17 12:51:06,Spot,Staking Rewards,BNB,0.00000532,
96972586,22-08-17 14:09:58,Spot,Staking Rewards,ALGO,0.01759089,
96972586,22-08-18 12:52:38,Spot,Staking Rewards,BNB,0.00000532,
96972586,22-08-18 14:15:41,Spot,Staking Rewards,ALGO,0.01759089,
96972586,22-08-19 12:52:18,Spot,Staking Rewards,BNB,0.00000532,
96972586,22-08-19 14:22:32,Spot,Staking Rewards,ALGO,0.01759089,
96972586,22-08-20 12:49:41,Spot,Staking Rewards,BNB,0.00000532,
96972586,22-08-20 14:16:18,Spot,Staking Rewards,ALGO,0.01759089,
96972586,22-08-21 12:49:37,Spot,Staking Rewards,BNB,0.00000532,
96972586,22-08-21 14:14:41,Spot,Staking Rewards,ALGO,0.01759089,
96972586,22-08-22 12:37:03,Spot,Staking Rewards,BNB,0.00000532,
96972586,22-08-22 14:20:31,Spot,Staking Rewards,ALGO,0.01759089,
96972586,22-08-23 12:44:34,Spot,Staking Rewards,BNB,0.00000532,
96972586,22-08-23 14:18:22,Spot,Staking Rewards,ALGO,0.01759089,
96972586,22-08-24 12:46:01,Spot,Staking Rewards,BNB,0.00000532,
96972586,22-08-24 14:21:03,Spot,Staking Rewards,ALGO,0.01759089,
96972586,22-08-25 12:44:19,Spot,Staking Rewards,BNB,0.00000532,
96972586,22-08-25 14:17:08,Spot,Staking Rewards,ALGO,0.01759089,
96972586,22-08-26 12:49:41,Spot,Staking Rewards,BNB,0.00000532,
96972586,22-08-26 14:18:53,Spot,Staking Rewards,ALGO,0.01759089,
96972586,22-08-27 12:49:56,Spot,Staking Rewards,BNB,0.00000491,
96972586,22-08-27 14:01:18,Spot,Staking Rewards,ALGO,0.01759089,
96972586,22-08-28 12:48:57,Spot,Staking Rewards,BNB,0.00000491,
96972586,22-08-28 13:56:58,Spot,Staking Rewards,ALGO,0.01759089,
96972586,22-08-29 12:50:31,Spot,Staking Rewards,BNB,0.00000491,
96972586,22-08-29 14:22:53,Spot,Staking Rewards,ALGO,0.01759089,
96972586,22-08-30 12:49:23,Spot,Staking Rewards,BNB,0.00000491,
96972586,22-08-30 14:22:40,Spot,Staking Rewards,ALGO,0.01759089,
96972586,22-08-31 12:55:15,Spot,Staking Rewards,BNB,0.00000491,
96972586,22-08-31 14:24:05,Spot,Staking Rewards,ALGO,0.01759089,
96972586,22-09-01 12:53:34,Spot,Staking Rewards,BNB,0.00000391,
96972586,22-09-01 14:11:15,Spot,Staking Rewards,ALGO,0.01759089,
96972586,22-09-02 12:54:59,Spot,Staking Rewards,BNB,0.00000391,
96972586,22-09-02 14:14:42,Spot,Staking Rewards,ALGO,0.01759089,
96972586,22-09-03 12:52:18,Spot,Staking Rewards,BNB,0.00000391,
96972586,22-09-03 14:52:52,Spot,Staking Rewards,ALGO,0.01759089,
96972586,22-09-04 12:52:20,Spot,Staking Rewards,BNB,0.00000391,
96972586,22-09-04 14:16:32,Spot,Staking Rewards,ALGO,0.01759089,
96972586,22-09-05 12:53:57,Spot,Staking Rewards,BNB,0.00000368,
96972586,22-09-05 14:18:37,Spot,Staking Rewards,ALGO,0.01759089,
96972586,22-09-06 12:55:59,Spot,Staking Rewards,BNB,0.00000368,
96972586,22-09-06 14:24:53,Spot,Staking Rewards,ALGO,0.01759089,
96972586,22-09-07 12:53:28,Spot,Staking Rewards,BNB,0.00000368,
96972586,22-09-07 14:21:07,Spot,Staking Rewards,ALGO,0.01759089,
96972586,22-09-08 12:52:05,Spot,Staking Rewards,BNB,0.00000368,
96972586,22-09-08 14:19:38,Spot,Staking Rewards,ALGO,0.01759089,
96972586,22-09-09 12:42:54,Spot,Staking Rewards,BNB,0.00000368,
96972586,22-09-09 13:44:45,Spot,Staking Rewards,ALGO,0.01759089,
96972586,22-09-10 12:53:48,Spot,Staking Rewards,BNB,0.00000368,
96972586,22-09-10 14:04:05,Spot,Staking Rewards,ALGO,0.01759089,
96972586,22-09-11 12:56:34,Spot,Staking Rewards,BNB,0.00000368,
96972586,22-09-11 14:00:40,Spot,Staking Rewards,ALGO,0.01759089,
96972586,22-09-12 13:00:32,Spot,Staking Rewards,BNB,0.00000311,
96972586,22-09-12 14:08:28,Spot,Staking Rewards,ALGO,0.01759089,
96972586,22-09-13 12:58:58,Spot,Staking Rewards,BNB,0.00000311,
96972586,22-09-13 14:08:06,Spot,Staking Rewards,ALGO,0.01759089,
96972586,22-09-14 12:58:31,Spot,Staking Rewards,BNB,0.00000311,
96972586,22-09-14 14:04:45,Spot,Staking Rewards,ALGO,0.01759089,
96972586,22-09-15 13:17:24,Spot,Staking Rewards,BNB,0.00000311,
96972586,22-09-15 14:36:43,Spot,Staking Rewards,ALGO,0.01759089,
96972586,22-09-16 13:14:26,Spot,Staking Rewards,BNB,0.00000311,
96972586,22-09-16 14:46:24,Spot,Staking Rewards,ALGO,0.01759089,
96972586,22-09-17 13:11:45,Spot,Staking Rewards,BNB,0.00000311,
96972586,22-09-17 14:38:23,Spot,Staking Rewards,ALGO,0.01759089,
96972586,22-09-18 13:15:36,Spot,Staking Rewards,BNB,0.00000311,
96972586,22-09-18 14:41:01,Spot,Staking Rewards,ALGO,0.01759089,
96972586,22-09-19 13:15:51,Spot,Staking Rewards,BNB,0.00000311,
96972586,22-09-19 14:48:00,Spot,Staking Rewards,ALGO,0.01759089,
96972586,22-09-20 13:13:04,Spot,Staking Rewards,BNB,0.00000311,
96972586,22-09-20 14:45:26,Spot,Staking Rewards,ALGO,0.01759089,
96972586,22-09-21 13:08:48,Spot,Staking Rewards,BNB,0.00000311,
96972586,22-09-21 14:48:30,Spot,Staking Rewards,ALGO,0.01759089,
96972586,22-09-22 13:09:46,Spot,Staking Rewards,BNB,0.00000311,
96972586,22-09-22 14:33:20,Spot,Staking Rewards,ALGO,0.01759089,
96972586,22-09-23 13:11:29,Spot,Staking Rewards,BNB,0.00000302,
96972586,22-09-23 14:36:01,Spot,Staking Rewards,ALGO,0.01759089,
96972586,22-09-24 12:36:09,Spot,Staking Rewards,BNB,0.00000302,
96972586,22-09-24 14:34:04,Spot,Staking Rewards,ALGO,0.01759089,
96972586,22-09-25 13:15:12,Spot,Staking Rewards,BNB,0.00000302,
96972586,22-09-25 14:21:06,Spot,Staking Rewards,ALGO,0.01759089,
96972586,22-09-26 13:12:34,Spot,Staking Rewards,BNB,0.00000302,
96972586,22-09-26 14:36:27,Spot,Staking Rewards,ALGO,0.01759089,
96972586,22-09-27 12:49:30,Spot,Simple Earn Locked Rewards,BNB,0.00000302,Binance Earn
96972586,22-09-27 14:04:11,Spot,Simple Earn Locked Rewards,ALGO,0.01759089,Binance Earn
96972586,22-09-28 12:37:41,Spot,Simple Earn Locked Rewards,BNB,0.00000294,Binance Earn
96972586,22-09-28 14:42:22,Spot,Simple Earn Locked Rewards,ALGO,0.01759089,Binance Earn
96972586,22-09-29 13:20:26,Spot,Simple Earn Locked Rewards,BNB,0.00000294,Binance Earn
96972586,22-09-29 14:32:15,Spot,Simple Earn Locked Rewards,ALGO,0.01759089,Binance Earn
96972586,22-09-30 12:36:54,Spot,Simple Earn Locked Rewards,BNB,0.0000029,Binance Earn
96972586,22-09-30 14:28:57,Spot,Simple Earn Locked Rewards,ALGO,0.01759089,Binance Earn
96972586,22-10-01 13:07:01,Spot,Simple Earn Locked Rewards,BNB,0.0000029,Binance Earn
96972586,22-10-01 14:25:46,Spot,Simple Earn Locked Rewards,ALGO,0.01759089,Binance Earn
96972586,22-10-02 13:15:10,Spot,Simple Earn Locked Rewards,BNB,0.0000029,Binance Earn
96972586,22-10-02 14:26:22,Spot,Simple Earn Locked Rewards,ALGO,0.01759089,Binance Earn
96972586,22-10-03 13:19:52,Spot,Simple Earn Locked Rewards,BNB,0.0000029,Binance Earn
96972586,22-10-03 14:28:45,Spot,Simple Earn Locked Rewards,ALGO,0.01759089,Binance Earn
96972586,22-10-04 13:15:47,Spot,Simple Earn Locked Rewards,BNB,0.0000029,Binance Earn
96972586,22-10-04 14:29:49,Spot,Simple Earn Locked Rewards,ALGO,0.01759089,Binance Earn
96972586,22-10-05 13:14:41,Spot,Simple Earn Locked Rewards,BNB,0.00000282,Binance Earn
96972586,22-10-05 14:29:55,Spot,Simple Earn Locked Rewards,ALGO,0.01759089,Binance Earn
96972586,22-10-06 13:14:23,Spot,Simple Earn Locked Rewards,BNB,0.00000282,Binance Earn
96972586,22-10-06 14:29:40,Spot,Simple Earn Locked Rewards,ALGO,0.01759089,Binance Earn
96972586,22-10-06 15:40:22,Spot,Deposit,AUD,1000,
96972586,22-10-06 15:42:32,Spot,Binance Convert,NEAR,87.8655251,
96972586,22-10-06 15:42:32,Spot,Binance Convert,AUD,-500,
96972586,22-10-06 15:43:24,Spot,Binance Convert,DOT,50.22371275,
96972586,22-10-06 15:43:24,Spot,Binance Convert,AUD,-500,
96972586,22-10-06 15:45:28,Spot,Simple Earn Locked Subscription,NEAR,-20,Binance Earn
96972586,22-10-06 15:45:55,Spot,Simple Earn Locked Subscription,DOT,-20,Binance Earn
96972586,22-10-07 13:16:32,Spot,Simple Earn Locked Rewards,BNB,0.00000282,Binance Earn
96972586,22-10-07 14:31:50,Spot,Simple Earn Locked Rewards,ALGO,0.01759089,Binance Earn
96972586,22-10-07 22:42:10,Spot,Deposit,AUD,1500,
96972586,22-10-07 22:44:47,Spot,Transaction Spend,AUD,-999.006,
96972586,22-10-07 22:44:47,Spot,Transaction Buy,XRP,1310,
96972586,22-10-07 22:44:47,Spot,Transaction Fee,XRP,-1.31,
96972586,22-10-07 22:49:50,Spot,Binance Convert,AUD,-501.002961,
96972586,22-10-07 22:49:50,Spot,Binance Convert,QNT,2.34756316,
96972586,22-10-07 22:50:39,Spot,Simple Earn Flexible Subscription,QNT,-2.34756316,Binance Earn
96972586,22-10-07 22:51:10,Spot,Simple Earn Flexible Subscription,XRP,-1308.69,Binance Earn
96972586,22-10-08 12:59:38,Spot,Simple Earn Locked Rewards,DOT,0.0114958,Binance Earn
96972586,22-10-08 13:13:37,Spot,Simple Earn Locked Rewards,BNB,0.00000282,Binance Earn
96972586,22-10-08 14:33:27,Spot,Simple Earn Locked Rewards,ALGO,0.01759089,Binance Earn
96972586,22-10-08 15:19:30,Spot,Simple Earn Locked Rewards,NEAR,0.0167068,Binance Earn
96972586,22-10-09 12:22:00,Spot,Simple Earn Locked Rewards,DOT,0.0114958,Binance Earn
96972586,22-10-09 13:07:22,Spot,Simple Earn Locked Rewards,BNB,0.00000282,Binance Earn
96972586,22-10-09 13:19:37,Spot,Simple Earn Flexible Interest,QNT,0.00019294,Binance Earn
96972586,22-10-09 13:22:09,Spot,Simple Earn Flexible Interest,XRP,0.08963217,Binance Earn
96972586,22-10-09 14:22:08,Spot,Simple Earn Locked Rewards,ALGO,0.01759089,Binance Earn
96972586,22-10-09 14:34:30,Spot,Simple Earn Locked Rewards,NEAR,0.0167068,Binance Earn
96972586,22-10-10 04:49:12,Spot,Simple Earn Flexible Subscription,QNT,-0.00019294,Binance Earn
96972586,22-10-10 04:56:55,Spot,Simple Earn Flexible Subscription,XRP,-0.08963217,Binance Earn
96972586,22-10-10 12:52:47,Spot,Simple Earn Locked Rewards,DOT,0.0114958,Binance Earn
96972586,22-10-10 13:06:49,Spot,Simple Earn Locked Rewards,BNB,0.00000282,Binance Earn
96972586,22-10-10 13:51:40,Spot,Simple Earn Flexible Interest,QNT,0.00019294,Binance Earn
96972586,22-10-10 13:52:52,Spot,Simple Earn Flexible Interest,XRP,0.08963217,Binance Earn
96972586,22-10-10 14:20:26,Spot,Simple Earn Locked Rewards,ALGO,0.01759089,Binance Earn
96972586,22-10-10 14:59:58,Spot,Simple Earn Locked Rewards,NEAR,0.0167068,Binance Earn
96972586,22-10-11 04:33:38,Spot,Simple Earn Flexible Subscription,QNT,-0.00019294,Binance Earn
96972586,22-10-11 04:40:01,Spot,Simple Earn Flexible Subscription,XRP,-0.08963217,Binance Earn
96972586,22-10-11 12:55:35,Spot,Simple Earn Locked Rewards,DOT,0.0114958,Binance Earn
96972586,22-10-11 13:04:19,Spot,Simple Earn Locked Rewards,BNB,0.00000282,Binance Earn
96972586,22-10-11 13:27:22,Spot,Simple Earn Flexible Interest,QNT,0.00019296,Binance Earn
96972586,22-10-11 13:52:18,Spot,Simple Earn Flexible Interest,XRP,0.08963831,Binance Earn
96972586,22-10-11 14:20:36,Spot,Simple Earn Locked Rewards,ALGO,0.01759089,Binance Earn
96972586,22-10-11 15:02:39,Spot,Simple Earn Locked Rewards,NEAR,0.0167068,Binance Earn
96972586,22-10-12 05:00:39,Spot,Simple Earn Flexible Subscription,QNT,-0.00019296,Binance Earn
96972586,22-10-12 05:09:03,Spot,Simple Earn Flexible Subscription,XRP,-0.08963831,Binance Earn
96972586,22-10-12 12:37:12,Spot,Simple Earn Locked Rewards,BNB,0.00000282,Binance Earn
96972586,22-10-12 12:53:02,Spot,Simple Earn Locked Rewards,DOT,0.0114958,Binance Earn
96972586,22-10-12 13:52:56,Spot,Simple Earn Flexible Interest,QNT,0.00019297,Binance Earn
96972586,22-10-12 13:52:57,Spot,Simple Earn Locked Rewards,ALGO,0.01759089,Binance Earn
96972586,22-10-12 14:16:35,Spot,Simple Earn Flexible Interest,XRP,0.08964445,Binance Earn
96972586,22-10-12 14:56:42,Spot,Simple Earn Locked Rewards,NEAR,0.0167068,Binance Earn
96972586,22-10-13 04:42:11,Spot,Simple Earn Flexible Subscription,QNT,-0.00019297,Binance Earn
96972586,22-10-13 04:49:31,Spot,Simple Earn Flexible Subscription,XRP,-0.08964445,Binance Earn
96972586,22-10-13 12:36:30,Spot,Simple Earn Locked Rewards,BNB,0.00000282,Binance Earn
96972586,22-10-13 12:58:43,Spot,Simple Earn Locked Rewards,DOT,0.0114958,Binance Earn
96972586,22-10-13 13:32:52,Spot,Simple Earn Flexible Interest,XRP,0.03980544,Binance Earn
96972586,22-10-13 13:50:48,Spot,Simple Earn Locked Rewards,ALGO,0.01759089,Binance Earn
96972586,22-10-13 13:53:51,Spot,Simple Earn Flexible Interest,QNT,0.00019299,Binance Earn
96972586,22-10-13 15:06:49,Spot,Simple Earn Locked Rewards,NEAR,0.0167068,Binance Earn
96972586,22-10-14 05:05:54,Spot,Simple Earn Flexible Subscription,QNT,-0.00019299,Binance Earn
96972586,22-10-14 05:14:52,Spot,Simple Earn Flexible Subscription,XRP,-0.03980544,Binance Earn
96972586,22-10-14 12:58:21,Spot,Simple Earn Locked Rewards,DOT,0.0114958,Binance Earn
96972586,22-10-14 13:05:22,Spot,Simple Earn Locked Rewards,BNB,0.00000282,Binance Earn
96972586,22-10-14 14:03:54,Spot,Simple Earn Flexible Interest,XRP,0.03980816,Binance Earn
96972586,22-10-14 14:08:26,Spot,Simple Earn Flexible Interest,QNT,0.000193,Binance Earn
96972586,22-10-14 14:22:19,Spot,Simple Earn Locked Rewards,ALGO,0.01759089,Binance Earn
96972586,22-10-14 15:10:22,Spot,Simple Earn Locked Rewards,NEAR,0.0167068,Binance Earn
96972586,22-10-15 04:56:16,Spot,Simple Earn Flexible Subscription,QNT,-0.000193,Binance Earn
96972586,22-10-15 05:05:08,Spot,Simple Earn Flexible Subscription,XRP,-0.03980816,Binance Earn
96972586,22-10-15 12:57:38,Spot,Simple Earn Locked Rewards,DOT,0.0114958,Binance Earn
96972586,22-10-15 13:04:39,Spot,Simple Earn Locked Rewards,BNB,0.00000282,Binance Earn
96972586,22-10-15 13:43:24,Spot,Simple Earn Flexible Interest,XRP,0.03980937,Binance Earn
96972586,22-10-15 13:53:46,Spot,Simple Earn Flexible Interest,QNT,0.00019302,Binance Earn
96972586,22-10-15 14:20:22,Spot,Simple Earn Locked Rewards,ALGO,0.01759089,Binance Earn
96972586,22-10-15 15:05:37,Spot,Simple Earn Locked Rewards,NEAR,0.0167068,Binance Earn
96972586,22-10-16 05:03:02,Spot,Simple Earn Flexible Subscription,QNT,-0.00019302,Binance Earn
96972586,22-10-16 05:12:00,Spot,Simple Earn Flexible Subscription,XRP,-0.03980937,Binance Earn
96972586,22-10-16 12:34:32,Spot,Simple Earn Locked Rewards,BNB,0.00000282,Binance Earn
96972586,22-10-16 12:57:45,Spot,Simple Earn Locked Rewards,DOT,0.0114958,Binance Earn
96972586,22-10-16 13:33:22,Spot,Simple Earn Flexible Interest,XRP,0.03981058,Binance Earn
96972586,22-10-16 13:49:14,Spot,Simple Earn Locked Rewards,ALGO,0.01759089,Binance Earn
96972586,22-10-16 14:12:50,Spot,Simple Earn Flexible Interest,QNT,0.00019304,Binance Earn
96972586,22-10-16 15:07:50,Spot,Simple Earn Locked Rewards,NEAR,0.0167068,Binance Earn
96972586,22-10-17 05:06:21,Spot,Simple Earn Flexible Subscription,QNT,-0.00019304,Binance Earn
96972586,22-10-17 05:15:20,Spot,Simple Earn Flexible Subscription,XRP,-0.03981058,Binance Earn
96972586,22-10-17 12:13:25,Spot,Simple Earn Flexible Interest,XRP,0.03981179,Binance Earn
96972586,22-10-17 13:00:55,Spot,Simple Earn Flexible Interest,QNT,0.00019305,Binance Earn
96972586,22-10-17 13:02:30,Spot,Simple Earn Locked Rewards,DOT,0.0114958,Binance Earn
96972586,22-10-17 13:10:54,Spot,Simple Earn Locked Rewards,BNB,0.00000282,Binance Earn
96972586,22-10-17 13:29:40,Spot,Simple Earn Flexible Subscription,QNT,-0.00019305,Binance Earn
96972586,22-10-17 13:40:37,Spot,Simple Earn Flexible Subscription,XRP,-0.03981179,Binance Earn
96972586,22-10-17 14:21:29,Spot,Simple Earn Locked Rewards,ALGO,0.01759089,Binance Earn
96972586,22-10-17 15:08:52,Spot,Simple Earn Locked Rewards,NEAR,0.0167068,Binance Earn
96972586,22-10-18 12:54:55,Spot,Simple Earn Locked Rewards,DOT,0.0114958,Binance Earn
96972586,22-10-18 13:04:05,Spot,Simple Earn Locked Rewards,BNB,0.00000282,Binance Earn
96972586,22-10-18 13:18:03,Spot,Simple Earn Flexible Interest,QNT,0.00019307,Binance Earn
96972586,22-10-18 13:20:20,Spot,Simple Earn Flexible Interest,XRP,0.039813,Binance Earn
96972586,22-10-18 14:21:36,Spot,Simple Earn Locked Rewards,ALGO,0.01759089,Binance Earn
96972586,22-10-18 14:33:37,Spot,Simple Earn Locked Rewards,NEAR,0.0167068,Binance Earn
96972586,22-10-19 04:30:18,Spot,Simple Earn Flexible Subscription,XRP,-0.039813,Binance Earn
96972586,22-10-19 12:52:59,Spot,Simple Earn Locked Rewards,DOT,0.0114958,Binance Earn
96972586,22-10-19 13:03:49,Spot,Simple Earn Locked Rewards,BNB,0.00000282,Binance Earn
96972586,22-10-19 13:18:28,Spot,Simple Earn Flexible Interest,QNT,0.00022527,Binance Earn
96972586,22-10-19 13:55:48,Spot,Simple Earn Flexible Interest,XRP,0.03981421,Binance Earn
96972586,22-10-19 14:32:31,Spot,Simple Earn Locked Rewards,ALGO,0.01759089,Binance Earn
96972586,22-10-19 14:40:23,Spot,Simple Earn Locked Rewards,NEAR,0.0167068,Binance Earn
96972586,22-10-20 04:18:27,Spot,Simple Earn Flexible Subscription,XRP,-0.03981421,Binance Earn
96972586,22-10-20 12:20:36,Spot,Simple Earn Locked Rewards,BNB,0.00000282,Binance Earn
96972586,22-10-20 12:51:29,Spot,Simple Earn Locked Rewards,DOT,0.0114958,Binance Earn
96972586,22-10-20 13:08:19,Spot,Simple Earn Flexible Interest,QNT,0.00022527,Binance Earn
96972586,22-10-20 14:02:38,Spot,Simple Earn Flexible Interest,XRP,0.03981542,Binance Earn
96972586,22-10-20 14:34:37,Spot,Simple Earn Locked Rewards,ALGO,0.01759089,Binance Earn
96972586,22-10-20 14:34:39,Spot,Simple Earn Locked Rewards,NEAR,0.0167068,Binance Earn
96972586,22-10-21 04:36:25,Spot,Simple Earn Flexible Subscription,XRP,-0.03981542,Binance Earn
96972586,22-10-21 12:24:56,Spot,Simple Earn Locked Rewards,DOT,0.0114958,Binance Earn
96972586,22-10-21 12:52:12,Spot,Simple Earn Flexible Subscription,QNT,-0.00064361,Binance Earn
96972586,22-10-21 13:03:44,Spot,Simple Earn Locked Rewards,BNB,0.00000254,Binance Earn
96972586,22-10-21 13:09:50,Spot,Simple Earn Flexible Interest,QNT,0.00022527,Binance Earn
96972586,22-10-21 13:55:58,Spot,Simple Earn Flexible Interest,XRP,0.03981664,Binance Earn
96972586,22-10-21 14:24:05,Spot,Simple Earn Locked Rewards,ALGO,0.01759089,Binance Earn
96972586,22-10-21 14:34:22,Spot,Simple Earn Locked Rewards,NEAR,0.0167068,Binance Earn
96972586,22-10-22 05:03:51,Spot,Simple Earn Flexible Subscription,XRP,-0.03981664,Binance Earn
96972586,22-10-22 12:23:50,Spot,Simple Earn Locked Rewards,DOT,0.0114958,Binance Earn
96972586,22-10-22 12:34:17,Spot,Simple Earn Locked Rewards,BNB,0.00000254,Binance Earn
96972586,22-10-22 13:10:16,Spot,Simple Earn Flexible Interest,XRP,0.03981785,Binance Earn
96972586,22-10-22 13:12:27,Spot,Simple Earn Flexible Interest,QNT,0.00022527,Binance Earn
96972586,22-10-22 14:32:12,Spot,Simple Earn Locked Rewards,ALGO,0.01759089,Binance Earn
96972586,22-10-22 14:34:28,Spot,Simple Earn Locked Rewards,NEAR,0.0167068,Binance Earn
96972586,22-10-22 20:04:45,Spot,Deposit,AUD,500,
96972586,22-10-22 20:06:48,Spot,Transaction Buy,BTC,0.01512,
96972586,22-10-22 20:06:48,Spot,Transaction Buy,BTC,0.0015,
96972586,22-10-22 20:06:48,Spot,Transaction Spend,AUD,-454.6506888,
96972586,22-10-22 20:06:48,Spot,Transaction Spend,AUD,-45.104235,
96972586,22-10-23 04:58:49,Spot,Simple Earn Flexible Subscription,XRP,-0.03981785,Binance Earn
96972586,22-10-23 12:51:32,Spot,Simple Earn Locked Rewards,DOT,0.0114958,Binance Earn
96972586,22-10-23 13:12:14,Spot,Simple Earn Flexible Interest,QNT,0.00022533,Binance Earn
96972586,22-10-23 13:13:38,Spot,Simple Earn Locked Rewards,BNB,0.00000254,Binance Earn
96972586,22-10-23 14:09:02,Spot,Simple Earn Locked Rewards,NEAR,0.0167068,Binance Earn
96972586,22-10-23 14:19:25,Spot,Simple Earn Flexible Interest,XRP,0.03981906,Binance Earn
96972586,22-10-23 14:28:18,Spot,Simple Earn Locked Rewards,ALGO,0.01759089,Binance Earn
96972586,22-10-24 05:05:56,Spot,Simple Earn Flexible Subscription,XRP,-0.03981906,Binance Earn
96972586,22-10-24 12:17:33,Spot,Simple Earn Locked Rewards,DOT,0.0114958,Binance Earn
96972586,22-10-24 12:41:07,Spot,Simple Earn Locked Rewards,BNB,0.00000254,Binance Earn
96972586,22-10-24 13:13:12,Spot,Simple Earn Flexible Interest,QNT,0.00022533,Binance Earn
96972586,22-10-24 13:57:27,Spot,Simple Earn Locked Rewards,ALGO,0.01759089,Binance Earn
96972586,22-10-24 14:18:23,Spot,Simple Earn Flexible Interest,XRP,0.03982027,Binance Earn
96972586,22-10-24 14:33:57,Spot,Simple Earn Locked Rewards,NEAR,0.0167068,Binance Earn
96972586,22-10-25 04:40:01,Spot,Simple Earn Flexible Subscription,XRP,-0.03982027,Binance Earn
96972586,22-10-25 12:13:19,Spot,Simple Earn Flexible Interest,QNT,0.00022533,Binance Earn
96972586,22-10-25 12:18:16,Spot,Simple Earn Locked Rewards,DOT,0.0114958,Binance Earn
96972586,22-10-25 12:51:36,Spot,Simple Earn Flexible Interest,XRP,0.03982148,Binance Earn
96972586,22-10-25 13:11:21,Spot,Simple Earn Flexible Subscription,XRP,-0.03982148,Binance Earn
96972586,22-10-25 13:27:12,Spot,Simple Earn Locked Rewards,BNB,0.00000254,Binance Earn
96972586,22-10-25 14:00:35,Spot,Simple Earn Locked Rewards,ALGO,0.01759089,Binance Earn
96972586,22-10-25 14:29:05,Spot,Simple Earn Locked Rewards,NEAR,0.0167068,Binance Earn
96972586,22-10-26 04:47:58,Spot,Simple Earn Flexible Subscription,QNT,-0.00112653,Binance Earn
96972586,22-10-26 12:16:49,Spot,Simple Earn Locked Rewards,DOT,0.0114958,Binance Earn
96972586,22-10-26 13:15:26,Spot,Simple Earn Locked Rewards,BNB,0.00000254,Binance Earn
96972586,22-10-26 13:30:05,Spot,Simple Earn Flexible Interest,QNT,0.00022533,Binance Earn
96972586,22-10-26 13:51:31,Spot,Deposit,AUD,2000,
96972586,22-10-26 13:53:28,Spot,Transaction Fee,LINK,-0.04467,
96972586,22-10-26 13:53:28,Spot,Transaction Buy,LINK,44.67,
96972586,22-10-26 13:53:28,Spot,Transaction Spend,AUD,-499.72329,
96972586,22-10-26 14:02:24,Spot,Transaction Fee,BNB,-0.000413,
96972586,22-10-26 14:02:24,Spot,Transaction Spend,AUD,-184.5697,
96972586,22-10-26 14:02:24,Spot,Transaction Buy,BNB,0.413,
96972586,22-10-26 14:03:02,Spot,Simple Earn Flexible Interest,XRP,0.03982269,Binance Earn
96972586,22-10-26 14:03:10,Spot,Simple Earn Locked Rewards,ALGO,0.01759089,Binance Earn
96972586,22-10-26 14:07:20,Spot,Binance Convert,BTC,0.04154681,
96972586,22-10-26 14:07:20,Spot,Binance Convert,AUD,-1315.9520862,
96972586,22-10-26 14:34:13,Spot,Simple Earn Locked Rewards,NEAR,0.0167068,Binance Earn
96972586,22-10-27 04:45:23,Spot,Simple Earn Flexible Subscription,QNT,-0.00022533,Binance Earn
96972586,22-10-27 04:52:08,Spot,Simple Earn Flexible Subscription,XRP,-0.03982269,Binance Earn
96972586,22-10-27 12:39:50,Spot,Simple Earn Locked Rewards,BNB,0.00000254,Binance Earn
96972586,22-10-27 12:49:09,Spot,Simple Earn Locked Rewards,DOT,0.0114958,Binance Earn
96972586,22-10-27 13:12:24,Spot,Simple Earn Flexible Interest,XRP,0.0398239,Binance Earn
96972586,22-10-27 13:39:31,Spot,Simple Earn Flexible Interest,QNT,0.00022544,Binance Earn
96972586,22-10-27 13:49:12,Spot,Simple Earn Locked Rewards,ALGO,0.01759089,Binance Earn
96972586,22-10-27 15:10:06,Spot,Simple Earn Locked Rewards,NEAR,0.0167068,Binance Earn
96972586,22-10-28 04:43:45,Spot,Simple Earn Flexible Subscription,QNT,-0.00022544,Binance Earn
96972586,22-10-28 04:50:31,Spot,Simple Earn Flexible Subscription,XRP,-0.0398239,Binance Earn
96972586,22-10-28 12:40:08,Spot,Simple Earn Flexible Interest,QNT,0.00022546,Binance Earn
96972586,22-10-28 12:45:02,Spot,Simple Earn Locked Rewards,BNB,0.00000254,Binance Earn
96972586,22-10-28 12:54:40,Spot,Simple Earn Locked Rewards,DOT,0.0114958,Binance Earn
96972586,22-10-28 13:56:24,Spot,Simple Earn Locked Rewards,ALGO,0.01759089,Binance Earn
96972586,22-10-28 14:24:36,Spot,Simple Earn Flexible Interest,XRP,0.03982511,Binance Earn
96972586,22-10-28 14:33:56,Spot,Simple Earn Flexible Subscription,QNT,-0.00022546,Binance Earn
96972586,22-10-28 14:43:46,Spot,Simple Earn Flexible Subscription,XRP,-0.03982511,Binance Earn
96972586,22-10-28 15:13:37,Spot,Simple Earn Locked Rewards,NEAR,0.0167068,Binance Earn
96972586,22-10-29 12:49:30,Spot,Simple Earn Locked Rewards,DOT,0.0114958,Binance Earn
96972586,22-10-29 13:24:05,Spot,Simple Earn Locked Rewards,BNB,0.00000254,Binance Earn
96972586,22-10-29 13:27:37,Spot,Simple Earn Locked Rewards,ALGO,0.01759089,Binance Earn
96972586,22-10-29 13:30:55,Spot,Simple Earn Flexible Interest,QNT,0.00022548,Binance Earn
96972586,22-10-29 13:32:30,Spot,Simple Earn Flexible Interest,XRP,0.03982632,Binance Earn
96972586,22-10-29 15:07:05,Spot,Simple Earn Locked Rewards,NEAR,0.0167068,Binance Earn
96972586,22-10-30 04:58:47,Spot,Simple Earn Flexible Subscription,QNT,-0.00022548,Binance Earn
96972586,22-10-30 05:07:15,Spot,Simple Earn Flexible Subscription,XRP,-0.03982632,Binance Earn
96972586,22-10-30 12:21:04,Spot,Simple Earn Locked Rewards,DOT,0.0114958,Binance Earn
96972586,22-10-30 13:23:38,Spot,Simple Earn Locked Rewards,BNB,0.00000254,Binance Earn
96972586,22-10-30 13:55:59,Spot,Simple Earn Flexible Interest,XRP,0.03982753,Binance Earn
96972586,22-10-30 14:04:16,Spot,Simple Earn Locked Rewards,ALGO,0.01759089,Binance Earn
96972586,22-10-30 14:33:17,Spot,Simple Earn Flexible Interest,QNT,0.0002255,Binance Earn
96972586,22-10-30 15:10:07,Spot,Simple Earn Locked Rewards,NEAR,0.0167068,Binance Earn
96972586,22-10-31 04:53:48,Spot,Simple Earn Flexible Subscription,QNT,-0.0002255,Binance Earn
96972586,22-10-31 05:00:49,Spot,Simple Earn Flexible Subscription,XRP,-0.03982753,Binance Earn
96972586,22-10-31 12:54:25,Spot,Simple Earn Locked Rewards,DOT,0.0114958,Binance Earn
96972586,22-10-31 13:23:51,Spot,Simple Earn Locked Rewards,BNB,0.00000254,Binance Earn
96972586,22-10-31 13:35:56,Spot,Simple Earn Flexible Interest,XRP,0.03982875,Binance Earn
96972586,22-10-31 13:49:14,Spot,Simple Earn Flexible Interest,QNT,0.00022553,Binance Earn
96972586,22-10-31 13:59:22,Spot,Simple Earn Locked Rewards,ALGO,0.01759089,Binance Earn
96972586,22-10-31 14:37:19,Spot,Deposit,AUD,3600,
96972586,22-10-31 14:40:02,Spot,Binance Convert,AUD,-3600,
96972586,22-10-31 14:40:02,Spot,Binance Convert,NEAR,745.19164762,
96972586,22-10-31 14:48:33,Spot,Transaction Sold,NEAR,-258.5,
96972586,22-10-31 14:48:33,Spot,Transaction Fee,BNB,-0.00128809,
96972586,22-10-31 14:48:33,Spot,Transaction Fee,BNB,-0.00257414,
96972586,22-10-31 14:48:33,Spot,Transaction Sold,NEAR,-129.3,
96972586,22-10-31 14:48:33,Spot,Transaction Fee,BNB,-0.00018821,
96972586,22-10-31 14:48:33,Spot,Transaction Revenue,BNB,0.1882062,
96972586,22-10-31 14:48:33,Spot,Transaction Revenue,BNB,1.2880866,
96972586,22-10-31 14:48:33,Spot,Transaction Sold,NEAR,-18.9,
96972586,22-10-31 14:48:33,Spot,Transaction Revenue,BNB,2.574143,
96972586,22-10-31 14:49:24,Spot,Transaction Spend,BNB,-0.8493758,
96972586,22-10-31 14:49:24,Spot,Transaction Spend,BNB,-1.4480166,
96972586,22-10-31 14:49:24,Spot,Transaction Buy,QNT,2.698,
96972586,22-10-31 14:49:24,Spot,Transaction Buy,QNT,1.582,
96972586,22-10-31 14:49:24,Spot,Transaction Fee,QNT,-0.002698,
96972586,22-10-31 14:49:24,Spot,Transaction Buy,QNT,2.013,
96972586,22-10-31 14:49:24,Spot,Transaction Buy,QNT,2.013,
96972586,22-10-31 14:49:24,Spot,Transaction Fee,QNT,-0.002013,
96972586,22-10-31 14:49:24,Spot,Transaction Fee,QNT,-0.002013,
96972586,22-10-31 14:49:24,Spot,Transaction Fee,QNT,-0.001582,
96972586,22-10-31 14:49:24,Spot,Transaction Spend,BNB,-1.0801758,
96972586,22-10-31 14:49:24,Spot,Transaction Spend,BNB,-1.0805784,
96972586,22-10-31 15:10:04,Spot,Simple Earn Locked Rewards,NEAR,0.0167068,Binance Earn
96972586,22-10-31 15:23:27,Spot,Transaction Sold,QNT,-0.268,
96972586,22-10-31 15:23:27,Spot,Transaction Fee,BTC,-0.00000216,
96972586,22-10-31 15:23:27,Spot,Transaction Revenue,BTC,0.002159,
96972586,22-10-31 15:23:29,Spot,Transaction Fee,BTC,-0.00001063,
96972586,22-10-31 15:23:29,Spot,Transaction Sold,QNT,-1.32,
96972586,22-10-31 15:23:29,Spot,Transaction Revenue,BTC,0.01063392,
96972586,22-10-31 15:23:31,Spot,Transaction Revenue,BTC,0.0036252,
96972586,22-10-31 15:23:31,Spot,Transaction Sold,QNT,-0.45,
96972586,22-10-31 15:23:31,Spot,Transaction Fee,BTC,-0.00000363,
96972586,22-10-31 15:24:38,Spot,Transaction Fee,BTC,-0.00000889,
96972586,22-10-31 15:24:38,Spot,Transaction Sold,QNT,-1.104,
96972586,22-10-31 15:24:38,Spot,Transaction Revenue,BTC,0.00889382,
96972586,22-10-31 15:24:38,Spot,Transaction Revenue,BTC,0.00371381,
96972586,22-10-31 15:24:38,Spot,Transaction Sold,QNT,-0.461,
96972586,22-10-31 15:24:38,Spot,Transaction Fee,BTC,-0.00000371,
96972586,22-10-31 15:24:39,Spot,Transaction Fee,BTC,-0.00002612,
96972586,22-10-31 15:24:39,Spot,Transaction Fee,BTC,-0.00000345,
96972586,22-10-31 15:24:39,Spot,Transaction Fee,BTC,-0.00000687,
96972586,22-10-31 15:24:39,Spot,Transaction Sold,QNT,-0.171,
96972586,22-10-31 15:24:39,Spot,Transaction Sold,QNT,-0.853,
96972586,22-10-31 15:24:39,Spot,Transaction Sold,QNT,-0.428,
96972586,22-10-31 15:24:39,Spot,Transaction Sold,QNT,-3.242,
96972586,22-10-31 15:24:39,Spot,Transaction Fee,BTC,-0.00000138,
96972586,22-10-31 15:24:39,Spot,Transaction Revenue,BTC,0.00137757,
96972586,22-10-31 15:24:39,Spot,Transaction Revenue,BTC,0.00687176,
96972586,22-10-31 15:24:39,Spot,Transaction Revenue,BTC,0.02611755,
96972586,22-10-31 15:24:39,Spot,Transaction Revenue,BTC,0.00344796,
96972586,22-11-01 05:09:19,Spot,Simple Earn Flexible Subscription,QNT,-0.00091953,Binance Earn
96972586,22-11-01 05:17:47,Spot,Simple Earn Flexible Subscription,XRP,-0.03982875,Binance Earn
96972586,22-11-01 12:53:52,Spot,Simple Earn Locked Rewards,DOT,0.0114958,Binance Earn
96972586,22-11-01 13:12:52,Spot,Simple Earn Flexible Interest,XRP,0.03982996,Binance Earn
96972586,22-11-01 13:22:03,Spot,Simple Earn Locked Rewards,BNB,0.00000254,Binance Earn
96972586,22-11-01 14:04:58,Spot,Simple Earn Flexible Interest,QNT,0.00022555,Binance Earn
96972586,22-11-01 14:07:09,Spot,Simple Earn Locked Rewards,ALGO,0.01759089,Binance Earn
96972586,22-11-01 15:10:08,Spot,Simple Earn Locked Rewards,NEAR,0.0167068,Binance Earn
96972586,22-11-02 04:38:25,Spot,Simple Earn Flexible Subscription,QNT,-0.00022555,Binance Earn
96972586,22-11-02 04:44:46,Spot,Simple Earn Flexible Subscription,XRP,-0.03982996,Binance Earn
96972586,22-11-02 12:55:06,Spot,Simple Earn Locked Rewards,DOT,0.0114958,Binance Earn
96972586,22-11-02 13:21:22,Spot,Simple Earn Locked Rewards,BNB,0.00000254,Binance Earn
96972586,22-11-02 13:52:08,Spot,Simple Earn Flexible Interest,QNT,0.00022564,Binance Earn
96972586,22-11-02 13:53:52,Spot,Simple Earn Locked Rewards,ALGO,0.01759089,Binance Earn
96972586,22-11-02 14:29:35,Spot,Simple Earn Flexible Interest,XRP,0.03228669,Binance Earn
96972586,22-11-02 15:02:27,Spot,Simple Earn Locked Rewards,NEAR,0.0167068,Binance Earn
96972586,22-11-03 04:49:14,Spot,Simple Earn Flexible Subscription,QNT,-0.00022564,Binance Earn
96972586,22-11-03 04:57:00,Spot,Simple Earn Flexible Subscription,XRP,-0.03228669,Binance Earn
96972586,22-11-03 12:47:16,Spot,Simple Earn Locked Rewards,BNB,0.00000254,Binance Earn
96972586,22-11-03 12:53:40,Spot,Simple Earn Locked Rewards,DOT,0.0119398,Binance Earn
96972586,22-11-03 13:22:56,Spot,Simple Earn Flexible Interest,QNT,0.00022566,Binance Earn
96972586,22-11-03 13:33:38,Spot,Simple Earn Locked Rewards,ALGO,0.01759089,Binance Earn
96972586,22-11-03 13:37:11,Spot,Simple Earn Flexible Interest,XRP,0.03228767,Binance Earn
96972586,22-11-03 15:10:57,Spot,Simple Earn Locked Rewards,NEAR,0.0167068,Binance Earn
96972586,22-11-04 06:58:24,Spot,Deposit,AUD,6300,
96972586,22-11-04 06:59:07,Spot,Transaction Buy,BTC,0.13295,
96972586,22-11-04 06:59:07,Spot,Transaction Spend,AUD,-4284.300455,
96972586,22-11-04 06:59:07,Spot,Transaction Spend,AUD,-1015.4062839,
96972586,22-11-04 06:59:07,Spot,Transaction Buy,BTC,0.03151,
96972586,22-11-04 07:02:01,Spot,Transaction Fee,BNB,-0.001904,
96972586,22-11-04 07:02:01,Spot,Transaction Spend,AUD,-999.4096,
96972586,22-11-04 07:02:01,Spot,Transaction Buy,BNB,1.904,
96972586,22-11-04 07:08:12,Spot,Simple Earn Flexible Subscription,LUNC,-28460.59323,Binance Earn
96972586,22-11-04 07:08:44,Spot,Simple Earn Flexible Subscription,BTC,-0.28940056,Binance Earn
96972586,22-11-04 07:10:56,Spot,Simple Earn Locked Subscription,BNB,-0.48503875,Binance Earn
96972586,22-11-04 12:24:30,Spot,Simple Earn Flexible Interest,QNT,0.00022568,Binance Earn
96972586,22-11-04 12:56:09,Spot,Simple Earn Locked Rewards,BNB,0.00000254,Binance Earn
96972586,22-11-04 13:00:05,Spot,Simple Earn Locked Rewards,DOT,0.0119398,Binance Earn
96972586,22-11-04 13:27:36,Spot,Simple Earn Flexible Interest,XRP,0.03228847,Binance Earn
96972586,22-11-04 14:07:57,Spot,Simple Earn Locked Rewards,ALGO,0.01759089,Binance Earn
96972586,22-11-04 14:39:48,Spot,Simple Earn Flexible Subscription,QNT,-0.00045134,Binance Earn
96972586,22-11-04 14:41:09,Spot,Simple Earn Locked Rewards,NEAR,0.0167068,Binance Earn
96972586,22-11-04 14:50:55,Spot,Simple Earn Flexible Subscription,XRP,-0.06457614,Binance Earn
96972586,22-11-05 12:54:23,Spot,Simple Earn Locked Rewards,DOT,0.0119398,Binance Earn
96972586,22-11-05 13:24:33,Spot,Simple Earn Locked Rewards,BNB,0.00008238,Binance Earn
96972586,22-11-05 13:25:19,Spot,Simple Earn Flexible Interest,XRP,0.03228847,Binance Earn
96972586,22-11-05 13:26:03,Spot,Simple Earn Locked Rewards,BNB,0.00000254,Binance Earn
96972586,22-11-05 13:55:01,Spot,Simple Earn Locked Rewards,ALGO,0.01759089,Binance Earn
96972586,22-11-05 15:07:09,Spot,Simple Earn Locked Rewards,NEAR,0.0167068,Binance Earn
96972586,22-11-05 15:49:04,Spot,Simple Earn Flexible Interest,BTC,0.0000045,Binance Earn
96972586,22-11-05 15:58:19,Spot,Simple Earn Flexible Interest,LUNC,2.869397,Binance Earn
96972586,22-11-05 15:59:42,Spot,Simple Earn Flexible Subscription,LUNC,-2.869397,Binance Earn
96972586,22-11-05 16:10:03,Spot,Simple Earn Flexible Subscription,XRP,-0.03228847,Binance Earn
96972586,22-11-05 16:16:51,Spot,Simple Earn Flexible Interest,QNT,0.00022568,Binance Earn
96972586,22-11-06 02:09:46,Spot,Simple Earn Flexible Subscription,BTC,-0.0000045,Binance Earn
96972586,22-11-06 02:49:17,Spot,Simple Earn Flexible Subscription,QNT,-0.00022568,Binance Earn
96972586,22-11-06 12:54:38,Spot,Simple Earn Locked Rewards,DOT,0.0119398,Binance Earn
96972586,22-11-06 13:18:10,Spot,Simple Earn Locked Rewards,BNB,0.00000254,Binance Earn
96972586,22-11-06 13:23:19,Spot,Simple Earn Locked Rewards,BNB,0.00008238,Binance Earn
96972586,22-11-06 13:50:32,Spot,Simple Earn Flexible Interest,BTC,0.0000045,Binance Earn
96972586,22-11-06 13:54:08,Spot,Simple Earn Flexible Interest,QNT,0.00022572,Binance Earn
96972586,22-11-06 13:56:51,Spot,Simple Earn Flexible Interest,XRP,0.03229006,Binance Earn
96972586,22-11-06 13:59:19,Spot,Simple Earn Locked Rewards,ALGO,0.01759089,Binance Earn
96972586,22-11-06 14:17:39,Spot,Simple Earn Flexible Interest,LUNC,2.869397,Binance Earn
96972586,22-11-06 15:00:20,Spot,Simple Earn Locked Rewards,NEAR,0.0167068,Binance Earn
96972586,22-11-07 02:35:48,Spot,Simple Earn Flexible Subscription,BTC,-0.0000045,Binance Earn
96972586,22-11-07 03:32:36,Spot,Simple Earn Flexible Subscription,QNT,-0.00022572,Binance Earn
96972586,22-11-07 03:38:43,Spot,Simple Earn Flexible Subscription,XRP,-0.03229006,Binance Earn
96972586,22-11-07 12:17:37,Spot,Simple Earn Locked Rewards,DOT,0.0119398,Binance Earn
96972586,22-11-07 13:13:02,Spot,Simple Earn Flexible Interest,XRP,0.03229086,Binance Earn
96972586,22-11-07 13:25:58,Spot,Simple Earn Locked Rewards,BNB,0.00008238,Binance Earn
96972586,22-11-07 13:28:58,Spot,Simple Earn Locked Rewards,BNB,0.00000254,Binance Earn
96972586,22-11-07 13:58:58,Spot,Simple Earn Locked Rewards,ALGO,0.01759089,Binance Earn
96972586,22-11-07 13:59:33,Spot,Simple Earn Flexible Interest,BTC,0.0000045,Binance Earn
96972586,22-11-07 14:22:20,Spot,Simple Earn Flexible Interest,LUNC,2.8696863,Binance Earn
96972586,22-11-07 14:22:24,Spot,Simple Earn Flexible Interest,QNT,0.00022574,Binance Earn
96972586,22-11-07 14:50:13,Spot,Simple Earn Locked Rewards,NEAR,0.0167068,Binance Earn
96972586,22-11-07 22:41:26,Spot,Transaction Fee,XRP,-0.994,
96972586,22-11-07 22:41:26,Spot,Transaction Buy,XRP,994,
96972586,22-11-07 22:41:26,Spot,Transaction Spend,BNB,-1.418438,
96972586,22-11-08 03:16:51,Spot,Simple Earn Flexible Subscription,BTC,-0.0000045,Binance Earn
96972586,22-11-08 04:28:07,Spot,Simple Earn Flexible Subscription,QNT,-0.00022574,Binance Earn
96972586,22-11-08 04:36:55,Spot,Simple Earn Flexible Subscription,XRP,-993.03829086,Binance Earn
96972586,22-11-08 12:52:08,Spot,Simple Earn Locked Rewards,BNB,0.00000254,Binance Earn
96972586,22-11-08 12:55:50,Spot,Simple Earn Locked Rewards,DOT,0.0119398,Binance Earn
96972586,22-11-08 13:31:49,Spot,Simple Earn Locked Rewards,BNB,0.00008238,Binance Earn
96972586,22-11-08 13:40:27,Spot,Simple Earn Locked Rewards,ALGO,0.01759089,Binance Earn
96972586,22-11-08 13:52:04,Spot,Simple Earn Flexible Interest,QNT,0.00022577,Binance Earn
96972586,22-11-08 13:56:08,Spot,Simple Earn Flexible Interest,XRP,0.03229165,Binance Earn
96972586,22-11-08 14:02:52,Spot,Simple Earn Flexible Interest,BTC,0.00000451,Binance Earn
96972586,22-11-08 14:36:52,Spot,Simple Earn Flexible Interest,LUNC,2.8696863,Binance Earn
96972586,22-11-08 15:47:24,Spot,Simple Earn Locked Rewards,NEAR,0.0167068,Binance Earn
96972586,22-11-09 03:05:47,Spot,Simple Earn Flexible Subscription,QNT,-0.00022577,Binance Earn
96972586,22-11-09 03:06:01,Spot,Simple Earn Flexible Subscription,LUNC,-8.6087696,Binance Earn
96972586,22-11-09 03:16:41,Spot,Simple Earn Flexible Subscription,XRP,-0.03229165,Binance Earn
96972586,22-11-09 04:16:16,Spot,Simple Earn Flexible Subscription,BTC,-0.00000451,Binance Earn
96972586,22-11-09 06:41:12,Spot,Simple Earn Flexible Redemption,BTC,0.28941857,Binance Earn
96972586,22-11-09 06:41:41,Spot,Simple Earn Flexible Redemption,QNT,2.35492239,Binance Earn
96972586,22-11-09 06:41:58,Spot,Simple Earn Flexible Redemption,XRP,2303.0769385,Binance Earn
96972586,22-11-09 06:58:40,Spot,Withdraw,LINK,-44.62533,Withdraw fee is included
96972586,22-11-09 07:10:22,Spot,Withdraw,BTC,-0.28941857,Withdraw fee is included
96972586,22-11-09 07:13:38,Spot,Withdraw,QNT,-2.35492239,Withdraw fee is included
96972586,22-11-09 07:17:19,Spot,Withdraw,DOT,-30.59424235,Withdraw fee is included
96972586,22-11-09 07:18:49,Spot,Withdraw,XRP,-2303.076938,Withdraw fee is included
96972586,22-11-09 08:22:21,Spot,Withdraw,NEAR,-406.89179032,Withdraw fee is included
96972586,22-11-09 12:54:34,Spot,Simple Earn Locked Rewards,DOT,0.0119398,Binance Earn
96972586,22-11-09 12:55:14,Spot,Simple Earn Locked Rewards,BNB,0.00000254,Binance Earn
96972586,22-11-09 13:23:40,Spot,Simple Earn Locked Rewards,ALGO,0.01759089,Binance Earn
96972586,22-11-09 13:30:23,Spot,Simple Earn Locked Rewards,BNB,0.00008238,Binance Earn
96972586,22-11-09 13:42:43,Spot,Simple Earn Flexible Interest,LUNC,2.8696863,Binance Earn
96972586,22-11-09 15:20:13,Spot,Simple Earn Locked Rewards,NEAR,0.0167068,Binance Earn
96972586,22-11-10 04:34:30,Spot,Simple Earn Flexible Subscription,LUNC,-2.8696863,Binance Earn
96972586,22-11-10 11:04:19,Spot,Deposit,AUD,8700,
96972586,22-11-10 11:05:04,Spot,Transaction Spend,AUD,-103.1856804,
96972586,22-11-10 11:05:04,Spot,Transaction Buy,BTC,0.00404,
96972586,22-11-10 11:05:04,Spot,Transaction Buy,BTC,0.14729,
96972586,22-11-10 11:05:04,Spot,Transaction Buy,BTC,0.0143,
96972586,22-11-10 11:05:04,Spot,Transaction Spend,AUD,-3762.0148995,
96972586,22-11-10 11:05:04,Spot,Transaction Spend,AUD,-119.7866803,
96972586,22-11-10 11:05:04,Spot,Transaction Spend,AUD,-365.232153,
96972586,22-11-10 11:05:04,Spot,Transaction Buy,BTC,0.00469,
96972586,22-11-10 11:06:40,Spot,Transaction Buy,ETH,2.4217,
96972586,22-11-10 11:06:40,Spot,Transaction Fee,ETH,-0.0024217,
96972586,22-11-10 11:06:40,Spot,Transaction Spend,AUD,-4350.608267,
96972586,22-11-10 11:19:37,Spot,Withdraw,BTC,-0.17032,Withdraw fee is included
96972586,22-11-10 11:20:48,Spot,Withdraw,ETH,-2.4192783,Withdraw fee is included
96972586,22-11-10 12:17:35,Spot,Simple Earn Locked Rewards,DOT,0.0119398,Binance Earn
96972586,22-11-10 12:53:53,Spot,Simple Earn Locked Rewards,BNB,0.00000254,Binance Earn
96972586,22-11-10 13:22:41,Spot,Simple Earn Locked Rewards,ALGO,0.01759089,Binance Earn
96972586,22-11-10 13:28:56,Spot,Simple Earn Locked Rewards,BNB,0.00008238,Binance Earn
96972586,22-11-10 13:37:18,Spot,Simple Earn Flexible Interest,LUNC,1.85637905,Binance Earn
96972586,22-11-10 15:18:50,Spot,Simple Earn Locked Rewards,NEAR,0.0167068,Binance Earn
96972586,22-11-11 04:16:15,Spot,Simple Earn Flexible Subscription,LUNC,-1.85637905,Binance Earn
96972586,22-11-11 12:52:50,Spot,Simple Earn Locked Rewards,BNB,0.00000254,Binance Earn
96972586,22-11-11 12:55:00,Spot,Simple Earn Locked Rewards,DOT,0.0119398,Binance Earn
96972586,22-11-11 13:19:31,Spot,Simple Earn Locked Rewards,ALGO,0.01759089,Binance Earn
96972586,22-11-11 13:22:23,Spot,Simple Earn Flexible Interest,LUNC,1.85656615,Binance Earn
96972586,22-11-11 13:29:04,Spot,Simple Earn Locked Rewards,BNB,0.00008238,Binance Earn
96972586,22-11-11 15:16:27,Spot,Simple Earn Locked Rewards,NEAR,0.0167068,Binance Earn
96972586,22-11-12 12:18:32,Spot,Simple Earn Flexible Subscription,LUNC,-1.85656615,Binance Earn
96972586,22-11-12 12:22:01,Spot,Simple Earn Locked Rewards,DOT,0.0119398,Binance Earn
96972586,22-11-12 12:44:34,Spot,Simple Earn Locked Rewards,BNB,0.00000254,Binance Earn
96972586,22-11-12 13:08:40,Spot,Simple Earn Locked Rewards,ALGO,0.01759089,Binance Earn
96972586,22-11-12 13:12:58,Spot,Simple Earn Locked Rewards,BNB,0.00008238,Binance Earn
96972586,22-11-12 13:24:20,Spot,Simple Earn Flexible Interest,LUNC,1.85668719,Binance Earn
96972586,22-11-12 14:40:36,Spot,Simple Earn Locked Rewards,NEAR,0.0167068,Binance Earn
96972586,22-11-13 04:14:48,Spot,Simple Earn Flexible Subscription,LUNC,-1.85668719,Binance Earn
96972586,22-11-13 12:38:58,Spot,Simple Earn Locked Rewards,BNB,0.00008238,Binance Earn
96972586,22-11-13 13:15:40,Spot,Simple Earn Locked Rewards,BNB,0.00000254,Binance Earn
96972586,22-11-13 13:40:48,Spot,Simple Earn Locked Rewards,ALGO,0.01759089,Binance Earn
96972586,22-11-13 13:47:09,Spot,Simple Earn Flexible Interest,LUNC,1.85668719,Binance Earn
96972586,22-11-13 15:00:46,Spot,Simple Earn Locked Rewards,NEAR,0.0167068,Binance Earn
96972586,22-11-13 15:14:42,Spot,Simple Earn Locked Rewards,DOT,0.0119398,Binance Earn
96972586,22-11-13 16:19:03,Spot,Small Assets Exchange BNB,BNB,0.00299043,ALGO to BNB
96972586,22-11-13 16:19:03,Spot,Small Assets Exchange BNB,AUD,-0.0559809,AUD to BNB
96972586,22-11-13 16:19:03,Spot,Small Assets Exchange BNB,BNB,0.00059208,NEAR to BNB
96972586,22-11-13 16:19:03,Spot,Small Assets Exchange BNB,BNB,0.00079063,LUNA to BNB
96972586,22-11-13 16:19:03,Spot,Small Assets Exchange BNB,BNB,0.00013034,AUD to BNB
96972586,22-11-13 16:19:03,Spot,Small Assets Exchange BNB,BNB,0.00000118,LUNC to BNB
96972586,22-11-13 16:19:03,Spot,Small Assets Exchange BNB,BNB,0.00121673,DOT to BNB
96972586,22-11-13 16:19:03,Spot,Small Assets Exchange BNB,BNB,0.00010065,BETH to BNB
96972586,22-11-13 16:19:03,Spot,Small Assets Exchange BNB,BETH,-0.00002359,BETH to BNB
96972586,22-11-13 16:19:03,Spot,Small Assets Exchange BNB,LUNA,-0.13063412,LUNA to BNB
96972586,22-11-13 16:19:03,Spot,Small Assets Exchange BNB,DOT,-0.059699,DOT to BNB
96972586,22-11-13 16:19:03,Spot,Small Assets Exchange BNB,LUNC,-1.85668719,LUNC to BNB
96972586,22-11-13 16:19:03,Spot,Small Assets Exchange BNB,NEAR,-0.083534,NEAR to BNB
96972586,22-11-13 16:19:03,Spot,Small Assets Exchange BNB,ALGO,-3.1663602,ALGO to BNB
96972586,22-11-13 20:51:34,Spot,Deposit,AUD,500,
96972586,22-11-13 20:52:47,Spot,Transaction Fee,BNB,-0.000865,
96972586,22-11-13 20:52:47,Spot,Transaction Spend,AUD,-141.6564,
96972586,22-11-13 20:52:47,Spot,Transaction Buy,BNB,0.865,
96972586,22-11-13 20:52:47,Spot,Transaction Spend,AUD,-358.283,
96972586,22-11-13 20:52:47,Spot,Transaction Buy,BNB,0.342,
96972586,22-11-13 20:52:47,Spot,Transaction Fee,BNB,-0.000342,
96972586,22-11-13 23:00:57,Spot,Transaction Buy,HBAR,665,
96972586,22-11-13 23:00:57,Spot,Transaction Fee,HBAR,-0.665,
96972586,22-11-13 23:00:57,Spot,Transaction Spend,BNB,-0.1095255,
96972586,22-11-14 04:28:06,Spot,Transaction Buy,HBAR,1245,
96972586,22-11-14 04:28:06,Spot,Transaction Spend,BNB,-0.2050515,
96972586,22-11-14 04:28:06,Spot,Transaction Fee,HBAR,-1.245,
96972586,22-11-14 06:57:36,Spot,Transaction Buy,HBAR,5452,
96972586,22-11-14 06:57:36,Spot,Transaction Fee,HBAR,-5.452,
96972586,22-11-14 06:57:36,Spot,Transaction Spend,BNB,-0.8979444,
96972586,22-11-14 10:21:41,Spot,Withdraw,HBAR,-7354.638,Withdraw fee is included
96972586,22-11-14 12:22:19,Spot,Simple Earn Locked Rewards,DOT,0.0119398,Binance Earn
96972586,22-11-14 12:49:24,Spot,Simple Earn Locked Rewards,BNB,0.00000254,Binance Earn
96972586,22-11-14 13:20:50,Spot,Simple Earn Locked Rewards,BNB,0.00008238,Binance Earn
96972586,22-11-14 13:33:12,Spot,Simple Earn Flexible Interest,LUNC,1.85692929,Binance Earn
96972586,22-11-14 13:57:59,Spot,Simple Earn Locked Rewards,ALGO,0.01759089,Binance Earn
96972586,22-11-14 15:13:23,Spot,Simple Earn Locked Rewards,NEAR,0.0167068,Binance Earn
96972586,22-11-15 12:19:52,Spot,Simple Earn Locked Rewards,DOT,0.0119398,Binance Earn
96972586,22-11-15 12:48:45,Spot,Simple Earn Locked Rewards,BNB,0.00000254,Binance Earn
96972586,22-11-15 13:14:18,Spot,Simple Earn Locked Rewards,BNB,0.00008238,Binance Earn
96972586,22-11-15 13:43:46,Spot,Simple Earn Locked Rewards,ALGO,0.01759089,Binance Earn
96972586,22-11-15 14:07:10,Spot,Simple Earn Flexible Interest,LUNC,1.85692929,Binance Earn
96972586,22-11-15 15:16:35,Spot,Simple Earn Locked Rewards,NEAR,0.0152876,Binance Earn
96972586,22-11-16 04:14:16,Spot,Simple Earn Flexible Subscription,LUNC,-3.71385858,Binance Earn
96972586,22-11-16 12:22:13,Spot,Simple Earn Locked Rewards,DOT,0.0119398,Binance Earn
96972586,22-11-16 12:49:30,Spot,Simple Earn Locked Rewards,BNB,0.00000254,Binance Earn
96972586,22-11-16 13:24:46,Spot,Simple Earn Locked Rewards,BNB,0.00008238,Binance Earn
96972586,22-11-16 13:52:16,Spot,Simple Earn Locked Rewards,ALGO,0.01759089,Binance Earn
96972586,22-11-16 14:03:38,Spot,Simple Earn Flexible Interest,LUNC,1.85692929,Binance Earn
96972586,22-11-16 15:21:00,Spot,Simple Earn Locked Rewards,NEAR,0.0152876,Binance Earn
96972586,22-11-17 04:16:32,Spot,Simple Earn Flexible Subscription,LUNC,-1.85692929,Binance Earn
96972586,22-11-17 12:20:38,Spot,Simple Earn Locked Rewards,DOT,0.0119398,Binance Earn
96972586,22-11-17 12:47:37,Spot,Simple Earn Locked Rewards,BNB,0.00000254,Binance Earn
96972586,22-11-17 13:13:13,Spot,Simple Earn Locked Rewards,ALGO,0.01759089,Binance Earn
96972586,22-11-17 13:18:06,Spot,Simple Earn Locked Rewards,BNB,0.00008238,Binance Earn
96972586,22-11-17 14:07:50,Spot,Simple Earn Flexible Interest,LUNC,1.85717144,Binance Earn
96972586,22-11-17 15:16:55,Spot,Simple Earn Locked Rewards,NEAR,0.0152876,Binance Earn
96972586,22-11-18 13:16:59,Spot,Simple Earn Locked Rewards,DOT,0.0119398,Binance Earn
96972586,22-11-18 13:56:37,Spot,Simple Earn Flexible Interest,LUNC,1.85729251,Binance Earn
96972586,22-11-18 14:15:50,Spot,Simple Earn Locked Rewards,BNB,0.00008238,Binance Earn
96972586,22-11-18 14:17:24,Spot,Simple Earn Locked Rewards,BNB,0.00000254,Binance Earn
96972586,22-11-18 14:49:28,Spot,Simple Earn Locked Rewards,ALGO,0.01759089,Binance Earn
96972586,22-11-18 16:00:00,Spot,Simple Earn Locked Rewards,NEAR,0.0152876,Binance Earn
96972586,22-11-19 12:24:32,Spot,Simple Earn Flexible Subscription,LUNC,-3.71446395,Binance Earn
96972586,22-11-19 12:36:56,Spot,Simple Earn Locked Rewards,BNB,0.00008238,Binance Earn
96972586,22-11-19 13:05:46,Spot,Simple Earn Locked Rewards,BNB,0.00000254,Binance Earn
96972586,22-11-19 13:37:37,Spot,Simple Earn Locked Rewards,ALGO,0.01759089,Binance Earn
96972586,22-11-19 13:55:43,Spot,Simple Earn Flexible Interest,LUNC,1.85729251,Binance Earn
96972586,22-11-19 14:55:44,Spot,Simple Earn Locked Rewards,NEAR,0.0152876,Binance Earn
96972586,22-11-19 15:08:50,Spot,Simple Earn Locked Rewards,DOT,0.0119398,Binance Earn
96972586,22-11-20 12:16:17,Spot,Simple Earn Locked Rewards,DOT,0.0119398,Binance Earn
96972586,22-11-20 12:43:37,Spot,Simple Earn Locked Rewards,BNB,0.00000254,Binance Earn
96972586,22-11-20 13:12:14,Spot,Simple Earn Locked Rewards,BNB,0.00008238,Binance Earn
96972586,22-11-20 13:16:33,Spot,Simple Earn Locked Rewards,ALGO,0.01759089,Binance Earn
96972586,22-11-20 13:55:44,Spot,Simple Earn Flexible Interest,LUNC,1.85729251,Binance Earn
96972586,22-11-20 14:26:19,Spot,Simple Earn Locked Rewards,NEAR,0.0152876,Binance Earn
96972586,22-11-21 12:15:16,Spot,Simple Earn Flexible Subscription,LUNC,-3.71458502,Binance Earn
96972586,22-11-21 12:16:12,Spot,Simple Earn Locked Rewards,DOT,0.0119398,Binance Earn
96972586,22-11-21 12:44:05,Spot,Simple Earn Locked Rewards,BNB,0.00008238,Binance Earn
96972586,22-11-21 13:11:51,Spot,Simple Earn Locked Rewards,ALGO,0.01759089,Binance Earn
96972586,22-11-21 13:27:33,Spot,Simple Earn Locked Rewards,BNB,0.00000254,Binance Earn
96972586,22-11-21 14:31:49,Spot,Simple Earn Flexible Interest,LUNC,1.85753469,Binance Earn
96972586,22-11-21 14:56:08,Spot,Simple Earn Locked Rewards,NEAR,0.0136438,Binance Earn
96972586,22-11-22 02:51:06,Spot,Simple Earn Flexible Subscription,LUNC,-1.85753469,Binance Earn
96972586,22-11-22 12:14:06,Spot,Simple Earn Locked Rewards,DOT,0.0119398,Binance Earn
96972586,22-11-22 12:53:15,Spot,Simple Earn Locked Rewards,BNB,0.00000241,Binance Earn
96972586,22-11-22 13:11:48,Spot,Simple Earn Locked Rewards,BNB,0.0000784,Binance Earn
96972586,22-11-22 13:31:36,Spot,Simple Earn Flexible Interest,LUNC,1.31110041,Binance Earn
96972586,22-11-22 13:40:13,Spot,Simple Earn Locked Rewards,ALGO,0.01759089,Binance Earn
96972586,22-11-22 14:24:28,Spot,Simple Earn Locked Rewards,NEAR,0.0136438,Binance Earn
96972586,22-11-23 12:06:00,Spot,Simple Earn Locked Rewards,DOT,0.0119398,Binance Earn
96972586,22-11-23 12:14:49,Spot,Simple Earn Flexible Subscription,LUNC,-1.31110041,Binance Earn
96972586,22-11-23 12:25:14,Spot,Simple Earn Locked Rewards,BNB,0.0000784,Binance Earn
96972586,22-11-23 13:34:48,Spot,Simple Earn Flexible Interest,LUNC,0.9990476,Binance Earn
96972586,22-11-23 13:57:07,Spot,Simple Earn Locked Rewards,BNB,0.00000241,Binance Earn
96972586,22-11-23 14:13:21,Spot,Simple Earn Locked Rewards,ALGO,0.01759089,Binance Earn
96972586,22-11-23 15:04:29,Spot,Simple Earn Locked Rewards,NEAR,0.0136438,Binance Earn
96972586,22-11-24 04:14:10,Spot,Simple Earn Flexible Subscription,LUNC,-0.9990476,Binance Earn
96972586,22-11-24 14:19:45,Spot,Simple Earn Flexible Interest,LUNC,0.9990476,Binance Earn
96972586,22-11-24 17:16:35,Spot,Simple Earn Locked Rewards,DOT,0.0119398,Binance Earn
96972586,22-11-24 17:55:36,Spot,Simple Earn Locked Rewards,BNB,0.0000784,Binance Earn
96972586,22-11-24 18:06:09,Spot,Simple Earn Locked Rewards,BNB,0.00000241,Binance Earn
96972586,22-11-24 19:00:28,Spot,Simple Earn Locked Rewards,ALGO,0.01759089,Binance Earn
96972586,22-11-24 19:26:58,Spot,Simple Earn Locked Rewards,NEAR,0.0136438,Binance Earn
96972586,22-11-25 04:38:04,Spot,Simple Earn Flexible Subscription,LUNC,-0.9990476,Binance Earn
96972586,22-11-25 13:32:05,Spot,Simple Earn Flexible Interest,LUNC,0.99912859,Binance Earn
96972586,22-11-25 13:41:29,Spot,Simple Earn Flexible Subscription,LUNC,-0.99912859,Binance Earn
96972586,22-11-25 13:52:38,Spot,Simple Earn Locked Rewards,BNB,0.0000784,Binance Earn
96972586,22-11-25 14:06:06,Spot,Simple Earn Locked Rewards,BNB,0.00000241,Binance Earn
96972586,22-11-25 14:16:32,Spot,Simple Earn Locked Rewards,ALGO,0.01759089,Binance Earn
96972586,22-11-25 14:26:02,Spot,Simple Earn Locked Rewards,NEAR,0.012,Binance Earn
96972586,22-11-25 15:59:16,Spot,Simple Earn Locked Rewards,DOT,0.0119398,Binance Earn
96972586,22-11-26 13:10:30,Spot,Simple Earn Flexible Interest,LUNC,0.99916362,Binance Earn
96972586,22-11-26 13:37:34,Spot,Simple Earn Locked Rewards,DOT,0.0119398,Binance Earn
96972586,22-11-26 13:57:39,Spot,Simple Earn Locked Rewards,BNB,0.0000784,Binance Earn
96972586,22-11-26 14:33:22,Spot,Simple Earn Locked Rewards,BNB,0.00000241,Binance Earn
96972586,22-11-26 14:43:17,Spot,Simple Earn Locked Rewards,ALGO,0.01759089,Binance Earn
96972586,22-11-26 15:11:48,Spot,Simple Earn Locked Rewards,NEAR,0.012,Binance Earn
96972586,22-11-27 12:08:20,Spot,Simple Earn Locked Rewards,DOT,0.0119398,Binance Earn
96972586,22-11-27 12:27:20,Spot,Simple Earn Locked Rewards,BNB,0.0000784,Binance Earn
96972586,22-11-27 12:37:23,Spot,Simple Earn Flexible Subscription,LUNC,-0.99916362,Binance Earn
96972586,22-11-27 12:59:07,Spot,Simple Earn Locked Rewards,BNB,0.00000241,Binance Earn
96972586,22-11-27 13:10:32,Spot,Simple Earn Flexible Interest,LUNC,0.99919865,Binance Earn
96972586,22-11-27 13:21:30,Spot,Simple Earn Locked Rewards,ALGO,0.01759089,Binance Earn
96972586,22-11-27 13:41:32,Spot,Simple Earn Locked Rewards,NEAR,0.012,Binance Earn
96972586,22-11-28 04:35:17,Spot,Simple Earn Flexible Subscription,LUNC,-0.99919865,Binance Earn
96972586,22-11-28 12:12:09,Spot,Simple Earn Locked Rewards,DOT,0.0119398,Binance Earn
96972586,22-11-28 12:53:31,Spot,Simple Earn Locked Rewards,BNB,0.0000784,Binance Earn
96972586,22-11-28 12:56:06,Spot,Simple Earn Locked Rewards,BNB,0.00000241,Binance Earn
96972586,22-11-28 13:12:56,Spot,Simple Earn Locked Rewards,ALGO,0.01759089,Binance Earn
96972586,22-11-28 13:56:13,Spot,Simple Earn Flexible Interest,LUNC,0.99919865,Binance Earn
96972586,22-11-28 14:13:03,Spot,Simple Earn Locked Rewards,NEAR,0.012,Binance Earn
96972586,22-11-29 12:36:40,Spot,Simple Earn Locked Rewards,BNB,0.0000784,Binance Earn
96972586,22-11-29 12:51:52,Spot,Simple Earn Locked Rewards,ALGO,0.01759089,Binance Earn
96972586,22-11-29 12:55:40,Spot,Simple Earn Locked Rewards,BNB,0.00000241,Binance Earn
96972586,22-11-29 13:44:24,Spot,Simple Earn Flexible Interest,LUNC,0.99926871,Binance Earn
96972586,22-11-29 14:08:42,Spot,Simple Earn Locked Rewards,DOT,0.0119398,Binance Earn
96972586,22-11-29 14:13:40,Spot,Simple Earn Locked Rewards,NEAR,0.012,Binance Earn
96972586,22-11-30 03:46:04,Spot,Simple Earn Flexible Subscription,LUNC,-1.99846736,Binance Earn
96972586,22-11-30 12:13:21,Spot,Simple Earn Locked Rewards,DOT,0.0119398,Binance Earn
96972586,22-11-30 12:55:20,Spot,Simple Earn Locked Rewards,BNB,0.00000241,Binance Earn
96972586,22-11-30 12:56:43,Spot,Simple Earn Locked Rewards,BNB,0.0000784,Binance Earn
96972586,22-11-30 13:09:27,Spot,Simple Earn Flexible Interest,LUNC,0.99926871,Binance Earn
96972586,22-11-30 13:19:11,Spot,Simple Earn Locked Rewards,ALGO,0.01759089,Binance Earn
96972586,22-11-30 14:06:02,Spot,Simple Earn Flexible Subscription,LUNC,-0.99926871,Binance Earn
96972586,22-11-30 14:12:49,Spot,Simple Earn Locked Rewards,NEAR,0.012,Binance Earn
96972586,22-12-01 12:12:16,Spot,Simple Earn Locked Rewards,DOT,0.0119398,Binance Earn
96972586,22-12-01 12:28:11,Spot,Simple Earn Locked Rewards,BNB,0.00000241,Binance Earn
96972586,22-12-01 13:07:13,Spot,Simple Earn Locked Rewards,BNB,0.0000784,Binance Earn
96972586,22-12-01 13:17:46,Spot,Simple Earn Locked Rewards,ALGO,0.01759089,Binance Earn
96972586,22-12-01 13:37:06,Spot,Simple Earn Flexible Interest,LUNC,0.99933878,Binance Earn
96972586,22-12-01 14:00:53,Spot,Simple Earn Locked Rewards,NEAR,0.012,Binance Earn
96972586,22-12-02 12:13:07,Spot,Simple Earn Locked Rewards,DOT,0.0119398,Binance Earn
96972586,22-12-02 12:29:44,Spot,Simple Earn Locked Rewards,BNB,0.00000241,Binance Earn
96972586,22-12-02 12:38:07,Spot,Simple Earn Locked Rewards,BNB,0.0000784,Binance Earn
96972586,22-12-02 13:19:52,Spot,Simple Earn Locked Rewards,ALGO,0.01759089,Binance Earn
96972586,22-12-02 13:24:25,Spot,Simple Earn Flexible Interest,LUNC,0.99937381,Binance Earn
96972586,22-12-02 13:48:57,Spot,Simple Earn Locked Rewards,NEAR,0.012,Binance Earn
96972586,22-12-03 12:19:04,Spot,Simple Earn Locked Rewards,DOT,0.0119398,Binance Earn
96972586,22-12-03 12:45:21,Spot,Simple Earn Locked Rewards,BNB,0.00000241,Binance Earn
96972586,22-12-03 13:17:16,Spot,Simple Earn Locked Rewards,BNB,0.0000784,Binance Earn
96972586,22-12-03 13:51:22,Spot,Simple Earn Locked Rewards,ALGO,0.01759089,Binance Earn
96972586,22-12-03 13:58:46,Spot,Simple Earn Flexible Interest,LUNC,0.76506541,Binance Earn
96972586,22-12-03 14:27:33,Spot,Simple Earn Locked Rewards,NEAR,0.012,Binance Earn
96972586,22-12-04 12:18:18,Spot,Simple Earn Locked Rewards,DOT,0.0119398,Binance Earn
96972586,22-12-04 12:44:07,Spot,Simple Earn Locked Rewards,BNB,0.00000241,Binance Earn
96972586,22-12-04 13:16:58,Spot,Simple Earn Locked Rewards,BNB,0.0000784,Binance Earn
96972586,22-12-04 13:47:15,Spot,Simple Earn Locked Rewards,ALGO,0.01759089,Binance Earn
96972586,22-12-04 13:54:44,Spot,Simple Earn Flexible Interest,LUNC,0.76506541,Binance Earn
96972586,22-12-04 14:20:51,Spot,Simple Earn Locked Rewards,NEAR,0.012,Binance Earn
96972586,22-12-05 12:17:36,Spot,Simple Earn Locked Rewards,DOT,0.0119398,Binance Earn
96972586,22-12-05 12:44:11,Spot,Simple Earn Locked Rewards,BNB,0.00000241,Binance Earn
96972586,22-12-05 13:16:33,Spot,Simple Earn Locked Rewards,BNB,0.0000784,Binance Earn
96972586,22-12-05 13:30:22,Spot,Simple Earn Flexible Interest,LUNC,0.76506541,Binance Earn
96972586,22-12-05 13:49:48,Spot,Simple Earn Locked Rewards,ALGO,0.01759089,Binance Earn
96972586,22-12-05 14:22:52,Spot,Simple Earn Locked Rewards,NEAR,0.012,Binance Earn
96972586,22-12-06 12:17:24,Spot,Simple Earn Locked Rewards,DOT,0.0119398,Binance Earn
96972586,22-12-06 12:42:27,Spot,Simple Earn Locked Rewards,BNB,0.00000241,Binance Earn
96972586,22-12-06 13:18:35,Spot,Simple Earn Locked Rewards,BNB,0.0000784,Binance Earn
96972586,22-12-06 13:46:18,Spot,Simple Earn Locked Rewards,ALGO,0.01759089,Binance Earn
96972586,22-12-06 13:48:15,Spot,Simple Earn Flexible Interest,LUNC,0.76506541,Binance Earn
96972586,22-12-06 14:22:00,Spot,Simple Earn Locked Rewards,NEAR,0.012,Binance Earn
96972586,22-12-07 13:16:38,Spot,Simple Earn Locked Rewards,DOT,0.0119398,Binance Earn
96972586,22-12-07 13:44:47,Spot,Simple Earn Locked Rewards,BNB,0.00000241,Binance Earn
96972586,22-12-07 13:51:06,Spot,Simple Earn Locked Rewards,BNB,0.0000784,Binance Earn
96972586,22-12-07 14:03:26,Spot,Simple Earn Flexible Interest,LUNC,0.76506541,Binance Earn
96972586,22-12-07 14:50:37,Spot,Simple Earn Locked Rewards,ALGO,0.01759089,Binance Earn
96972586,22-12-07 15:25:09,Spot,Simple Earn Locked Rewards,NEAR,0.012,Binance Earn
96972586,22-12-08 12:16:56,Spot,Simple Earn Locked Rewards,DOT,0.0119398,Binance Earn
96972586,22-12-08 12:40:22,Spot,Simple Earn Locked Rewards,BNB,0.00000241,Binance Earn
96972586,22-12-08 13:15:18,Spot,Simple Earn Locked Rewards,BNB,0.0000784,Binance Earn
96972586,22-12-08 13:44:12,Spot,Simple Earn Locked Rewards,ALGO,0.01759089,Binance Earn
96972586,22-12-08 13:57:57,Spot,Simple Earn Flexible Interest,LUNC,0.76506541,Binance Earn
96972586,22-12-08 14:18:59,Spot,Simple Earn Locked Rewards,NEAR,0.012,Binance Earn
96972586,22-12-09 12:16:24,Spot,Simple Earn Locked Rewards,DOT,0.0119398,Binance Earn
96972586,22-12-09 12:40:31,Spot,Simple Earn Locked Rewards,BNB,0.00000241,Binance Earn
96972586,22-12-09 13:15:37,Spot,Simple Earn Locked Rewards,BNB,0.0000784,Binance Earn
96972586,22-12-09 13:25:42,Spot,Simple Earn Flexible Interest,LUNC,0.76506541,Binance Earn
96972586,22-12-09 13:45:44,Spot,Simple Earn Locked Rewards,ALGO,0.01759089,Binance Earn
96972586,22-12-09 14:21:19,Spot,Simple Earn Locked Rewards,NEAR,0.012,Binance Earn
96972586,22-12-10 12:15:41,Spot,Simple Earn Locked Rewards,DOT,0.0119398,Binance Earn
96972586,22-12-10 12:41:17,Spot,Simple Earn Locked Rewards,BNB,0.00000241,Binance Earn
96972586,22-12-10 13:16:26,Spot,Simple Earn Locked Rewards,BNB,0.0000784,Binance Earn
96972586,22-12-10 13:46:03,Spot,Simple Earn Locked Rewards,ALGO,0.01759089,Binance Earn
96972586,22-12-10 13:53:54,Spot,Simple Earn Flexible Interest,LUNC,0.76506541,Binance Earn
96972586,22-12-10 14:22:55,Spot,Simple Earn Locked Rewards,NEAR,0.012,Binance Earn
96972586,22-12-11 12:40:12,Spot,Simple Earn Locked Rewards,BNB,0.00000241,Binance Earn
96972586,22-12-11 13:12:54,Spot,Simple Earn Locked Rewards,ALGO,0.01759089,Binance Earn
96972586,22-12-11 13:14:03,Spot,Simple Earn Locked Rewards,BNB,0.0000784,Binance Earn
96972586,22-12-11 13:26:50,Spot,Simple Earn Flexible Interest,LUNC,0.76506541,Binance Earn
96972586,22-12-11 14:17:36,Spot,Simple Earn Locked Rewards,NEAR,0.012,Binance Earn
96972586,22-12-11 15:10:44,Spot,Simple Earn Locked Rewards,DOT,0.0119398,Binance Earn
96972586,22-12-12 04:15:19,Spot,Simple Earn Flexible Subscription,LUNC,-8.88430128,Binance Earn
96972586,22-12-12 12:14:47,Spot,Simple Earn Locked Rewards,DOT,0.0119398,Binance Earn
96972586,22-12-12 12:40:04,Spot,Simple Earn Locked Rewards,BNB,0.00000241,Binance Earn
96972586,22-12-12 13:15:52,Spot,Simple Earn Locked Rewards,BNB,0.0000784,Binance Earn
96972586,22-12-12 13:44:45,Spot,Simple Earn Locked Rewards,ALGO,0.01759089,Binance Earn
96972586,22-12-12 14:31:28,Spot,Simple Earn Locked Rewards,NEAR,0.012,Binance Earn
96972586,22-12-12 14:54:30,Spot,Simple Earn Flexible Interest,LUNC,0.76506541,Binance Earn
96972586,22-12-13 12:15:05,Spot,Simple Earn Locked Rewards,DOT,0.0119398,Binance Earn
96972586,22-12-13 12:40:26,Spot,Simple Earn Locked Rewards,BNB,0.00000241,Binance Earn
96972586,22-12-13 12:48:18,Spot,Simple Earn Locked Rewards,BNB,0.0000784,Binance Earn
96972586,22-12-13 13:44:38,Spot,Simple Earn Locked Rewards,ALGO,0.01759089,Binance Earn
96972586,22-12-13 14:27:35,Spot,Simple Earn Locked Rewards,NEAR,0.012,Binance Earn
96972586,22-12-13 14:57:18,Spot,Simple Earn Flexible Interest,LUNC,0.76530386,Binance Earn
96972586,22-12-14 02:29:57,Spot,Simple Earn Flexible Subscription,LUNC,-1.53036927,Binance Earn
96972586,22-12-14 12:13:03,Spot,Simple Earn Locked Rewards,DOT,0.0119398,Binance Earn
96972586,22-12-14 12:38:59,Spot,Simple Earn Locked Rewards,BNB,0.00000241,Binance Earn
96972586,22-12-14 13:15:54,Spot,Simple Earn Locked Rewards,BNB,0.0000784,Binance Earn
96972586,22-12-14 13:41:03,Spot,Simple Earn Locked Rewards,ALGO,0.01759089,Binance Earn
96972586,22-12-14 14:26:58,Spot,Simple Earn Locked Rewards,NEAR,0.012,Binance Earn
96972586,22-12-14 14:58:50,Spot,Simple Earn Flexible Interest,LUNC,0.76530386,Binance Earn
96972586,22-12-15 04:12:48,Spot,Simple Earn Flexible Subscription,LUNC,-0.76530386,Binance Earn
96972586,22-12-15 12:14:08,Spot,Simple Earn Locked Rewards,DOT,0.0119398,Binance Earn
96972586,22-12-15 12:49:08,Spot,Simple Earn Locked Rewards,BNB,0.0000784,Binance Earn
96972586,22-12-15 12:49:26,Spot,Simple Earn Locked Rewards,BNB,0.00000241,Binance Earn
96972586,22-12-15 13:49:54,Spot,Simple Earn Locked Rewards,ALGO,0.01759089,Binance Earn
96972586,22-12-15 14:34:39,Spot,Simple Earn Flexible Interest,LUNC,0.76534493,Binance Earn
96972586,22-12-15 15:00:05,Spot,Simple Earn Locked Rewards,NEAR,0.012,Binance Earn
96972586,22-12-16 02:28:01,Spot,Simple Earn Flexible Subscription,LUNC,-0.76534493,Binance Earn
96972586,22-12-16 12:12:34,Spot,Simple Earn Locked Rewards,DOT,0.0119398,Binance Earn
96972586,22-12-16 12:45:55,Spot,Simple Earn Locked Rewards,BNB,0.00000241,Binance Earn
96972586,22-12-16 13:17:49,Spot,Simple Earn Locked Rewards,BNB,0.0000784,Binance Earn
96972586,22-12-16 13:46:49,Spot,Simple Earn Locked Rewards,ALGO,0.01759089,Binance Earn
96972586,22-12-16 14:21:37,Spot,Simple Earn Locked Rewards,NEAR,0.012,Binance Earn
96972586,22-12-16 14:52:51,Spot,Simple Earn Flexible Interest,LUNC,0.76536548,Binance Earn
96972586,22-12-17 04:16:38,Spot,Simple Earn Flexible Subscription,LUNC,-0.76536548,Binance Earn
96972586,22-12-17 12:12:21,Spot,Simple Earn Locked Rewards,DOT,0.0119398,Binance Earn
96972586,22-12-17 12:46:02,Spot,Simple Earn Locked Rewards,BNB,0.00000209,Binance Earn
96972586,22-12-17 13:18:00,Spot,Simple Earn Locked Rewards,BNB,0.00006777,Binance Earn
96972586,22-12-17 13:48:21,Spot,Simple Earn Locked Rewards,ALGO,0.01759089,Binance Earn
96972586,22-12-17 14:27:09,Spot,Simple Earn Locked Rewards,NEAR,0.012,Binance Earn
96972586,22-12-17 14:52:54,Spot,Simple Earn Flexible Interest,LUNC,0.76538602,Binance Earn
96972586,22-12-18 04:18:25,Spot,Simple Earn Flexible Subscription,LUNC,-0.76538602,Binance Earn
96972586,22-12-18 12:17:44,Spot,Simple Earn Locked Rewards,DOT,0.0119398,Binance Earn
96972586,22-12-18 12:44:58,Spot,Simple Earn Locked Rewards,BNB,0.00000209,Binance Earn
96972586,22-12-18 12:48:58,Spot,Simple Earn Locked Rewards,BNB,0.00006777,Binance Earn
96972586,22-12-18 13:47:47,Spot,Simple Earn Locked Rewards,ALGO,0.01759089,Binance Earn
96972586,22-12-18 14:08:22,Spot,Simple Earn Flexible Interest,LUNC,0.76540656,Binance Earn
96972586,22-12-18 14:18:48,Spot,Simple Earn Flexible Subscription,LUNC,-0.76540656,Binance Earn
96972586,22-12-18 14:25:58,Spot,Simple Earn Locked Rewards,NEAR,0.0103562,Binance Earn
96972586,22-12-19 12:17:25,Spot,Simple Earn Locked Rewards,DOT,0.0119398,Binance Earn
96972586,22-12-19 12:44:28,Spot,Simple Earn Locked Rewards,BNB,0.00000209,Binance Earn
96972586,22-12-19 12:48:33,Spot,Simple Earn Locked Rewards,BNB,0.00006777,Binance Earn
96972586,22-12-19 13:41:43,Spot,Simple Earn Flexible Interest,LUNC,0.7654271,Binance Earn
96972586,22-12-19 13:44:30,Spot,Simple Earn Locked Rewards,ALGO,0.01759089,Binance Earn
96972586,22-12-19 14:09:19,Spot,Simple Earn Flexible Subscription,LUNC,-0.7654271,Binance Earn
96972586,22-12-19 14:27:31,Spot,Simple Earn Locked Rewards,NEAR,0.0103562,Binance Earn
96972586,22-12-20 12:17:18,Spot,Simple Earn Locked Rewards,DOT,0.0119398,Binance Earn
96972586,22-12-20 12:44:56,Spot,Simple Earn Locked Rewards,BNB,0.00000209,Binance Earn
96972586,22-12-20 12:49:50,Spot,Simple Earn Locked Rewards,BNB,0.00006777,Binance Earn
96972586,22-12-20 13:13:12,Spot,Simple Earn Flexible Interest,LUNC,0.76544765,Binance Earn
96972586,22-12-20 13:47:37,Spot,Simple Earn Locked Rewards,ALGO,0.01759089,Binance Earn
96972586,22-12-20 14:17:51,Spot,Simple Earn Flexible Subscription,LUNC,-0.76544765,Binance Earn
96972586,22-12-20 14:24:45,Spot,Simple Earn Locked Rewards,NEAR,0.0103562,Binance Earn
96972586,22-12-21 12:17:30,Spot,Simple Earn Locked Rewards,DOT,0.0119398,Binance Earn
96972586,22-12-21 12:45:08,Spot,Simple Earn Locked Rewards,BNB,0.000002,Binance Earn
96972586,22-12-21 12:49:04,Spot,Simple Earn Locked Rewards,BNB,0.00006511,Binance Earn
96972586,22-12-21 13:45:02,Spot,Simple Earn Locked Rewards,ALGO,0.01759089,Binance Earn
96972586,22-12-21 13:50:52,Spot,Simple Earn Flexible Interest,LUNC,0.76546819,Binance Earn
96972586,22-12-21 13:59:43,Spot,Simple Earn Flexible Subscription,LUNC,-0.76546819,Binance Earn
96972586,22-12-21 14:28:57,Spot,Simple Earn Locked Rewards,NEAR,0.0092602,Binance Earn
96972586,22-12-22 05:02:20,Spot,Airdrop Assets,LUNA,0.01270711,
96972586,22-12-22 12:16:30,Spot,Simple Earn Locked Rewards,DOT,0.0119398,Binance Earn
96972586,22-12-22 12:44:58,Spot,Simple Earn Locked Rewards,BNB,0.000002,Binance Earn
96972586,22-12-22 12:48:21,Spot,Simple Earn Locked Rewards,BNB,0.00006511,Binance Earn
96972586,22-12-22 13:44:58,Spot,Simple Earn Locked Rewards,ALGO,0.01759089,Binance Earn
96972586,22-12-22 14:11:51,Spot,Simple Earn Flexible Interest,LUNC,0.76548874,Binance Earn
96972586,22-12-22 14:26:43,Spot,Simple Earn Locked Rewards,NEAR,0.0092602,Binance Earn
96972586,22-12-23 04:22:48,Spot,Simple Earn Flexible Subscription,LUNC,-0.76548874,Binance Earn
96972586,22-12-23 12:14:50,Spot,Simple Earn Locked Rewards,DOT,0.0119398,Binance Earn
96972586,22-12-23 12:42:16,Spot,Simple Earn Locked Rewards,BNB,0.00000168,Binance Earn
96972586,22-12-23 13:13:16,Spot,Simple Earn Locked Rewards,BNB,0.00005448,Binance Earn
96972586,22-12-23 13:40:57,Spot,Simple Earn Locked Rewards,ALGO,0.01759089,Binance Earn
96972586,22-12-23 14:23:44,Spot,Simple Earn Flexible Interest,LUNC,0.76550928,Binance Earn
96972586,22-12-23 14:24:42,Spot,Simple Earn Locked Rewards,NEAR,0.0092602,Binance Earn
96972586,22-12-24 02:36:20,Spot,Simple Earn Flexible Subscription,LUNC,-0.76550928,Binance Earn
96972586,22-12-24 12:43:36,Spot,Simple Earn Locked Rewards,BNB,0.00000168,Binance Earn
96972586,22-12-24 12:45:44,Spot,Simple Earn Locked Rewards,BNB,0.00005448,Binance Earn
96972586,22-12-24 13:43:58,Spot,Simple Earn Locked Rewards,ALGO,0.01759089,Binance Earn
96972586,22-12-24 13:52:44,Spot,Simple Earn Flexible Interest,LUNC,0.76552983,Binance Earn
96972586,22-12-24 14:17:00,Spot,Simple Earn Locked Rewards,NEAR,0.0092602,Binance Earn
96972586,22-12-24 15:09:28,Spot,Simple Earn Locked Rewards,DOT,0.0119398,Binance Earn
96972586,22-12-25 04:29:33,Spot,Simple Earn Flexible Subscription,LUNC,-0.76552983,Binance Earn
96972586,22-12-25 12:42:56,Spot,Simple Earn Locked Rewards,BNB,0.00000168,Binance Earn
96972586,22-12-25 12:44:31,Spot,Simple Earn Locked Rewards,BNB,0.00005448,Binance Earn
96972586,22-12-25 13:41:39,Spot,Simple Earn Locked Rewards,ALGO,0.01759089,Binance Earn
96972586,22-12-25 13:55:05,Spot,Simple Earn Flexible Interest,LUNC,0.76555037,Binance Earn
96972586,22-12-25 14:04:31,Spot,Simple Earn Flexible Subscription,LUNC,-0.76555037,Binance Earn
96972586,22-12-25 14:14:47,Spot,Simple Earn Locked Rewards,NEAR,0.0092602,Binance Earn
96972586,22-12-25 15:09:03,Spot,Simple Earn Locked Rewards,DOT,0.0119398,Binance Earn
96972586,22-12-26 12:14:35,Spot,Simple Earn Locked Rewards,DOT,0.0119398,Binance Earn
96972586,22-12-26 12:43:04,Spot,Simple Earn Locked Rewards,BNB,0.00000168,Binance Earn
96972586,22-12-26 12:45:27,Spot,Simple Earn Locked Rewards,BNB,0.00005448,Binance Earn
96972586,22-12-26 13:24:57,Spot,Simple Earn Flexible Interest,LUNC,0.76557092,Binance Earn
96972586,22-12-26 13:44:05,Spot,Simple Earn Locked Rewards,ALGO,0.01759089,Binance Earn
96972586,22-12-26 14:15:04,Spot,Simple Earn Flexible Subscription,LUNC,-0.76557092,Binance Earn
96972586,22-12-26 14:19:35,Spot,Simple Earn Locked Rewards,NEAR,0.0092602,Binance Earn
96972586,22-12-27 12:14:00,Spot,Simple Earn Locked Rewards,DOT,0.0119398,Binance Earn
96972586,22-12-27 12:45:06,Spot,Simple Earn Locked Rewards,BNB,0.00005448,Binance Earn
96972586,22-12-27 12:48:41,Spot,Simple Earn Locked Rewards,BNB,0.00000168,Binance Earn
96972586,22-12-27 13:40:50,Spot,Simple Earn Flexible Interest,LUNC,0.76559147,Binance Earn
96972586,22-12-27 13:46:23,Spot,Simple Earn Locked Rewards,ALGO,0.01759089,Binance Earn
96972586,22-12-27 14:10:57,Spot,Simple Earn Flexible Subscription,LUNC,-0.76559147,Binance Earn
96972586,22-12-27 14:23:20,Spot,Simple Earn Locked Rewards,NEAR,0.0092602,Binance Earn
96972586,22-12-28 12:13:42,Spot,Simple Earn Locked Rewards,DOT,0.0103562,Binance Earn
96972586,22-12-28 12:44:50,Spot,Simple Earn Locked Rewards,BNB,0.00005448,Binance Earn
96972586,22-12-28 12:48:22,Spot,Simple Earn Locked Rewards,BNB,0.00000168,Binance Earn
96972586,22-12-28 13:47:14,Spot,Simple Earn Locked Rewards,ALGO,0.01686543,Binance Earn
96972586,22-12-28 14:26:10,Spot,Simple Earn Locked Rewards,NEAR,0.0070684,Binance Earn
96972586,22-12-28 14:51:06,Spot,Simple Earn Flexible Interest,LUNC,0.76561201,Binance Earn
96972586,22-12-29 04:11:06,Spot,Simple Earn Flexible Subscription,LUNC,-0.76561201,Binance Earn
96972586,22-12-29 12:13:42,Spot,Simple Earn Locked Rewards,DOT,0.0103562,Binance Earn
96972586,22-12-29 12:44:20,Spot,Simple Earn Locked Rewards,BNB,0.00004916,Binance Earn
96972586,22-12-29 12:48:34,Spot,Simple Earn Locked Rewards,BNB,0.00000151,Binance Earn
96972586,22-12-29 13:15:51,Spot,Simple Earn Flexible Interest,LUNC,0.76563256,Binance Earn
96972586,22-12-29 13:42:12,Spot,Simple Earn Flexible Subscription,LUNC,-0.76563256,Binance Earn
96972586,22-12-29 13:46:53,Spot,Simple Earn Locked Rewards,ALGO,0.01686543,Binance Earn
96972586,22-12-29 14:10:54,Spot,Simple Earn Locked Rewards,NEAR,0.0070684,Binance Earn
96972586,22-12-30 13:42:48,Spot,Simple Earn Flexible Interest,LUNC,0.76565311,Binance Earn
96972586,22-12-30 14:10:10,Spot,Simple Earn Locked Rewards,BNB,0.00000151,Binance Earn
96972586,22-12-30 14:23:45,Spot,Simple Earn Locked Rewards,BNB,0.00004916,Binance Earn
96972586,22-12-30 15:02:25,Spot,Simple Earn Locked Rewards,ALGO,0.01686543,Binance Earn
96972586,22-12-30 15:17:03,Spot,Simple Earn Locked Rewards,NEAR,0.0070684,Binance Earn
96972586,22-12-30 15:58:34,Spot,Simple Earn Locked Rewards,DOT,0.0103562,Binance Earn
96972586,22-12-31 04:23:28,Spot,Simple Earn Flexible Subscription,LUNC,-0.76565311,Binance Earn
96972586,22-12-31 12:04:44,Spot,Simple Earn Locked Rewards,DOT,0.0103562,Binance Earn
96972586,22-12-31 12:22:20,Spot,Simple Earn Locked Rewards,BNB,0.00000143,Binance Earn
96972586,22-12-31 12:31:37,Spot,Simple Earn Locked Rewards,BNB,0.00004651,Binance Earn
96972586,22-12-31 12:57:42,Spot,Simple Earn Locked Rewards,ALGO,0.01686543,Binance Earn
96972586,22-12-31 13:28:11,Spot,Simple Earn Locked Rewards,NEAR,0.0070684,Binance Earn
96972586,22-12-31 14:05:22,Spot,Simple Earn Flexible Interest,LUNC,0.76567366,Binance Earn
96972586,23-01-01 02:26:44,Spot,Simple Earn Flexible Subscription,LUNC,-0.76567366,Binance Earn
96972586,23-01-01 12:18:56,Spot,Simple Earn Locked Rewards,BNB,0.00000143,Binance Earn
96972586,23-01-01 12:30:11,Spot,Simple Earn Locked Rewards,BNB,0.00004651,Binance Earn
96972586,23-01-01 12:41:52,Spot,Simple Earn Locked Rewards,ALGO,0.01686543,Binance Earn
96972586,23-01-01 13:10:00,Spot,Simple Earn Locked Rewards,NEAR,0.0070684,Binance Earn
96972586,23-01-01 13:57:15,Spot,Simple Earn Flexible Interest,LUNC,0.76569421,Binance Earn
96972586,23-01-01 13:59:03,Spot,Simple Earn Locked Rewards,DOT,0.0103562,Binance Earn
96972586,23-01-02 12:04:16,Spot,Simple Earn Locked Rewards,DOT,0.0103562,Binance Earn
96972586,23-01-02 12:21:42,Spot,Simple Earn Locked Rewards,BNB,0.00000143,Binance Earn
96972586,23-01-02 12:29:46,Spot,Simple Earn Locked Rewards,BNB,0.00004651,Binance Earn
96972586,23-01-02 12:56:06,Spot,Simple Earn Locked Rewards,ALGO,0.01686543,Binance Earn
96972586,23-01-02 13:25:53,Spot,Simple Earn Locked Rewards,NEAR,0.0070684,Binance Earn
96972586,23-01-02 13:54:03,Spot,Simple Earn Flexible Interest,LUNC,0.76571476,Binance Earn
96972586,23-01-03 12:03:28,Spot,Simple Earn Locked Rewards,DOT,0.0103562,Binance Earn
96972586,23-01-03 12:29:20,Spot,Simple Earn Flexible Subscription,LUNC,-1.53140897,Binance Earn
96972586,23-01-03 12:30:27,Spot,Simple Earn Locked Rewards,BNB,0.00004651,Binance Earn
96972586,23-01-03 12:33:13,Spot,Simple Earn Locked Rewards,BNB,0.00000143,Binance Earn
96972586,23-01-03 12:56:45,Spot,Simple Earn Locked Rewards,ALGO,0.01686543,Binance Earn
96972586,23-01-03 13:28:57,Spot,Simple Earn Locked Rewards,NEAR,0.0070684,Binance Earn
96972586,23-01-03 13:32:05,Spot,Simple Earn Flexible Interest,LUNC,0.76571476,Binance Earn
96972586,23-01-04 04:28:44,Spot,Simple Earn Flexible Subscription,LUNC,-0.76571476,Binance Earn
96972586,23-01-04 12:04:20,Spot,Simple Earn Locked Rewards,DOT,0.0103562,Binance Earn
96972586,23-01-04 12:35:03,Spot,Simple Earn Locked Rewards,BNB,0.00004651,Binance Earn
96972586,23-01-04 12:39:49,Spot,Simple Earn Locked Rewards,BNB,0.00000143,Binance Earn
96972586,23-01-04 12:43:34,Spot,Simple Earn Locked Rewards,ALGO,0.01686543,Binance Earn
96972586,23-01-04 13:14:44,Spot,Simple Earn Locked Rewards,NEAR,0.0070684,Binance Earn
96972586,23-01-04 13:25:13,Spot,Simple Earn Flexible Interest,LUNC,0.76571476,Binance Earn
96972586,23-01-05 04:14:43,Spot,Simple Earn Flexible Subscription,LUNC,-0.76571476,Binance Earn
96972586,23-01-05 12:03:33,Spot,Simple Earn Locked Rewards,DOT,0.0103562,Binance Earn
96972586,23-01-05 12:36:07,Spot,Simple Earn Locked Rewards,BNB,0.00000143,Binance Earn
96972586,23-01-05 12:42:22,Spot,Simple Earn Locked Rewards,BNB,0.00004651,Binance Earn
96972586,23-01-05 12:43:36,Spot,Simple Earn Locked Rewards,ALGO,0.01686543,Binance Earn
96972586,23-01-05 13:02:37,Spot,Simple Earn Locked Rewards,NEAR,0.0070684,Binance Earn
96972586,23-01-05 13:27:32,Spot,Simple Earn Flexible Interest,LUNC,0.76577642,Binance Earn
96972586,23-01-06 12:06:08,Spot,Simple Earn Locked Rewards,DOT,0.0103562,Binance Earn
96972586,23-01-06 12:32:16,Spot,Simple Earn Locked Rewards,BNB,0.00004252,Binance Earn
96972586,23-01-06 12:38:19,Spot,Simple Earn Locked Rewards,BNB,0.00000131,Binance Earn
96972586,23-01-06 12:44:57,Spot,Simple Earn Locked Rewards,ALGO,0.01686543,Binance Earn
96972586,23-01-06 13:01:22,Spot,Simple Earn Locked Rewards,NEAR,0.0070684,Binance Earn
96972586,23-01-06 13:51:02,Spot,Simple Earn Flexible Interest,LUNC,0.76579697,Binance Earn
96972586,23-01-07 12:05:58,Spot,Simple Earn Locked Rewards,DOT,0.0103562,Binance Earn
96972586,23-01-07 12:31:59,Spot,Simple Earn Locked Rewards,BNB,0.00004252,Binance Earn
96972586,23-01-07 12:38:11,Spot,Simple Earn Locked Rewards,BNB,0.00000131,Binance Earn
96972586,23-01-07 12:44:28,Spot,Simple Earn Locked Rewards,ALGO,0.01686543,Binance Earn
96972586,23-01-07 13:01:12,Spot,Simple Earn Locked Rewards,NEAR,0.0070684,Binance Earn
96972586,23-01-07 13:28:28,Spot,Simple Earn Flexible Interest,LUNC,0.76579697,Binance Earn
96972586,23-01-08 04:37:42,Spot,Simple Earn Flexible Subscription,LUNC,-2.29737036,Binance Earn
96972586,23-01-08 12:06:18,Spot,Simple Earn Locked Rewards,DOT,0.0103562,Binance Earn
96972586,23-01-08 12:36:25,Spot,Simple Earn Locked Rewards,BNB,0.00004252,Binance Earn
96972586,23-01-08 12:38:02,Spot,Simple Earn Locked Rewards,BNB,0.00000131,Binance Earn
96972586,23-01-08 12:41:55,Spot,Simple Earn Locked Rewards,ALGO,0.01686543,Binance Earn
96972586,23-01-08 13:00:44,Spot,Simple Earn Locked Rewards,NEAR,0.0070684,Binance Earn
96972586,23-01-08 14:52:09,Spot,Simple Earn Flexible Interest,LUNC,0.76579697,Binance Earn
96972586,23-01-09 12:19:16,Spot,Simple Earn Locked Rewards,BNB,0.00000114,Binance Earn
96972586,23-01-09 12:25:27,Spot,Simple Earn Flexible Subscription,LUNC,-0.76579697,Binance Earn
96972586,23-01-09 12:33:23,Spot,Simple Earn Locked Rewards,BNB,0.00003707,Binance Earn
96972586,23-01-09 12:58:02,Spot,Simple Earn Locked Rewards,ALGO,0.01686543,Binance Earn
96972586,23-01-09 13:01:28,Spot,Simple Earn Locked Rewards,NEAR,0.0070684,Binance Earn
96972586,23-01-09 14:00:04,Spot,Simple Earn Locked Rewards,DOT,0.0103562,Binance Earn
96972586,23-01-09 14:44:56,Spot,Simple Earn Flexible Interest,LUNC,0.76585863,Binance Earn
96972586,23-01-10 04:24:31,Spot,Simple Earn Flexible Subscription,LUNC,-0.76585863,Binance Earn
96972586,23-01-10 12:04:53,Spot,Simple Earn Locked Rewards,DOT,0.0103562,Binance Earn
96972586,23-01-10 12:30:05,Spot,Simple Earn Locked Rewards,BNB,0.00003707,Binance Earn
96972586,23-01-10 12:40:15,Spot,Simple Earn Locked Rewards,BNB,0.00000114,Binance Earn
96972586,23-01-10 12:42:41,Spot,Simple Earn Locked Rewards,ALGO,0.01686543,Binance Earn
96972586,23-01-10 12:59:31,Spot,Simple Earn Locked Rewards,NEAR,0.0070684,Binance Earn
96972586,23-01-10 13:14:28,Spot,Simple Earn Flexible Interest,LUNC,0.76585863,Binance Earn
96972586,23-01-11 04:15:29,Spot,Simple Earn Flexible Subscription,LUNC,-0.76585863,Binance Earn
96972586,23-01-11 12:05:05,Spot,Simple Earn Locked Rewards,DOT,0.0103562,Binance Earn
96972586,23-01-11 12:34:00,Spot,Simple Earn Locked Rewards,BNB,0.00003707,Binance Earn
96972586,23-01-11 12:41:03,Spot,Simple Earn Locked Rewards,BNB,0.00000114,Binance Earn
96972586,23-01-11 12:44:45,Spot,Simple Earn Locked Rewards,ALGO,0.01537089,Binance Earn
96972586,23-01-11 13:02:35,Spot,Simple Earn Locked Rewards,NEAR,0.0070684,Binance Earn
96972586,23-01-11 13:27:06,Spot,Simple Earn Flexible Interest,LUNC,0.76589974,Binance Earn
96972586,23-01-12 04:05:08,Spot,Simple Earn Flexible Subscription,LUNC,-0.76589974,Binance Earn
96972586,23-01-12 12:05:58,Spot,Simple Earn Locked Rewards,DOT,0.0103562,Binance Earn
96972586,23-01-12 12:36:19,Spot,Simple Earn Locked Rewards,BNB,0.00003707,Binance Earn
96972586,23-01-12 12:40:04,Spot,Simple Earn Locked Rewards,BNB,0.00000114,Binance Earn
96972586,23-01-12 12:43:57,Spot,Simple Earn Locked Rewards,ALGO,0.01537089,Binance Earn
96972586,23-01-12 12:59:49,Spot,Simple Earn Locked Rewards,NEAR,0.0070684,Binance Earn
96972586,23-01-12 14:45:03,Spot,Simple Earn Flexible Interest,LUNC,0.7659203,Binance Earn
96972586,23-01-13 12:04:37,Spot,Simple Earn Locked Rewards,DOT,0.0103562,Binance Earn
96972586,23-01-13 12:23:30,Spot,Simple Earn Flexible Subscription,LUNC,-0.7659203,Binance Earn
96972586,23-01-13 12:30:22,Spot,Simple Earn Locked Rewards,BNB,0.00003707,Binance Earn
96972586,23-01-13 13:00:09,Spot,Simple Earn Locked Rewards,BNB,0.00000114,Binance Earn
96972586,23-01-13 13:00:34,Spot,Simple Earn Locked Rewards,NEAR,0.0070684,Binance Earn
96972586,23-01-13 13:03:27,Spot,Simple Earn Locked Rewards,ALGO,0.01406881,Binance Earn
96972586,23-01-13 14:51:35,Spot,Simple Earn Flexible Interest,LUNC,0.76594085,Binance Earn
96972586,23-01-14 04:24:56,Spot,Simple Earn Flexible Subscription,LUNC,-0.76594085,Binance Earn
96972586,23-01-14 12:05:28,Spot,Simple Earn Locked Rewards,DOT,0.0103562,Binance Earn
96972586,23-01-14 12:19:26,Spot,Simple Earn Locked Rewards,BNB,0.00003707,Binance Earn
96972586,23-01-14 12:41:12,Spot,Simple Earn Locked Rewards,BNB,0.00000114,Binance Earn
96972586,23-01-14 12:59:40,Spot,Simple Earn Locked Rewards,ALGO,0.01406881,Binance Earn
96972586,23-01-14 13:15:23,Spot,Simple Earn Locked Rewards,NEAR,0.0070684,Binance Earn
96972586,23-01-14 13:50:50,Spot,Simple Earn Flexible Interest,LUNC,0.76594085,Binance Earn
96972586,23-01-15 04:00:42,Spot,Simple Earn Flexible Subscription,LUNC,-0.76594085,Binance Earn
96972586,23-01-15 12:03:54,Spot,Simple Earn Locked Rewards,DOT,0.0103562,Binance Earn
96972586,23-01-15 12:18:30,Spot,Simple Earn Locked Rewards,BNB,0.00003707,Binance Earn
96972586,23-01-15 12:38:46,Spot,Simple Earn Locked Rewards,BNB,0.00000114,Binance Earn
96972586,23-01-15 12:57:04,Spot,Simple Earn Locked Rewards,ALGO,0.01406881,Binance Earn
96972586,23-01-15 13:09:35,Spot,Simple Earn Locked Rewards,NEAR,0.0070684,Binance Earn
96972586,23-01-15 13:57:17,Spot,Simple Earn Flexible Interest,LUNC,0.76598197,Binance Earn
96972586,23-01-16 04:24:04,Spot,Simple Earn Flexible Subscription,LUNC,-0.76598197,Binance Earn
96972586,23-01-16 12:04:13,Spot,Simple Earn Locked Rewards,DOT,0.0103562,Binance Earn
96972586,23-01-16 12:22:11,Spot,Simple Earn Locked Rewards,BNB,0.00003441,Binance Earn
96972586,23-01-16 12:38:37,Spot,Simple Earn Locked Rewards,BNB,0.00000106,Binance Earn
96972586,23-01-16 12:57:26,Spot,Simple Earn Locked Rewards,ALGO,0.01406881,Binance Earn
96972586,23-01-16 13:20:05,Spot,Simple Earn Locked Rewards,NEAR,0.0070684,Binance Earn
96972586,23-01-16 13:33:57,Spot,Simple Earn Flexible Interest,LUNC,0.76600253,Binance Earn
96972586,23-01-17 04:06:40,Spot,Simple Earn Flexible Subscription,LUNC,-0.76600253,Binance Earn
96972586,23-01-17 12:03:49,Spot,Simple Earn Locked Rewards,DOT,0.0103562,Binance Earn
96972586,23-01-17 12:22:18,Spot,Simple Earn Locked Rewards,BNB,0.00003441,Binance Earn
96972586,23-01-17 12:38:03,Spot,Simple Earn Locked Rewards,BNB,0.00000106,Binance Earn
96972586,23-01-17 12:57:26,Spot,Simple Earn Locked Rewards,ALGO,0.01406881,Binance Earn
96972586,23-01-17 13:19:30,Spot,Simple Earn Locked Rewards,NEAR,0.0070684,Binance Earn
96972586,23-01-17 13:29:41,Spot,Simple Earn Flexible Interest,LUNC,0.76602308,Binance Earn
96972586,23-01-18 04:16:02,Spot,Simple Earn Flexible Subscription,LUNC,-0.76602308,Binance Earn
96972586,23-01-18 12:05:59,Spot,Simple Earn Locked Rewards,DOT,0.0103562,Binance Earn
96972586,23-01-18 12:21:16,Spot,Simple Earn Locked Rewards,BNB,0.00003441,Binance Earn
96972586,23-01-18 12:37:31,Spot,Simple Earn Locked Rewards,BNB,0.00000106,Binance Earn
96972586,23-01-18 12:57:39,Spot,Simple Earn Locked Rewards,ALGO,0.01406881,Binance Earn
96972586,23-01-18 13:22:17,Spot,Simple Earn Locked Rewards,NEAR,0.0070684,Binance Earn
96972586,23-01-18 13:43:16,Spot,Simple Earn Flexible Interest,LUNC,0.76604364,Binance Earn
96972586,23-01-19 04:14:27,Spot,Simple Earn Flexible Subscription,LUNC,-0.76604364,Binance Earn
96972586,23-01-19 04:33:59,Spot,Airdrop Assets,LUNA,0.01270711,
96972586,23-01-19 12:20:34,Spot,Simple Earn Locked Rewards,BNB,0.00003441,Binance Earn
96972586,23-01-19 12:24:25,Spot,Simple Earn Locked Rewards,BNB,0.00000106,Binance Earn
96972586,23-01-19 13:02:09,Spot,Simple Earn Locked Rewards,ALGO,0.01406881,Binance Earn
96972586,23-01-19 13:19:05,Spot,Simple Earn Locked Rewards,NEAR,0.0070684,Binance Earn
96972586,23-01-19 14:00:53,Spot,Simple Earn Locked Rewards,DOT,0.0103562,Binance Earn
96972586,23-01-19 14:21:35,Spot,Simple Earn Flexible Interest,LUNC,0.7660642,Binance Earn
96972586,23-01-20 03:58:58,Spot,Simple Earn Flexible Subscription,LUNC,-0.7660642,Binance Earn
96972586,23-01-20 12:05:44,Spot,Simple Earn Locked Rewards,DOT,0.0098082,Binance Earn
96972586,23-01-20 12:19:00,Spot,Simple Earn Locked Rewards,BNB,0.00003441,Binance Earn
96972586,23-01-20 12:42:23,Spot,Simple Earn Locked Rewards,BNB,0.00000106,Binance Earn
96972586,23-01-20 13:00:02,Spot,Simple Earn Locked Rewards,ALGO,0.01406881,Binance Earn
96972586,23-01-20 13:17:28,Spot,Simple Earn Locked Rewards,NEAR,0.0070684,Binance Earn
96972586,23-01-20 14:38:39,Spot,Simple Earn Flexible Interest,LUNC,0.76608476,Binance Earn
96972586,23-01-21 03:53:58,Spot,Simple Earn Flexible Subscription,LUNC,-0.76608476,Binance Earn
96972586,23-01-21 12:21:11,Spot,Simple Earn Locked Rewards,BNB,0.00003441,Binance Earn
96972586,23-01-21 12:40:01,Spot,Simple Earn Locked Rewards,BNB,0.00000106,Binance Earn
96972586,23-01-21 12:56:28,Spot,Simple Earn Locked Rewards,ALGO,0.01406881,Binance Earn
96972586,23-01-21 13:22:40,Spot,Simple Earn Locked Rewards,NEAR,0.0070684,Binance Earn
96972586,23-01-21 13:59:29,Spot,Simple Earn Locked Rewards,DOT,0.0098082,Binance Earn
96972586,23-01-21 14:22:51,Spot,Simple Earn Flexible Interest,LUNC,0.76610533,Binance Earn
96972586,23-01-22 03:57:45,Spot,Simple Earn Flexible Subscription,LUNC,-0.76610533,Binance Earn
96972586,23-01-22 12:05:28,Spot,Simple Earn Locked Rewards,DOT,0.0098082,Binance Earn
96972586,23-01-22 12:19:10,Spot,Simple Earn Locked Rewards,BNB,0.00003441,Binance Earn
96972586,23-01-22 12:41:10,Spot,Simple Earn Locked Rewards,BNB,0.00000106,Binance Earn
96972586,23-01-22 12:58:25,Spot,Simple Earn Locked Rewards,ALGO,0.01406881,Binance Earn
96972586,23-01-22 13:14:17,Spot,Simple Earn Flexible Interest,LUNC,0.76612589,Binance Earn
96972586,23-01-22 13:22:06,Spot,Simple Earn Locked Rewards,NEAR,0.0070684,Binance Earn
96972586,23-01-23 04:01:38,Spot,Simple Earn Flexible Subscription,LUNC,-0.76612589,Binance Earn
96972586,23-01-23 12:21:42,Spot,Simple Earn Locked Rewards,BNB,0.00003441,Binance Earn
96972586,23-01-23 12:40:35,Spot,Simple Earn Locked Rewards,BNB,0.00000106,Binance Earn
96972586,23-01-23 12:43:11,Spot,Simple Earn Locked Rewards,ALGO,0.01406881,Binance Earn
96972586,23-01-23 13:18:32,Spot,Simple Earn Locked Rewards,NEAR,0.0070684,Binance Earn
96972586,23-01-23 13:59:24,Spot,Simple Earn Locked Rewards,DOT,0.0098082,Binance Earn
96972586,23-01-23 14:27:03,Spot,Simple Earn Flexible Interest,LUNC,0.76614645,Binance Earn
96972586,23-01-24 03:53:56,Spot,Simple Earn Flexible Subscription,LUNC,-0.76614645,Binance Earn
96972586,23-01-24 12:20:34,Spot,Simple Earn Locked Rewards,BNB,0.00003441,Binance Earn
96972586,23-01-24 12:40:56,Spot,Simple Earn Locked Rewards,BNB,0.00000106,Binance Earn
96972586,23-01-24 13:01:01,Spot,Simple Earn Locked Rewards,ALGO,0.01406881,Binance Earn
96972586,23-01-24 13:17:45,Spot,Simple Earn Locked Rewards,NEAR,0.0070684,Binance Earn
96972586,23-01-24 13:48:32,Spot,Simple Earn Flexible Interest,LUNC,0.76616701,Binance Earn
96972586,23-01-24 13:58:53,Spot,Simple Earn Locked Rewards,DOT,0.0098082,Binance Earn
96972586,23-01-25 04:20:15,Spot,Simple Earn Flexible Subscription,LUNC,-0.76616701,Binance Earn
96972586,23-01-25 12:04:26,Spot,Simple Earn Locked Rewards,DOT,0.0098082,Binance Earn
96972586,23-01-25 12:20:45,Spot,Simple Earn Locked Rewards,BNB,0.00003441,Binance Earn
96972586,23-01-25 12:23:59,Spot,Simple Earn Locked Rewards,BNB,0.00000106,Binance Earn
96972586,23-01-25 12:25:53,Spot,Simple Earn Locked Rewards,ALGO,0.01406881,Binance Earn
96972586,23-01-25 13:03:28,Spot,Simple Earn Locked Rewards,NEAR,0.0070684,Binance Earn
96972586,23-01-25 13:35:39,Spot,Simple Earn Flexible Interest,LUNC,0.76618758,Binance Earn
96972586,23-01-26 04:25:34,Spot,Simple Earn Flexible Subscription,LUNC,-0.76618758,Binance Earn
96972586,23-01-26 12:19:46,Spot,Simple Earn Locked Rewards,BNB,0.00003441,Binance Earn
96972586,23-01-26 12:36:31,Spot,Simple Earn Locked Rewards,BNB,0.00000106,Binance Earn
96972586,23-01-26 12:55:42,Spot,Simple Earn Locked Rewards,ALGO,0.01406881,Binance Earn
96972586,23-01-26 13:15:37,Spot,Simple Earn Locked Rewards,NEAR,0.0070684,Binance Earn
96972586,23-01-26 13:58:11,Spot,Simple Earn Locked Rewards,DOT,0.0098082,Binance Earn
96972586,23-01-26 14:24:41,Spot,Simple Earn Flexible Interest,LUNC,0.76620814,Binance Earn
96972586,23-01-27 04:21:23,Spot,Simple Earn Flexible Subscription,LUNC,-0.76620814,Binance Earn
96972586,23-01-27 12:03:28,Spot,Simple Earn Locked Rewards,DOT,0.0098082,Binance Earn
96972586,23-01-27 12:36:14,Spot,Simple Earn Locked Rewards,BNB,0.00003441,Binance Earn
96972586,23-01-27 12:46:05,Spot,Simple Earn Locked Rewards,BNB,0.00000106,Binance Earn
96972586,23-01-27 12:57:54,Spot,Simple Earn Locked Rewards,ALGO,0.01406881,Binance Earn
96972586,23-01-27 13:35:44,Spot,Simple Earn Locked Rewards,NEAR,0.0070684,Binance Earn
96972586,23-01-27 14:12:30,Spot,Simple Earn Flexible Interest,LUNC,0.7662287,Binance Earn
96972586,23-01-28 03:59:44,Spot,Simple Earn Flexible Subscription,LUNC,-0.7662287,Binance Earn
96972586,23-01-28 12:32:23,Spot,Simple Earn Locked Rewards,BNB,0.00000106,Binance Earn
96972586,23-01-28 12:36:05,Spot,Simple Earn Locked Rewards,BNB,0.00003441,Binance Earn
96972586,23-01-28 12:55:53,Spot,Simple Earn Locked Rewards,ALGO,0.01406881,Binance Earn
96972586,23-01-28 13:33:06,Spot,Simple Earn Locked Rewards,NEAR,0.0070684,Binance Earn
96972586,23-01-28 13:57:40,Spot,Simple Earn Locked Rewards,DOT,0.0098082,Binance Earn
96972586,23-01-28 14:07:10,Spot,Simple Earn Flexible Interest,LUNC,0.66461561,Binance Earn
96972586,23-01-29 03:53:55,Spot,Simple Earn Flexible Subscription,LUNC,-0.66461561,Binance Earn
96972586,23-01-29 12:21:02,Spot,Simple Earn Locked Rewards,BNB,0.00003441,Binance Earn
96972586,23-01-29 12:31:27,Spot,Simple Earn Locked Rewards,BNB,0.00000106,Binance Earn
96972586,23-01-29 12:59:57,Spot,Simple Earn Locked Rewards,ALGO,0.01406881,Binance Earn
96972586,23-01-29 13:35:31,Spot,Simple Earn Locked Rewards,NEAR,0.0070684,Binance Earn
96972586,23-01-29 13:44:13,Spot,Simple Earn Flexible Interest,LUNC,0.66463345,Binance Earn
96972586,23-01-29 13:58:14,Spot,Simple Earn Locked Rewards,DOT,0.0098082,Binance Earn
96972586,23-01-29 14:02:22,Spot,Simple Earn Flexible Subscription,LUNC,-0.66463345,Binance Earn
96972586,23-01-30 12:31:58,Spot,Simple Earn Locked Rewards,BNB,0.00000106,Binance Earn
96972586,23-01-30 12:35:43,Spot,Simple Earn Locked Rewards,BNB,0.00003441,Binance Earn
96972586,23-01-30 12:55:34,Spot,Simple Earn Locked Rewards,ALGO,0.01406881,Binance Earn
96972586,23-01-30 13:35:03,Spot,Simple Earn Locked Rewards,NEAR,0.0070684,Binance Earn
96972586,23-01-30 13:56:52,Spot,Simple Earn Locked Rewards,DOT,0.0098082,Binance Earn
96972586,23-01-30 14:23:00,Spot,Simple Earn Flexible Interest,LUNC,0.66464892,Binance Earn
96972586,23-01-31 03:55:48,Spot,Simple Earn Flexible Subscription,LUNC,-0.66464892,Binance Earn
96972586,23-01-31 12:20:49,Spot,Simple Earn Locked Rewards,BNB,0.00003441,Binance Earn
96972586,23-01-31 12:29:31,Spot,Simple Earn Locked Rewards,BNB,0.00000106,Binance Earn
96972586,23-01-31 12:58:14,Spot,Simple Earn Locked Rewards,ALGO,0.01406881,Binance Earn
96972586,23-01-31 13:34:38,Spot,Simple Earn Locked Rewards,NEAR,0.0070684,Binance Earn
96972586,23-01-31 13:55:25,Spot,Simple Earn Flexible Interest,LUNC,0.66466439,Binance Earn
96972586,23-01-31 13:57:56,Spot,Simple Earn Locked Rewards,DOT,0.0098082,Binance Earn
96972586,23-02-01 03:57:55,Spot,Simple Earn Flexible Subscription,LUNC,-0.66466439,Binance Earn
96972586,23-02-01 12:28:00,Spot,Simple Earn Locked Rewards,BNB,0.00000106,Binance Earn
96972586,23-02-01 12:34:28,Spot,Simple Earn Locked Rewards,BNB,0.00003441,Binance Earn
96972586,23-02-01 12:57:06,Spot,Simple Earn Locked Rewards,ALGO,0.01406881,Binance Earn
96972586,23-02-01 13:15:41,Spot,Simple Earn Flexible Interest,LUNC,0.66467987,Binance Earn
96972586,23-02-01 13:33:58,Spot,Simple Earn Locked Rewards,NEAR,0.0070684,Binance Earn
96972586,23-02-01 13:56:20,Spot,Simple Earn Locked Rewards,DOT,0.0098082,Binance Earn
96972586,23-02-02 04:14:49,Spot,Simple Earn Flexible Subscription,LUNC,-0.66467987,Binance Earn
96972586,23-02-02 12:29:12,Spot,Simple Earn Locked Rewards,BNB,0.00000106,Binance Earn
96972586,23-02-02 12:36:49,Spot,Simple Earn Locked Rewards,BNB,0.00003441,Binance Earn
96972586,23-02-02 12:38:21,Spot,Simple Earn Locked Rewards,ALGO,0.01406881,Binance Earn
96972586,23-02-02 13:11:51,Spot,Simple Earn Locked Rewards,NEAR,0.0070684,Binance Earn
96972586,23-02-02 13:41:04,Spot,Simple Earn Flexible Interest,LUNC,0.54734577,Binance Earn
96972586,23-02-02 13:57:27,Spot,Simple Earn Locked Rewards,DOT,0.0098082,Binance Earn
96972586,23-02-03 03:55:34,Spot,Simple Earn Flexible Subscription,LUNC,-0.54734577,Binance Earn
96972586,23-02-03 12:31:07,Spot,Simple Earn Locked Rewards,BNB,0.00000106,Binance Earn
96972586,23-02-03 12:36:42,Spot,Simple Earn Locked Rewards,BNB,0.00003441,Binance Earn
96972586,23-02-03 12:51:20,Spot,Simple Earn Locked Rewards,ALGO,0.01406881,Binance Earn
96972586,23-02-03 13:24:32,Spot,Simple Earn Locked Rewards,NEAR,0.0070684,Binance Earn
96972586,23-02-03 13:56:24,Spot,Simple Earn Locked Rewards,DOT,0.0098082,Binance Earn
96972586,23-02-03 14:43:43,Spot,Simple Earn Flexible Interest,LUNC,0.54735852,Binance Earn
96972586,23-02-04 03:55:49,Spot,Simple Earn Flexible Subscription,LUNC,-0.54735852,Binance Earn
96972586,23-02-04 12:30:55,Spot,Simple Earn Locked Rewards,BNB,0.00000106,Binance Earn
96972586,23-02-04 12:36:56,Spot,Simple Earn Locked Rewards,BNB,0.00003441,Binance Earn
96972586,23-02-04 12:51:39,Spot,Simple Earn Locked Rewards,ALGO,0.01406881,Binance Earn
96972586,23-02-04 13:24:47,Spot,Simple Earn Locked Rewards,NEAR,0.0070684,Binance Earn
96972586,23-02-04 13:57:32,Spot,Simple Earn Locked Rewards,DOT,0.0098082,Binance Earn
96972586,23-02-04 14:49:38,Spot,Simple Earn Flexible Interest,LUNC,0.54736901,Binance Earn
96972586,23-02-05 03:47:43,Spot,Simple Earn Flexible Subscription,LUNC,-0.54736901,Binance Earn
96972586,23-02-05 12:20:04,Spot,Simple Earn Locked Rewards,DOT,0.0098082,Binance Earn
96972586,23-02-05 12:35:43,Spot,Simple Earn Locked Rewards,BNB,0.00003441,Binance Earn
96972586,23-02-05 12:43:24,Spot,Simple Earn Locked Rewards,BNB,0.00000106,Binance Earn
96972586,23-02-05 12:50:54,Spot,Simple Earn Locked Rewards,ALGO,0.01406881,Binance Earn
96972586,23-02-05 13:33:13,Spot,Simple Earn Locked Rewards,NEAR,0.0070684,Binance Earn
96972586,23-02-05 14:02:59,Spot,Simple Earn Flexible Interest,LUNC,0.5473795,Binance Earn
96972586,23-02-06 03:52:13,Spot,Simple Earn Flexible Subscription,LUNC,-0.5473795,Binance Earn
96972586,23-02-06 12:20:40,Spot,Simple Earn Locked Rewards,DOT,0.0098082,Binance Earn
96972586,23-02-06 12:32:45,Spot,Simple Earn Locked Rewards,BNB,0.00000106,Binance Earn
96972586,23-02-06 12:37:19,Spot,Simple Earn Locked Rewards,BNB,0.00003441,Binance Earn
96972586,23-02-06 12:52:21,Spot,Simple Earn Locked Rewards,ALGO,0.01406881,Binance Earn
96972586,23-02-06 13:36:11,Spot,Simple Earn Locked Rewards,NEAR,0.0070684,Binance Earn
96972586,23-02-06 14:54:38,Spot,Simple Earn Flexible Interest,LUNC,0.54738999,Binance Earn
96972586,23-02-07 03:53:33,Spot,Simple Earn Flexible Subscription,LUNC,-0.54738999,Binance Earn
96972586,23-02-07 12:05:16,Spot,Simple Earn Locked Rewards,DOT,0.0098082,Binance Earn
96972586,23-02-07 12:38:13,Spot,Simple Earn Locked Rewards,BNB,0.00004651,Binance Earn
96972586,23-02-07 12:46:37,Spot,Simple Earn Locked Rewards,BNB,0.00000143,Binance Earn
96972586,23-02-07 12:52:12,Spot,Simple Earn Locked Rewards,ALGO,0.01406881,Binance Earn
96972586,23-02-07 13:38:08,Spot,Simple Earn Locked Rewards,NEAR,0.0070684,Binance Earn
96972586,23-02-07 14:11:36,Spot,Simple Earn Flexible Interest,LUNC,0.54740049,Binance Earn
96972586,23-02-08 03:49:45,Spot,Simple Earn Flexible Subscription,LUNC,-0.54740049,Binance Earn
96972586,23-02-08 12:06:07,Spot,Simple Earn Locked Rewards,DOT,0.0098082,Binance Earn
96972586,23-02-08 12:31:51,Spot,Simple Earn Locked Rewards,BNB,0.00000159,Binance Earn
96972586,23-02-08 12:38:38,Spot,Simple Earn Locked Rewards,BNB,0.00005182,Binance Earn
96972586,23-02-08 13:01:20,Spot,Simple Earn Locked Rewards,ALGO,0.01406881,Binance Earn
96972586,23-02-08 13:36:47,Spot,Simple Earn Locked Rewards,NEAR,0.0070684,Binance Earn
96972586,23-02-08 14:23:34,Spot,Simple Earn Flexible Interest,LUNC,0.54741098,Binance Earn
96972586,23-02-09 04:09:35,Spot,Simple Earn Flexible Subscription,LUNC,-0.54741098,Binance Earn
96972586,23-02-09 12:06:19,Spot,Simple Earn Locked Rewards,DOT,0.0098082,Binance Earn
96972586,23-02-09 12:32:00,Spot,Simple Earn Locked Rewards,BNB,0.00000159,Binance Earn
96972586,23-02-09 12:38:00,Spot,Simple Earn Locked Rewards,BNB,0.00005182,Binance Earn
96972586,23-02-09 12:59:38,Spot,Simple Earn Locked Rewards,ALGO,0.01406881,Binance Earn
96972586,23-02-09 13:36:51,Spot,Simple Earn Locked Rewards,NEAR,0.0070684,Binance Earn
96972586,23-02-09 14:09:07,Spot,Simple Earn Flexible Interest,LUNC,0.54742148,Binance Earn
96972586,23-02-10 04:13:11,Spot,Simple Earn Flexible Subscription,LUNC,-0.54742148,Binance Earn
96972586,23-02-10 12:05:24,Spot,Simple Earn Locked Rewards,DOT,0.0098082,Binance Earn
96972586,23-02-10 12:31:57,Spot,Simple Earn Locked Rewards,BNB,0.00000147,Binance Earn
96972586,23-02-10 12:32:28,Spot,Simple Earn Locked Rewards,BNB,0.00004783,Binance Earn
96972586,23-02-10 12:36:40,Spot,Simple Earn Locked Rewards,ALGO,0.01406881,Binance Earn
96972586,23-02-10 13:33:58,Spot,Simple Earn Locked Rewards,NEAR,0.0070684,Binance Earn
96972586,23-02-10 13:37:50,Spot,Simple Earn Flexible Interest,LUNC,0.54743197,Binance Earn
96972586,23-02-11 03:47:01,Spot,Simple Earn Flexible Subscription,LUNC,-0.54743197,Binance Earn
96972586,23-02-11 12:21:01,Spot,Simple Earn Locked Rewards,DOT,0.0098082,Binance Earn
96972586,23-02-11 12:32:34,Spot,Simple Earn Locked Rewards,BNB,0.00004385,Binance Earn
96972586,23-02-11 12:43:34,Spot,Simple Earn Locked Rewards,BNB,0.00000135,Binance Earn
96972586,23-02-11 12:48:47,Spot,Simple Earn Locked Rewards,ALGO,0.01406881,Binance Earn
96972586,23-02-11 13:14:26,Spot,Simple Earn Flexible Interest,LUNC,0.54744246,Binance Earn
96972586,23-02-11 13:36:50,Spot,Simple Earn Locked Rewards,NEAR,0.0070684,Binance Earn
96972586,23-02-12 03:44:35,Spot,Simple Earn Flexible Subscription,LUNC,-0.54744246,Binance Earn
96972586,23-02-12 12:05:16,Spot,Simple Earn Locked Rewards,DOT,0.0098082,Binance Earn
96972586,23-02-12 12:32:30,Spot,Simple Earn Locked Rewards,BNB,0.00000135,Binance Earn
96972586,23-02-12 12:35:44,Spot,Simple Earn Locked Rewards,BNB,0.00004385,Binance Earn
96972586,23-02-12 12:54:01,Spot,Simple Earn Locked Rewards,ALGO,0.01406881,Binance Earn
96972586,23-02-12 13:11:24,Spot,Simple Earn Locked Rewards,NEAR,0.0070684,Binance Earn
96972586,23-02-12 14:17:15,Spot,Simple Earn Flexible Interest,LUNC,0.54745296,Binance Earn
96972586,23-02-13 03:46:58,Spot,Simple Earn Flexible Subscription,LUNC,-0.54745296,Binance Earn
96972586,23-02-13 12:20:57,Spot,Simple Earn Locked Rewards,DOT,0.0092602,Binance Earn
96972586,23-02-13 12:32:28,Spot,Simple Earn Locked Rewards,BNB,0.00000135,Binance Earn
96972586,23-02-13 12:35:29,Spot,Simple Earn Locked Rewards,BNB,0.00004385,Binance Earn
96972586,23-02-13 12:54:05,Spot,Simple Earn Locked Rewards,ALGO,0.01406881,Binance Earn
96972586,23-02-13 13:21:41,Spot,Simple Earn Locked Rewards,NEAR,0.0070684,Binance Earn
96972586,23-02-13 13:27:36,Spot,Simple Earn Flexible Interest,LUNC,0.54746345,Binance Earn
96972586,23-02-14 03:45:55,Spot,Simple Earn Flexible Subscription,LUNC,-0.54746345,Binance Earn
96972586,23-02-14 12:04:47,Spot,Simple Earn Locked Rewards,DOT,0.0092602,Binance Earn
96972586,23-02-14 12:32:03,Spot,Simple Earn Locked Rewards,BNB,0.00000127,Binance Earn
96972586,23-02-14 12:34:48,Spot,Simple Earn Locked Rewards,BNB,0.00004119,Binance Earn
96972586,23-02-14 12:53:11,Spot,Simple Earn Locked Rewards,ALGO,0.01406881,Binance Earn
96972586,23-02-14 13:33:00,Spot,Simple Earn Locked Rewards,NEAR,0.0070684,Binance Earn
96972586,23-02-14 13:44:28,Spot,Simple Earn Flexible Interest,LUNC,0.54747395,Binance Earn
96972586,23-02-15 03:46:33,Spot,Simple Earn Flexible Subscription,LUNC,-0.54747395,Binance Earn
96972586,23-02-15 12:04:25,Spot,Simple Earn Locked Rewards,DOT,0.0092602,Binance Earn
96972586,23-02-15 12:31:34,Spot,Simple Earn Locked Rewards,BNB,0.00000127,Binance Earn
96972586,23-02-15 12:33:47,Spot,Simple Earn Locked Rewards,BNB,0.00004119,Binance Earn
96972586,23-02-15 12:53:05,Spot,Simple Earn Locked Rewards,ALGO,0.01406881,Binance Earn
96972586,23-02-15 13:32:18,Spot,Simple Earn Locked Rewards,NEAR,0.0070684,Binance Earn
96972586,23-02-15 13:40:32,Spot,Simple Earn Flexible Interest,LUNC,0.54748444,Binance Earn
96972586,23-02-16 03:42:34,Spot,Simple Earn Flexible Subscription,LUNC,-0.54748444,Binance Earn
96972586,23-02-16 12:21:06,Spot,Simple Earn Locked Rewards,DOT,0.0092602,Binance Earn
96972586,23-02-16 12:32:00,Spot,Simple Earn Locked Rewards,BNB,0.00004119,Binance Earn
96972586,23-02-16 12:32:14,Spot,Simple Earn Locked Rewards,BNB,0.00000127,Binance Earn
96972586,23-02-16 12:48:35,Spot,Simple Earn Locked Rewards,ALGO,0.01406881,Binance Earn
96972586,23-02-16 13:26:53,Spot,Simple Earn Locked Rewards,NEAR,0.0070684,Binance Earn
96972586,23-02-16 16:08:39,Spot,Simple Earn Flexible Interest,LUNC,0.54749494,Binance Earn
96972586,23-02-17 02:08:54,Spot,Airdrop Assets,LUNA,0.01270711,
96972586,23-02-17 04:07:51,Spot,Simple Earn Flexible Subscription,LUNC,-0.54749494,Binance Earn
96972586,23-02-17 12:22:02,Spot,Simple Earn Locked Rewards,DOT,0.0092602,Binance Earn
96972586,23-02-17 12:32:50,Spot,Simple Earn Locked Rewards,BNB,0.00004119,Binance Earn
96972586,23-02-17 12:33:20,Spot,Simple Earn Locked Rewards,BNB,0.00000127,Binance Earn
96972586,23-02-17 12:50:42,Spot,Simple Earn Locked Rewards,ALGO,0.01406881,Binance Earn
96972586,23-02-17 13:30:39,Spot,Simple Earn Locked Rewards,NEAR,0.0070684,Binance Earn
96972586,23-02-17 13:58:02,Spot,Simple Earn Flexible Interest,LUNC,0.54750543,Binance Earn
96972586,23-02-18 03:45:52,Spot,Simple Earn Flexible Subscription,LUNC,-0.54750543,Binance Earn
96972586,23-02-18 12:21:36,Spot,Simple Earn Locked Rewards,DOT,0.0092602,Binance Earn
96972586,23-02-18 12:32:15,Spot,Simple Earn Locked Rewards,BNB,0.00000127,Binance Earn
96972586,23-02-18 12:32:37,Spot,Simple Earn Locked Rewards,BNB,0.00004119,Binance Earn
96972586,23-02-18 12:46:16,Spot,Simple Earn Locked Rewards,ALGO,0.01406881,Binance Earn
96972586,23-02-18 13:27:30,Spot,Simple Earn Locked Rewards,NEAR,0.0070684,Binance Earn
96972586,23-02-18 14:24:55,Spot,Simple Earn Flexible Interest,LUNC,0.54751593,Binance Earn
96972586,23-02-19 03:40:45,Spot,Simple Earn Flexible Subscription,LUNC,-0.54751593,Binance Earn
96972586,23-02-19 12:22:33,Spot,Simple Earn Locked Rewards,DOT,0.0092602,Binance Earn
96972586,23-02-19 12:34:12,Spot,Simple Earn Locked Rewards,BNB,0.00004119,Binance Earn
96972586,23-02-19 12:35:39,Spot,Simple Earn Locked Rewards,BNB,0.00000127,Binance Earn
96972586,23-02-19 12:53:37,Spot,Simple Earn Locked Rewards,ALGO,0.01406881,Binance Earn
96972586,23-02-19 13:32:44,Spot,Simple Earn Locked Rewards,NEAR,0.0070684,Binance Earn
96972586,23-02-19 14:45:57,Spot,Simple Earn Flexible Interest,LUNC,0.54752642,Binance Earn
96972586,23-02-20 03:49:00,Spot,Simple Earn Flexible Subscription,LUNC,-0.54752642,Binance Earn
96972586,23-02-20 12:18:27,Spot,Simple Earn Locked Rewards,BNB,0.00004119,Binance Earn
96972586,23-02-20 12:21:57,Spot,Simple Earn Locked Rewards,DOT,0.0092602,Binance Earn
96972586,23-02-20 12:32:18,Spot,Simple Earn Locked Rewards,BNB,0.00000127,Binance Earn
96972586,23-02-20 12:38:44,Spot,Simple Earn Locked Rewards,ALGO,0.01406881,Binance Earn
96972586,23-02-20 12:59:40,Spot,Simple Earn Locked Rewards,NEAR,0.0070684,Binance Earn
96972586,23-02-20 13:52:22,Spot,Simple Earn Flexible Interest,LUNC,0.54753692,Binance Earn
96972586,23-02-21 03:47:11,Spot,Simple Earn Flexible Subscription,LUNC,-0.54753692,Binance Earn
96972586,23-02-21 12:23:12,Spot,Simple Earn Locked Rewards,DOT,0.0092602,Binance Earn
96972586,23-02-21 12:33:46,Spot,Simple Earn Locked Rewards,BNB,0.00004119,Binance Earn
96972586,23-02-21 12:34:52,Spot,Simple Earn Locked Rewards,BNB,0.00000127,Binance Earn
96972586,23-02-21 12:53:19,Spot,Simple Earn Locked Rewards,ALGO,0.01406881,Binance Earn
96972586,23-02-21 13:31:53,Spot,Simple Earn Locked Rewards,NEAR,0.0070684,Binance Earn
96972586,23-02-21 13:37:14,Spot,Simple Earn Flexible Interest,LUNC,0.54754741,Binance Earn
96972586,23-02-21 14:35:35,Spot,Simple Earn Flexible Subscription,LUNC,-0.54754741,Binance Earn
96972586,23-02-22 12:17:16,Spot,Simple Earn Locked Rewards,DOT,0.0092602,Binance Earn
96972586,23-02-22 12:19:14,Spot,Simple Earn Locked Rewards,BNB,0.00000127,Binance Earn
96972586,23-02-22 12:31:52,Spot,Simple Earn Locked Rewards,BNB,0.00004119,Binance Earn
96972586,23-02-22 12:52:26,Spot,Simple Earn Locked Rewards,ALGO,0.01406881,Binance Earn
96972586,23-02-22 13:27:16,Spot,Simple Earn Locked Rewards,NEAR,0.0070684,Binance Earn
96972586,23-02-22 23:00:19,Spot,Simple Earn Flexible Interest,LUNC,0.54755791,Binance Earn
96972586,23-02-23 12:16:04,Spot,Simple Earn Locked Rewards,DOT,0.0092602,Binance Earn
96972586,23-02-23 12:32:53,Spot,Simple Earn Locked Rewards,BNB,0.00000127,Binance Earn
96972586,23-02-23 12:35:15,Spot,Simple Earn Locked Rewards,BNB,0.00004119,Binance Earn
96972586,23-02-23 12:51:57,Spot,Simple Earn Locked Rewards,ALGO,0.01406881,Binance Earn
96972586,23-02-23 13:29:56,Spot,Simple Earn Locked Rewards,NEAR,0.0070684,Binance Earn
96972586,23-02-24 12:16:58,Spot,Simple Earn Locked Rewards,DOT,0.0092602,Binance Earn
96972586,23-02-24 12:34:45,Spot,Simple Earn Locked Rewards,BNB,0.00000127,Binance Earn
96972586,23-02-24 12:36:33,Spot,Simple Earn Locked Rewards,BNB,0.00004119,Binance Earn
96972586,23-02-24 12:51:35,Spot,Simple Earn Locked Rewards,ALGO,0.01406881,Binance Earn
96972586,23-02-24 13:28:45,Spot,Simple Earn Locked Rewards,NEAR,0.0070684,Binance Earn
96972586,23-02-25 12:17:59,Spot,Simple Earn Locked Rewards,DOT,0.0092602,Binance Earn
96972586,23-02-25 12:36:53,Spot,Simple Earn Locked Rewards,BNB,0.00000127,Binance Earn
96972586,23-02-25 12:39:08,Spot,Simple Earn Locked Rewards,BNB,0.00004119,Binance Earn
96972586,23-02-25 12:54:41,Spot,Simple Earn Locked Rewards,ALGO,0.01406881,Binance Earn
96972586,23-02-25 13:31:15,Spot,Simple Earn Locked Rewards,NEAR,0.0070684,Binance Earn
96972586,23-02-26 12:17:40,Spot,Simple Earn Locked Rewards,DOT,0.0092602,Binance Earn
96972586,23-02-26 12:36:00,Spot,Simple Earn Locked Rewards,BNB,0.00000127,Binance Earn
96972586,23-02-26 12:39:01,Spot,Simple Earn Locked Rewards,BNB,0.00004119,Binance Earn
96972586,23-02-26 12:51:00,Spot,Simple Earn Locked Rewards,ALGO,0.01406881,Binance Earn
96972586,23-02-26 13:29:23,Spot,Simple Earn Locked Rewards,NEAR,0.0070684,Binance Earn
96972586,23-02-27 12:17:18,Spot,Simple Earn Locked Rewards,DOT,0.0092602,Binance Earn
96972586,23-02-27 12:36:14,Spot,Simple Earn Locked Rewards,BNB,0.00000127,Binance Earn
96972586,23-02-27 12:38:54,Spot,Simple Earn Locked Rewards,BNB,0.00004119,Binance Earn
96972586,23-02-27 12:51:06,Spot,Simple Earn Locked Rewards,ALGO,0.01406881,Binance Earn
96972586,23-02-27 13:29:43,Spot,Simple Earn Locked Rewards,NEAR,0.0070684,Binance Earn
96972586,23-02-28 12:17:09,Spot,Simple Earn Locked Rewards,DOT,0.0092602,Binance Earn
96972586,23-02-28 12:35:35,Spot,Simple Earn Locked Rewards,BNB,0.00000127,Binance Earn
96972586,23-02-28 12:38:43,Spot,Simple Earn Locked Rewards,BNB,0.00004119,Binance Earn
96972586,23-02-28 12:50:05,Spot,Simple Earn Locked Rewards,ALGO,0.01406881,Binance Earn
96972586,23-02-28 13:35:00,Spot,Simple Earn Locked Rewards,NEAR,0.0070684,Binance Earn
96972586,23-03-01 12:02:42,Spot,Simple Earn Locked Rewards,DOT,0.0092602,Binance Earn
96972586,23-03-01 12:33:06,Spot,Simple Earn Locked Rewards,BNB,0.00000127,Binance Earn
96972586,23-03-01 12:37:12,Spot,Simple Earn Locked Rewards,BNB,0.00004119,Binance Earn
96972586,23-03-01 12:48:38,Spot,Simple Earn Locked Rewards,ALGO,0.01406881,Binance Earn
96972586,23-03-01 13:26:44,Spot,Simple Earn Locked Rewards,NEAR,0.0070684,Binance Earn
96972586,23-03-02 12:18:59,Spot,Simple Earn Locked Rewards,DOT,0.0092602,Binance Earn
96972586,23-03-02 12:30:26,Spot,Simple Earn Locked Rewards,BNB,0.00000127,Binance Earn
96972586,23-03-02 12:36:34,Spot,Simple Earn Locked Rewards,BNB,0.00004119,Binance Earn
96972586,23-03-02 12:46:35,Spot,Simple Earn Locked Rewards,ALGO,0.01406881,Binance Earn
96972586,23-03-02 13:27:24,Spot,Simple Earn Locked Rewards,NEAR,0.0070684,Binance Earn
96972586,23-03-03 12:12:47,Spot,Simple Earn Locked Rewards,DOT,0.0092602,Binance Earn
96972586,23-03-03 12:21:44,Spot,Simple Earn Locked Rewards,BNB,0.00004119,Binance Earn
96972586,23-03-03 12:30:47,Spot,Simple Earn Locked Rewards,BNB,0.00000127,Binance Earn
96972586,23-03-03 12:33:10,Spot,Simple Earn Locked Rewards,ALGO,0.01406881,Binance Earn
96972586,23-03-03 13:26:55,Spot,Simple Earn Locked Rewards,NEAR,0.0070684,Binance Earn
96972586,23-03-04 12:18:14,Spot,Simple Earn Locked Rewards,DOT,0.0092602,Binance Earn
96972586,23-03-04 12:30:19,Spot,Simple Earn Locked Rewards,BNB,0.00000127,Binance Earn
96972586,23-03-04 12:36:00,Spot,Simple Earn Locked Rewards,BNB,0.00004119,Binance Earn
96972586,23-03-04 12:48:37,Spot,Simple Earn Locked Rewards,ALGO,0.01406881,Binance Earn
96972586,23-03-04 13:23:21,Spot,Simple Earn Locked Rewards,NEAR,0.0070684,Binance Earn
96972586,23-03-05 11:32:29,Spot,Simple Earn Locked Redemption,BNB,0.48503875,Binance Earn
96972586,23-03-05 12:17:47,Spot,Simple Earn Locked Rewards,DOT,0.0092602,Binance Earn
96972586,23-03-05 12:30:21,Spot,Simple Earn Locked Rewards,BNB,0.00000127,Binance Earn
96972586,23-03-05 12:43:58,Spot,Simple Earn Locked Rewards,ALGO,0.01406881,Binance Earn
96972586,23-03-05 13:24:59,Spot,Simple Earn Locked Rewards,NEAR,0.0070684,Binance Earn
96972586,23-03-06 12:17:00,Spot,Simple Earn Locked Rewards,DOT,0.0092602,Binance Earn
96972586,23-03-06 12:31:11,Spot,Simple Earn Locked Rewards,BNB,0.00000127,Binance Earn
96972586,23-03-06 12:47:31,Spot,Simple Earn Locked Rewards,ALGO,0.01406881,Binance Earn
96972586,23-03-06 13:24:38,Spot,Simple Earn Locked Rewards,NEAR,0.0070684,Binance Earn
96972586,23-03-07 10:25:41,Spot,Simple Earn Flexible Redemption,LUNC,28568.69881071,Binance Earn
96972586,23-03-07 12:16:36,Spot,Simple Earn Locked Rewards,DOT,0.0092602,Binance Earn
96972586,23-03-07 12:32:40,Spot,Simple Earn Locked Rewards,BNB,0.00000127,Binance Earn
96972586,23-03-07 12:51:38,Spot,Simple Earn Locked Rewards,ALGO,0.01406881,Binance Earn
96972586,23-03-07 13:25:44,Spot,Simple Earn Locked Rewards,NEAR,0.0070684,Binance Earn
96972586,23-03-08 12:16:41,Spot,Simple Earn Locked Rewards,DOT,0.0092602,Binance Earn
96972586,23-03-08 12:36:18,Spot,Simple Earn Locked Rewards,BNB,0.00000127,Binance Earn
96972586,23-03-08 12:52:27,Spot,Simple Earn Locked Rewards,ALGO,0.01406881,Binance Earn
96972586,23-03-08 13:24:42,Spot,Simple Earn Locked Rewards,NEAR,0.0070684,Binance Earn
96972586,23-03-09 12:57:51,Spot,Simple Earn Locked Rewards,DOT,0.0092602,Binance Earn
96972586,23-03-09 13:19:12,Spot,Simple Earn Locked Rewards,BNB,0.00000127,Binance Earn
96972586,23-03-09 13:27:31,Spot,Simple Earn Locked Rewards,ALGO,0.01406881,Binance Earn
96972586,23-03-09 14:03:20,Spot,Simple Earn Locked Rewards,NEAR,0.0070684,Binance Earn
96972586,23-03-10 12:15:07,Spot,Simple Earn Locked Rewards,DOT,0.0092602,Binance Earn
96972586,23-03-10 12:32:09,Spot,Simple Earn Locked Rewards,BNB,0.00000127,Binance Earn
96972586,23-03-10 12:49:57,Spot,Simple Earn Locked Rewards,ALGO,0.01406881,Binance Earn
96972586,23-03-10 13:21:46,Spot,Simple Earn Locked Rewards,NEAR,0.0070684,Binance Earn
96972586,23-03-11 12:17:00,Spot,Simple Earn Locked Rewards,DOT,0.0092602,Binance Earn
96972586,23-03-11 12:33:48,Spot,Simple Earn Locked Rewards,BNB,0.00000127,Binance Earn
96972586,23-03-11 12:53:08,Spot,Simple Earn Locked Rewards,ALGO,0.01406881,Binance Earn
96972586,23-03-11 13:25:34,Spot,Simple Earn Locked Rewards,NEAR,0.0070684,Binance Earn
96972586,23-03-12 12:16:35,Spot,Simple Earn Locked Rewards,DOT,0.0092602,Binance Earn
96972586,23-03-12 12:34:26,Spot,Simple Earn Locked Rewards,BNB,0.00000127,Binance Earn
96972586,23-03-12 12:53:42,Spot,Simple Earn Locked Rewards,ALGO,0.01406881,Binance Earn
96972586,23-03-12 13:25:34,Spot,Simple Earn Locked Rewards,NEAR,0.0070684,Binance Earn
96972586,23-03-13 12:17:27,Spot,Simple Earn Locked Rewards,DOT,0.0092602,Binance Earn
96972586,23-03-13 12:35:17,Spot,Simple Earn Locked Rewards,BNB,0.00000127,Binance Earn
96972586,23-03-13 12:55:10,Spot,Simple Earn Locked Rewards,ALGO,0.01406881,Binance Earn
96972586,23-03-13 13:25:13,Spot,Simple Earn Locked Rewards,NEAR,0.0070684,Binance Earn
96972586,23-03-14 12:19:25,Spot,Simple Earn Locked Rewards,DOT,0.0092602,Binance Earn
96972586,23-03-14 12:38:02,Spot,Simple Earn Locked Rewards,BNB,0.00000127,Binance Earn
96972586,23-03-14 12:50:56,Spot,Simple Earn Locked Rewards,ALGO,0.01406881,Binance Earn
96972586,23-03-14 13:24:22,Spot,Simple Earn Locked Rewards,NEAR,0.0070684,Binance Earn
96972586,23-03-15 12:19:09,Spot,Simple Earn Locked Rewards,DOT,0.0092602,Binance Earn
96972586,23-03-15 12:39:08,Spot,Simple Earn Locked Rewards,BNB,0.00000127,Binance Earn
96972586,23-03-15 12:52:54,Spot,Simple Earn Locked Rewards,ALGO,0.01406881,Binance Earn
96972586,23-03-15 13:26:06,Spot,Simple Earn Locked Rewards,NEAR,0.0070684,Binance Earn
96972586,23-03-16 12:18:17,Spot,Simple Earn Locked Rewards,DOT,0.0092602,Binance Earn
96972586,23-03-16 12:37:34,Spot,Simple Earn Locked Rewards,BNB,0.00000127,Binance Earn
96972586,23-03-16 12:50:17,Spot,Simple Earn Locked Rewards,ALGO,0.01406881,Binance Earn
96972586,23-03-16 13:23:25,Spot,Simple Earn Locked Rewards,NEAR,0.0070684,Binance Earn
96972586,23-03-17 12:19:17,Spot,Simple Earn Locked Rewards,DOT,0.0092602,Binance Earn
96972586,23-03-17 12:39:57,Spot,Simple Earn Locked Rewards,BNB,0.00000127,Binance Earn
96972586,23-03-17 12:52:14,Spot,Simple Earn Locked Rewards,ALGO,0.01406881,Binance Earn
96972586,23-03-17 13:29:15,Spot,Simple Earn Locked Rewards,NEAR,0.0070684,Binance Earn
96972586,23-03-18 12:02:44,Spot,Simple Earn Locked Rewards,DOT,0.0092602,Binance Earn
96972586,23-03-18 12:37:24,Spot,Simple Earn Locked Rewards,BNB,0.00000127,Binance Earn
96972586,23-03-18 12:51:19,Spot,Simple Earn Locked Rewards,ALGO,0.01406881,Binance Earn
96972586,23-03-18 13:27:10,Spot,Simple Earn Locked Rewards,NEAR,0.0070684,Binance Earn
96972586,23-03-19 12:01:47,Spot,Simple Earn Locked Rewards,DOT,0.0092602,Binance Earn
96972586,23-03-19 12:35:49,Spot,Simple Earn Locked Rewards,BNB,0.00000127,Binance Earn
96972586,23-03-19 12:47:52,Spot,Simple Earn Locked Rewards,ALGO,0.01406881,Binance Earn
96972586,23-03-19 13:23:02,Spot,Simple Earn Locked Rewards,NEAR,0.0070684,Binance Earn
96972586,23-03-20 12:01:23,Spot,Simple Earn Locked Rewards,DOT,0.0092602,Binance Earn
96972586,23-03-20 12:36:10,Spot,Simple Earn Locked Rewards,BNB,0.00000127,Binance Earn
96972586,23-03-20 12:48:21,Spot,Simple Earn Locked Rewards,ALGO,0.01406881,Binance Earn
96972586,23-03-20 13:23:31,Spot,Simple Earn Locked Rewards,NEAR,0.0070684,Binance Earn
96972586,23-03-21 12:01:00,Spot,Simple Earn Locked Rewards,DOT,0.0092602,Binance Earn
96972586,23-03-21 12:34:44,Spot,Simple Earn Locked Rewards,BNB,0.00000127,Binance Earn
96972586,23-03-21 12:47:31,Spot,Simple Earn Locked Rewards,ALGO,0.01406881,Binance Earn
96972586,23-03-21 13:22:05,Spot,Simple Earn Locked Rewards,NEAR,0.0070684,Binance Earn
96972586,23-03-22 12:01:58,Spot,Simple Earn Locked Rewards,DOT,0.0092602,Binance Earn
96972586,23-03-22 12:40:47,Spot,Simple Earn Locked Rewards,BNB,0.00000127,Binance Earn
96972586,23-03-22 12:55:24,Spot,Simple Earn Locked Rewards,ALGO,0.01406881,Binance Earn
96972586,23-03-22 13:35:36,Spot,Simple Earn Locked Rewards,NEAR,0.0070684,Binance Earn
96972586,23-03-23 12:02:38,Spot,Simple Earn Locked Rewards,DOT,0.0092602,Binance Earn
96972586,23-03-23 12:44:07,Spot,Simple Earn Locked Rewards,BNB,0.00000127,Binance Earn
96972586,23-03-23 12:59:24,Spot,Simple Earn Locked Rewards,ALGO,0.01406881,Binance Earn
96972586,23-03-23 13:47:19,Spot,Simple Earn Locked Rewards,NEAR,0.0070684,Binance Earn
96972586,23-03-24 11:05:09,Spot,Simple Earn Locked Rewards,DOT,0.0092602,Binance Earn
96972586,23-03-24 12:01:04,Spot,Simple Earn Locked Rewards,BNB,0.00000127,Binance Earn
96972586,23-03-24 12:18:52,Spot,Simple Earn Locked Rewards,ALGO,0.01406881,Binance Earn
96972586,23-03-24 13:20:16,Spot,Simple Earn Locked Rewards,NEAR,0.0070684,Binance Earn
96972586,23-03-24 20:33:31,Spot,Airdrop Assets,LUNA,0.01270711,
96972586,23-03-25 11:01:22,Spot,Simple Earn Locked Rewards,DOT,0.0092602,Binance Earn
96972586,23-03-25 11:37:42,Spot,Simple Earn Locked Rewards,BNB,0.00000127,Binance Earn
96972586,23-03-25 11:51:09,Spot,Simple Earn Locked Rewards,ALGO,0.01406881,Binance Earn
96972586,23-03-25 12:57:05,Spot,Simple Earn Locked Rewards,NEAR,0.0065206,Binance Earn
96972586,23-03-26 11:01:28,Spot,Simple Earn Locked Rewards,DOT,0.0092602,Binance Earn
96972586,23-03-26 11:46:07,Spot,Simple Earn Locked Rewards,BNB,0.00000127,Binance Earn
96972586,23-03-26 11:59:42,Spot,Simple Earn Locked Rewards,ALGO,0.01406881,Binance Earn
96972586,23-03-26 12:59:07,Spot,Simple Earn Locked Rewards,NEAR,0.0065206,Binance Earn
96972586,23-03-27 11:03:34,Spot,Simple Earn Locked Rewards,DOT,0.0092602,Binance Earn
96972586,23-03-27 11:59:07,Spot,Simple Earn Locked Rewards,BNB,0.00000127,Binance Earn
96972586,23-03-27 12:17:43,Spot,Simple Earn Locked Rewards,ALGO,0.01406881,Binance Earn
96972586,23-03-27 13:25:22,Spot,Simple Earn Locked Rewards,NEAR,0.0065206,Binance Earn
96972586,23-03-28 11:02:13,Spot,Simple Earn Locked Rewards,DOT,0.0092602,Binance Earn
96972586,23-03-28 11:54:41,Spot,Simple Earn Locked Rewards,BNB,0.00000127,Binance Earn
96972586,23-03-28 12:13:52,Spot,Simple Earn Locked Rewards,ALGO,0.01406881,Binance Earn
96972586,23-03-28 13:12:46,Spot,Simple Earn Locked Rewards,NEAR,0.0065206,Binance Earn
96972586,23-03-29 11:01:51,Spot,Simple Earn Locked Rewards,DOT,0.0092602,Binance Earn
96972586,23-03-29 11:52:00,Spot,Simple Earn Locked Rewards,BNB,0.00000127,Binance Earn
96972586,23-03-29 12:11:00,Spot,Simple Earn Locked Rewards,ALGO,0.01406881,Binance Earn
96972586,23-03-29 13:09:53,Spot,Simple Earn Locked Rewards,NEAR,0.0065206,Binance Earn
96972586,23-03-30 11:01:08,Spot,Simple Earn Locked Rewards,DOT,0.0092602,Binance Earn
96972586,23-03-30 11:52:22,Spot,Simple Earn Locked Rewards,BNB,0.00000127,Binance Earn
96972586,23-03-30 12:12:09,Spot,Simple Earn Locked Rewards,ALGO,0.01406881,Binance Earn
96972586,23-03-30 13:11:37,Spot,Simple Earn Locked Rewards,NEAR,0.0065206,Binance Earn
96972586,23-03-31 11:02:01,Spot,Simple Earn Locked Rewards,DOT,0.0092602,Binance Earn
96972586,23-03-31 11:57:59,Spot,Simple Earn Locked Rewards,BNB,0.00000127,Binance Earn
96972586,23-03-31 12:18:08,Spot,Simple Earn Locked Rewards,ALGO,0.01406881,Binance Earn
96972586,23-03-31 13:14:20,Spot,Simple Earn Locked Rewards,NEAR,0.0065206,Binance Earn
96972586,23-04-01 10:59:27,Spot,Simple Earn Locked Rewards,DOT,0.0092602,Binance Earn
96972586,23-04-01 11:23:07,Spot,Simple Earn Locked Rewards,BNB,0.00000127,Binance Earn
96972586,23-04-01 11:50:02,Spot,Simple Earn Locked Rewards,ALGO,0.01406881,Binance Earn
96972586,23-04-01 12:34:51,Spot,Simple Earn Locked Rewards,NEAR,0.0065206,Binance Earn
96972586,23-04-02 11:07:04,Spot,Simple Earn Locked Rewards,DOT,0.0092602,Binance Earn
96972586,23-04-02 11:36:04,Spot,Simple Earn Locked Rewards,BNB,0.00000127,Binance Earn
96972586,23-04-02 12:14:44,Spot,Simple Earn Locked Rewards,ALGO,0.01406881,Binance Earn
96972586,23-04-02 13:13:15,Spot,Simple Earn Locked Rewards,NEAR,0.0065206,Binance Earn
96972586,23-04-03 11:07:37,Spot,Simple Earn Locked Rewards,DOT,0.0092602,Binance Earn
96972586,23-04-03 11:38:23,Spot,Simple Earn Locked Rewards,BNB,0.00000127,Binance Earn
96972586,23-04-03 12:18:20,Spot,Simple Earn Locked Rewards,ALGO,0.01406881,Binance Earn
96972586,23-04-03 13:14:31,Spot,Simple Earn Locked Rewards,NEAR,0.0065206,Binance Earn
96972586,23-04-04 11:02:55,Spot,Simple Earn Locked Rewards,DOT,0.0092602,Binance Earn
96972586,23-04-04 11:24:43,Spot,Simple Earn Locked Rewards,BNB,0.00000127,Binance Earn
96972586,23-04-04 11:55:10,Spot,Simple Earn Locked Rewards,ALGO,0.01406881,Binance Earn
96972586,23-04-04 12:43:48,Spot,Simple Earn Locked Rewards,NEAR,0.0065206,Binance Earn
96972586,23-04-05 11:05:57,Spot,Simple Earn Locked Rewards,DOT,0.0092602,Binance Earn
96972586,23-04-05 11:33:11,Spot,Simple Earn Locked Rewards,BNB,0.00000127,Binance Earn
96972586,23-04-05 12:17:23,Spot,Simple Earn Locked Rewards,ALGO,0.01406881,Binance Earn
96972586,23-04-05 13:19:08,Spot,Simple Earn Locked Rewards,NEAR,0.0065206,Binance Earn
96972586,23-04-06 11:03:05,Spot,Simple Earn Locked Rewards,DOT,0.0092602,Binance Earn
96972586,23-04-06 11:21:44,Spot,Simple Earn Locked Rewards,BNB,0.00000127,Binance Earn
96972586,23-04-06 11:58:54,Spot,Simple Earn Locked Rewards,ALGO,0.01406881,Binance Earn
96972586,23-04-06 12:49:23,Spot,Simple Earn Locked Rewards,NEAR,0.0065206,Binance Earn
96972586,23-04-07 11:04:13,Spot,Simple Earn Locked Rewards,DOT,0.0092602,Binance Earn
96972586,23-04-07 11:27:03,Spot,Simple Earn Locked Rewards,BNB,0.00000127,Binance Earn
96972586,23-04-07 12:19:44,Spot,Simple Earn Locked Rewards,ALGO,0.01406881,Binance Earn
96972586,23-04-07 13:11:55,Spot,Simple Earn Locked Rewards,NEAR,0.0065206,Binance Earn
96972586,23-04-08 11:01:31,Spot,Simple Earn Locked Rewards,DOT,0.0092602,Binance Earn
96972586,23-04-08 11:21:32,Spot,Simple Earn Locked Rewards,BNB,0.00000127,Binance Earn
96972586,23-04-08 12:04:27,Spot,Simple Earn Locked Rewards,ALGO,0.01406881,Binance Earn
96972586,23-04-08 12:55:59,Spot,Simple Earn Locked Rewards,NEAR,0.0065206,Binance Earn
96972586,23-04-09 11:00:43,Spot,Simple Earn Locked Rewards,DOT,0.0092602,Binance Earn
96972586,23-04-09 11:18:35,Spot,Simple Earn Locked Rewards,BNB,0.00000127,Binance Earn
96972586,23-04-09 11:55:26,Spot,Simple Earn Locked Rewards,ALGO,0.01406881,Binance Earn
96972586,23-04-09 12:42:56,Spot,Simple Earn Locked Rewards,NEAR,0.0065206,Binance Earn
96972586,23-04-10 12:00:25,Spot,Simple Earn Locked Rewards,DOT,0.0092602,Binance Earn
96972586,23-04-10 12:28:27,Spot,Simple Earn Locked Rewards,BNB,0.00000127,Binance Earn
96972586,23-04-10 13:02:44,Spot,Simple Earn Locked Rewards,ALGO,0.01406881,Binance Earn
96972586,23-04-10 13:44:38,Spot,Simple Earn Locked Rewards,NEAR,0.0065206,Binance Earn
96972586,23-04-11 11:00:44,Spot,Simple Earn Locked Rewards,DOT,0.0092602,Binance Earn
96972586,23-04-11 11:19:29,Spot,Simple Earn Locked Rewards,BNB,0.00000127,Binance Earn
96972586,23-04-11 11:56:07,Spot,Simple Earn Locked Rewards,ALGO,0.01406881,Binance Earn
96972586,23-04-11 12:45:01,Spot,Simple Earn Locked Rewards,NEAR,0.0065206,Binance Earn
96972586,23-04-12 11:00:17,Spot,Simple Earn Locked Rewards,DOT,0.0092602,Binance Earn
96972586,23-04-12 11:18:25,Spot,Simple Earn Locked Rewards,BNB,0.00000127,Binance Earn
96972586,23-04-12 11:59:54,Spot,Simple Earn Locked Rewards,ALGO,0.01406881,Binance Earn
96972586,23-04-12 12:39:57,Spot,Simple Earn Locked Rewards,NEAR,0.0065206,Binance Earn
96972586,23-04-13 10:59:10,Spot,Simple Earn Locked Rewards,DOT,0.0092602,Binance Earn
96972586,23-04-13 11:18:15,Spot,Simple Earn Locked Rewards,BNB,0.00000127,Binance Earn
96972586,23-04-13 12:02:23,Spot,Simple Earn Locked Rewards,ALGO,0.01406881,Binance Earn
96972586,23-04-13 12:41:29,Spot,Simple Earn Locked Rewards,NEAR,0.0065206,Binance Earn
96972586,23-04-14 10:59:29,Spot,Simple Earn Locked Rewards,DOT,0.0092602,Binance Earn
96972586,23-04-14 11:17:21,Spot,Simple Earn Locked Rewards,BNB,0.00000127,Binance Earn
96972586,23-04-14 11:53:31,Spot,Simple Earn Locked Rewards,ALGO,0.01406881,Binance Earn
96972586,23-04-14 13:18:55,Spot,Simple Earn Locked Rewards,NEAR,0.0065206,Binance Earn
96972586,23-04-15 10:58:32,Spot,Simple Earn Locked Rewards,DOT,0.0092602,Binance Earn
96972586,23-04-15 11:16:50,Spot,Simple Earn Locked Rewards,BNB,0.00000127,Binance Earn
96972586,23-04-15 11:46:58,Spot,Simple Earn Locked Rewards,ALGO,0.01406881,Binance Earn
96972586,23-04-15 12:46:36,Spot,Simple Earn Locked Rewards,NEAR,0.0065206,Binance Earn
96972586,23-04-16 11:02:13,Spot,Simple Earn Locked Rewards,DOT,0.0092602,Binance Earn
96972586,23-04-16 11:16:42,Spot,Simple Earn Locked Rewards,BNB,0.00000127,Binance Earn
96972586,23-04-16 11:49:24,Spot,Simple Earn Locked Rewards,ALGO,0.01406881,Binance Earn
96972586,23-04-16 12:46:11,Spot,Simple Earn Locked Rewards,NEAR,0.0065206,Binance Earn
96972586,23-04-17 11:02:20,Spot,Simple Earn Locked Rewards,DOT,0.0092602,Binance Earn
96972586,23-04-17 11:18:24,Spot,Simple Earn Locked Rewards,BNB,0.00000127,Binance Earn
96972586,23-04-17 11:50:02,Spot,Simple Earn Locked Rewards,ALGO,0.01406881,Binance Earn
96972586,23-04-17 12:46:46,Spot,Simple Earn Locked Rewards,NEAR,0.0065206,Binance Earn
96972586,23-04-18 11:02:08,Spot,Simple Earn Locked Rewards,DOT,0.0092602,Binance Earn
96972586,23-04-18 11:18:03,Spot,Simple Earn Locked Rewards,BNB,0.00000127,Binance Earn
96972586,23-04-18 11:58:49,Spot,Simple Earn Locked Rewards,ALGO,0.01406881,Binance Earn
96972586,23-04-18 13:31:27,Spot,Simple Earn Locked Rewards,NEAR,0.0065206,Binance Earn
96972586,23-04-19 11:02:08,Spot,Simple Earn Locked Rewards,DOT,0.0092602,Binance Earn
96972586,23-04-19 11:17:56,Spot,Simple Earn Locked Rewards,BNB,0.00000127,Binance Earn
96972586,23-04-19 11:48:57,Spot,Simple Earn Locked Rewards,ALGO,0.01406881,Binance Earn
96972586,23-04-19 12:36:05,Spot,Simple Earn Locked Rewards,NEAR,0.0065206,Binance Earn
96972586,23-04-20 11:01:44,Spot,Simple Earn Locked Rewards,DOT,0.0092602,Binance Earn
96972586,23-04-20 11:17:38,Spot,Simple Earn Locked Rewards,BNB,0.00000127,Binance Earn
96972586,23-04-20 11:49:14,Spot,Simple Earn Locked Rewards,ALGO,0.01406881,Binance Earn
96972586,23-04-20 12:30:46,Spot,Simple Earn Locked Rewards,NEAR,0.0065206,Binance Earn
96972586,23-04-20 23:54:00,Spot,Airdrop Assets,LUNA,0.01270711,
96972586,23-04-21 11:00:56,Spot,Simple Earn Locked Rewards,DOT,0.0092602,Binance Earn
96972586,23-04-21 11:18:24,Spot,Simple Earn Locked Rewards,BNB,0.00000127,Binance Earn
96972586,23-04-21 11:49:11,Spot,Simple Earn Locked Rewards,ALGO,0.01406881,Binance Earn
96972586,23-04-21 12:58:12,Spot,Simple Earn Locked Rewards,NEAR,0.0065206,Binance Earn
96972586,23-04-22 11:02:21,Spot,Simple Earn Locked Rewards,DOT,0.0092602,Binance Earn
96972586,23-04-22 11:21:15,Spot,Simple Earn Locked Rewards,BNB,0.00000127,Binance Earn
96972586,23-04-22 11:58:23,Spot,Simple Earn Locked Rewards,ALGO,0.01406881,Binance Earn
96972586,23-04-22 13:00:36,Spot,Simple Earn Locked Rewards,NEAR,0.0065206,Binance Earn
96972586,23-04-23 10:59:30,Spot,Simple Earn Locked Rewards,DOT,0.0092602,Binance Earn
96972586,23-04-23 11:15:23,Spot,Simple Earn Locked Rewards,BNB,0.00000127,Binance Earn
96972586,23-04-23 11:49:12,Spot,Simple Earn Locked Rewards,ALGO,0.01406881,Binance Earn
96972586,23-04-23 12:34:23,Spot,Simple Earn Locked Rewards,NEAR,0.0065206,Binance Earn
96972586,23-04-24 10:59:20,Spot,Simple Earn Locked Rewards,DOT,0.0092602,Binance Earn
96972586,23-04-24 11:14:36,Spot,Simple Earn Locked Rewards,BNB,0.00000127,Binance Earn
96972586,23-04-24 11:48:42,Spot,Simple Earn Locked Rewards,ALGO,0.01406881,Binance Earn
96972586,23-04-24 12:32:58,Spot,Simple Earn Locked Rewards,NEAR,0.0065206,Binance Earn
96972586,23-04-25 11:01:55,Spot,Simple Earn Locked Rewards,DOT,0.0092602,Binance Earn
96972586,23-04-25 11:23:52,Spot,Simple Earn Locked Rewards,BNB,0.00000127,Binance Earn
96972586,23-04-25 12:03:55,Spot,Simple Earn Locked Rewards,ALGO,0.01406881,Binance Earn
96972586,23-04-25 13:14:29,Spot,Simple Earn Locked Rewards,NEAR,0.0065206,Binance Earn
96972586,23-04-26 11:00:57,Spot,Simple Earn Locked Rewards,DOT,0.0092602,Binance Earn
96972586,23-04-26 11:21:24,Spot,Simple Earn Locked Rewards,BNB,0.00000127,Binance Earn
96972586,23-04-26 12:00:12,Spot,Simple Earn Locked Rewards,ALGO,0.01406881,Binance Earn
96972586,23-04-26 12:48:52,Spot,Simple Earn Locked Rewards,NEAR,0.0065206,Binance Earn
96972586,23-04-27 10:59:09,Spot,Simple Earn Locked Rewards,DOT,0.0092602,Binance Earn
96972586,23-04-27 11:17:20,Spot,Simple Earn Locked Rewards,BNB,0.00000127,Binance Earn
96972586,23-04-27 11:51:51,Spot,Simple Earn Locked Rewards,ALGO,0.01406881,Binance Earn
96972586,23-04-27 12:50:36,Spot,Simple Earn Locked Rewards,NEAR,0.0065206,Binance Earn
96972586,23-04-28 11:00:52,Spot,Simple Earn Locked Rewards,DOT,0.0092602,Binance Earn
96972586,23-04-28 11:20:30,Spot,Simple Earn Locked Rewards,BNB,0.00000127,Binance Earn
96972586,23-04-28 11:53:00,Spot,Simple Earn Locked Rewards,ALGO,0.01406881,Binance Earn
96972586,23-04-28 12:54:14,Spot,Simple Earn Locked Rewards,NEAR,0.0065206,Binance Earn
96972586,23-04-29 10:59:53,Spot,Simple Earn Locked Rewards,DOT,0.0092602,Binance Earn
96972586,23-04-29 11:18:15,Spot,Simple Earn Locked Rewards,BNB,0.00000127,Binance Earn
96972586,23-04-29 11:58:28,Spot,Simple Earn Locked Rewards,ALGO,0.01406881,Binance Earn
96972586,23-04-29 12:55:42,Spot,Simple Earn Locked Rewards,NEAR,0.0065206,Binance Earn
96972586,23-04-30 10:59:36,Spot,Simple Earn Locked Rewards,DOT,0.0092602,Binance Earn
96972586,23-04-30 11:17:46,Spot,Simple Earn Locked Rewards,BNB,0.00000127,Binance Earn
96972586,23-04-30 11:54:57,Spot,Simple Earn Locked Rewards,ALGO,0.01406881,Binance Earn
96972586,23-04-30 12:51:15,Spot,Simple Earn Locked Rewards,NEAR,0.0065206,Binance Earn
96972586,23-05-01 10:58:39,Spot,Simple Earn Locked Rewards,DOT,0.0092602,Binance Earn
96972586,23-05-01 11:15:23,Spot,Simple Earn Locked Rewards,BNB,0.00000127,Binance Earn
96972586,23-05-01 11:50:33,Spot,Simple Earn Locked Rewards,ALGO,0.01406881,Binance Earn
96972586,23-05-01 12:43:05,Spot,Simple Earn Locked Rewards,NEAR,0.0065206,Binance Earn
96972586,23-05-02 10:59:44,Spot,Simple Earn Locked Rewards,DOT,0.0092602,Binance Earn
96972586,23-05-02 11:18:03,Spot,Simple Earn Locked Rewards,BNB,0.00000127,Binance Earn
96972586,23-05-02 11:57:21,Spot,Simple Earn Locked Rewards,ALGO,0.01406881,Binance Earn
96972586,23-05-02 12:53:29,Spot,Simple Earn Locked Rewards,NEAR,0.0065206,Binance Earn
96972586,23-05-03 10:58:57,Spot,Simple Earn Locked Rewards,DOT,0.0092602,Binance Earn
96972586,23-05-03 11:16:05,Spot,Simple Earn Locked Rewards,BNB,0.00000127,Binance Earn
96972586,23-05-03 11:59:56,Spot,Simple Earn Locked Rewards,ALGO,0.01406881,Binance Earn
96972586,23-05-03 12:46:19,Spot,Simple Earn Locked Rewards,NEAR,0.0065206,Binance Earn
96972586,23-05-04 10:59:39,Spot,Simple Earn Locked Rewards,DOT,0.0092602,Binance Earn
96972586,23-05-04 11:17:58,Spot,Simple Earn Locked Rewards,BNB,0.00000127,Binance Earn
96972586,23-05-04 11:57:23,Spot,Simple Earn Locked Rewards,ALGO,0.01406881,Binance Earn
96972586,23-05-04 12:55:50,Spot,Simple Earn Locked Rewards,NEAR,0.0065206,Binance Earn
96972586,23-05-05 10:58:20,Spot,Simple Earn Locked Rewards,DOT,0.0092602,Binance Earn
96972586,23-05-05 11:16:28,Spot,Simple Earn Locked Rewards,BNB,0.00000127,Binance Earn
96972586,23-05-05 12:00:06,Spot,Simple Earn Locked Rewards,ALGO,0.01406881,Binance Earn
96972586,23-05-05 13:22:50,Spot,Simple Earn Locked Rewards,NEAR,0.0065206,Binance Earn
96972586,23-05-06 10:58:55,Spot,Simple Earn Locked Rewards,DOT,0.0092602,Binance Earn
96972586,23-05-06 11:18:48,Spot,Simple Earn Locked Rewards,BNB,0.00000127,Binance Earn
96972586,23-05-06 12:02:45,Spot,Simple Earn Locked Rewards,ALGO,0.01406881,Binance Earn
96972586,23-05-06 12:55:30,Spot,Simple Earn Locked Rewards,NEAR,0.0065206,Binance Earn
96972586,23-05-07 11:01:17,Spot,Simple Earn Locked Rewards,DOT,0.0092602,Binance Earn
96972586,23-05-07 11:16:10,Spot,Simple Earn Locked Rewards,BNB,0.00000127,Binance Earn
96972586,23-05-07 11:53:23,Spot,Simple Earn Locked Rewards,ALGO,0.01406881,Binance Earn
96972586,23-05-07 12:48:40,Spot,Simple Earn Locked Rewards,NEAR,0.0065206,Binance Earn
96972586,23-05-08 11:00:29,Spot,Simple Earn Locked Rewards,DOT,0.0092602,Binance Earn
96972586,23-05-08 11:15:29,Spot,Simple Earn Locked Rewards,BNB,0.00000127,Binance Earn
96972586,23-05-08 12:00:52,Spot,Simple Earn Locked Rewards,ALGO,0.01406881,Binance Earn
96972586,23-05-08 12:48:09,Spot,Simple Earn Locked Rewards,NEAR,0.0065206,Binance Earn
96972586,23-05-09 10:57:39,Spot,Simple Earn Locked Rewards,DOT,0.0092602,Binance Earn
96972586,23-05-09 11:37:53,Spot,Simple Earn Locked Rewards,BNB,0.00000127,Binance Earn
96972586,23-05-09 11:52:19,Spot,Simple Earn Locked Rewards,ALGO,0.01406881,Binance Earn
96972586,23-05-09 12:43:35,Spot,Simple Earn Locked Rewards,NEAR,0.0065206,Binance Earn
96972586,23-05-10 10:57:58,Spot,Simple Earn Locked Rewards,DOT,0.0092602,Binance Earn
96972586,23-05-10 11:39:50,Spot,Simple Earn Locked Rewards,BNB,0.00000127,Binance Earn
96972586,23-05-10 11:55:53,Spot,Simple Earn Locked Rewards,ALGO,0.01406881,Binance Earn
96972586,23-05-10 12:48:15,Spot,Simple Earn Locked Rewards,NEAR,0.0065206,Binance Earn
96972586,23-05-11 10:56:54,Spot,Simple Earn Locked Rewards,DOT,0.0092602,Binance Earn
96972586,23-05-11 11:36:15,Spot,Simple Earn Locked Rewards,BNB,0.00000127,Binance Earn
96972586,23-05-11 11:57:18,Spot,Simple Earn Locked Rewards,ALGO,0.01406881,Binance Earn
96972586,23-05-11 12:49:42,Spot,Simple Earn Locked Rewards,NEAR,0.0065206,Binance Earn
96972586,23-05-12 10:57:13,Spot,Simple Earn Locked Rewards,DOT,0.0092602,Binance Earn
96972586,23-05-12 12:00:03,Spot,Simple Earn Locked Rewards,BNB,0.00000127,Binance Earn
96972586,23-05-12 12:07:05,Spot,Simple Earn Locked Rewards,ALGO,0.01406881,Binance Earn
96972586,23-05-12 12:55:49,Spot,Simple Earn Locked Rewards,NEAR,0.0065206,Binance Earn
96972586,23-05-13 10:56:33,Spot,Simple Earn Locked Rewards,DOT,0.0092602,Binance Earn
96972586,23-05-13 12:12:19,Spot,Simple Earn Locked Redemption,BNB,0.01496125,Binance Earn
96972586,23-05-13 12:13:56,Spot,Simple Earn Locked Redemption,ALGO,77.922,Binance Earn
96972586,23-05-13 12:53:59,Spot,Simple Earn Locked Rewards,NEAR,0.0065206,Binance Earn
96972586,23-05-14 10:56:42,Spot,Simple Earn Locked Rewards,DOT,0.0092602,Binance Earn
96972586,23-05-14 12:53:26,Spot,Simple Earn Locked Rewards,NEAR,0.0065206,Binance Earn
96972586,23-05-15 10:56:31,Spot,Simple Earn Locked Rewards,DOT,0.0092602,Binance Earn
96972586,23-05-15 12:54:40,Spot,Simple Earn Locked Rewards,NEAR,0.0065206,Binance Earn
96972586,23-05-16 10:55:41,Spot,Simple Earn Locked Rewards,DOT,0.0092602,Binance Earn
96972586,23-05-16 12:50:19,Spot,Simple Earn Locked Rewards,NEAR,0.0065206,Binance Earn
96972586,23-05-17 10:56:01,Spot,Simple Earn Locked Rewards,DOT,0.0092602,Binance Earn
96972586,23-05-17 13:01:05,Spot,Simple Earn Locked Rewards,NEAR,0.0065206,Binance Earn
96972586,23-05-18 10:55:32,Spot,Simple Earn Locked Rewards,DOT,0.0092602,Binance Earn
96972586,23-05-18 12:57:27,Spot,Simple Earn Locked Rewards,NEAR,0.0065206,Binance Earn
96972586,23-05-19 10:55:04,Spot,Simple Earn Locked Rewards,DOT,0.0092602,Binance Earn
96972586,23-05-19 12:57:13,Spot,Simple Earn Locked Rewards,NEAR,0.0065206,Binance Earn
96972586,23-05-20 10:55:09,Spot,Simple Earn Locked Rewards,DOT,0.0092602,Binance Earn
96972586,23-05-20 12:52:37,Spot,Simple Earn Locked Rewards,NEAR,0.0065206,Binance Earn
96972586,23-05-21 10:55:06,Spot,Simple Earn Locked Rewards,DOT,0.0092602,Binance Earn
96972586,23-05-21 12:54:23,Spot,Simple Earn Locked Rewards,NEAR,0.0065206,Binance Earn
96972586,23-05-22 10:58:49,Spot,Simple Earn Locked Rewards,DOT,0.0092602,Binance Earn
96972586,23-05-22 12:54:52,Spot,Simple Earn Locked Rewards,NEAR,0.0065206,Binance Earn
96972586,23-05-23 00:51:22,Spot,Airdrop Assets,LUNA,0.01270711,
96972586,23-05-23 10:58:28,Spot,Simple Earn Locked Rewards,DOT,0.0092602,Binance Earn
96972586,23-05-23 12:52:47,Spot,Simple Earn Locked Rewards,NEAR,0.0065206,Binance Earn
96972586,23-05-24 10:58:18,Spot,Simple Earn Locked Rewards,DOT,0.0092602,Binance Earn
96972586,23-05-24 12:56:05,Spot,Simple Earn Locked Rewards,NEAR,0.0065206,Binance Earn
96972586,23-05-25 10:57:51,Spot,Simple Earn Locked Rewards,DOT,0.0092602,Binance Earn
96972586,23-05-25 12:57:53,Spot,Simple Earn Locked Rewards,NEAR,0.0065206,Binance Earn
96972586,23-05-26 10:57:35,Spot,Simple Earn Locked Rewards,DOT,0.0092602,Binance Earn
96972586,23-05-26 12:54:01,Spot,Simple Earn Locked Rewards,NEAR,0.0065206,Binance Earn
96972586,23-05-27 10:56:42,Spot,Simple Earn Locked Rewards,DOT,0.0092602,Binance Earn
96972586,23-05-27 12:50:20,Spot,Simple Earn Locked Rewards,NEAR,0.0065206,Binance Earn
96972586,23-05-28 10:57:02,Spot,Simple Earn Locked Rewards,DOT,0.0092602,Binance Earn
96972586,23-05-28 12:57:15,Spot,Simple Earn Locked Rewards,NEAR,0.0065206,Binance Earn
96972586,23-05-29 10:56:14,Spot,Simple Earn Locked Rewards,DOT,0.0092602,Binance Earn
96972586,23-05-29 12:52:54,Spot,Simple Earn Locked Rewards,NEAR,0.0065206,Binance Earn
96972586,23-05-30 10:56:28,Spot,Simple Earn Locked Rewards,DOT,0.0092602,Binance Earn
96972586,23-05-30 12:58:30,Spot,Simple Earn Locked Rewards,NEAR,0.0065206,Binance Earn
96972586,23-05-31 10:56:06,Spot,Simple Earn Locked Rewards,DOT,0.0092602,Binance Earn
96972586,23-05-31 13:22:12,Spot,Simple Earn Locked Rewards,NEAR,0.0065206,Binance Earn
96972586,23-06-01 10:55:38,Spot,Simple Earn Locked Rewards,DOT,0.0092602,Binance Earn
96972586,23-06-01 12:38:41,Spot,Simple Earn Locked Rewards,NEAR,0.0065206,Binance Earn
96972586,23-06-02 10:54:47,Spot,Simple Earn Locked Rewards,DOT,0.0092602,Binance Earn
96972586,23-06-02 12:30:14,Spot,Simple Earn Locked Rewards,NEAR,0.0065206,Binance Earn
96972586,23-06-03 10:55:31,Spot,Simple Earn Locked Rewards,DOT,0.0092602,Binance Earn
96972586,23-06-03 12:53:57,Spot,Simple Earn Locked Rewards,NEAR,0.0065206,Binance Earn
96972586,23-06-04 10:54:44,Spot,Simple Earn Locked Rewards,DOT,0.0092602,Binance Earn
96972586,23-06-04 12:51:56,Spot,Simple Earn Locked Rewards,NEAR,0.0065206,Binance Earn
96972586,23-06-05 12:13:21,Spot,Simple Earn Locked Redemption,NEAR,20,Binance Earn
96972586,23-06-05 12:14:24,Spot,Simple Earn Locked Redemption,DOT,20,Binance Earn
96972586,23-06-23 19:32:38,Spot,Airdrop Assets,LUNA,0.01270711,
96972586,23-07-13 07:51:58,Spot,Binance Convert,BTC,0.00406091,
96972586,23-07-13 07:51:58,Spot,Binance Convert,BNB,-0.50631165,
96972586,23-07-13 07:52:21,Spot,Binance Convert,DOT,-22.036083,
96972586,23-07-13 07:52:21,Spot,Binance Convert,BTC,0.00371579,
96972586,23-07-13 07:52:46,Spot,Binance Convert,NEAR,-21.6193316,
96972586,23-07-13 07:52:46,Spot,Binance Convert,BTC,0.00093814,
96972586,23-07-13 07:52:59,Spot,Binance Convert,BTC,0.00027951,
96972586,23-07-13 07:52:59,Spot,Binance Convert,ALGO,-80.65111416,
96972586,23-07-13 09:02:40,Spot,Withdraw,BTC,-0.00899435,Withdraw fee is included
96972586,23-07-13 16:16:42,Spot,Withdraw,VET,-2041.956,Withdraw fee is included
96972586,23-07-20 17:08:16,Spot,Airdrop Assets,LUNA,0.01270711,
96972586,23-08-23 23:11:11,Spot,Airdrop Assets,LUNA,0.01270711,
96972586,23-09-22 12:58:34,Spot,Airdrop Assets,LUNA,0.01270711,
96972586,23-10-06 19:59:54,Spot,Swap Farming Rewards,BNB,0.00056488,
96972586,23-10-20 19:36:36,Spot,Airdrop Assets,LUNA,0.01270711,
96972586,23-11-17 19:08:58,Spot,Airdrop Assets,LUNA,0.01270711,
96972586,23-12-15 13:04:08,Spot,Airdrop Assets,LUNA,0.01270711,
96972586,24-01-05 05:24:17,Spot,Binance Convert,BUSD,-0.00000152,
96972586,24-01-05 05:24:17,Spot,Binance Convert,FDUSD,0.00000152,
96972586,24-01-19 18:47:04,Spot,Airdrop Assets,LUNA,0.01270711,
96972586,24-02-20 17:20:40,Spot,Airdrop Assets,LUNA,0.01270711,
96972586,24-03-21 19:31:44,Spot,Airdrop Assets,LUNA,0.01270711,
96972586,24-04-19 14:07:27,Spot,Airdrop Assets,LUNA,0.01270711,
96972586,24-05-22 15:15:47,Spot,Airdrop Assets,LUNA,0.01270711,
96972586,24-05-30 17:16:36,Cross Margin,Cross Margin Liquidation - Repayment,BNB,-0.00000045,
96972586,24-05-30 17:17:12,Spot,Transfer Between Main Account/Futures and Margin Account,BNB,0.00000045,
96972586,24-05-30 17:17:12,Cross Margin,Transfer Between Main Account/Futures and Margin Account,BNB,-0.00000045,
96972586,24-05-30 17:17:28,Spot,Transfer Between Main Account/Futures and Margin Account,ONE,1,
96972586,24-05-30 17:17:28,Isolated Margin,Transfer Between Main Account/Futures and Margin Account,ONE,-1,
96972586,24-06-19 13:05:46,Spot,Airdrop Assets,LUNA,0.01270711,
96972586,24-07-24 15:13:00,Spot,Airdrop Assets,LUNA,0.01270711,
96972586,24-08-23 13:58:33,Spot,Airdrop Assets,LUNA,0.01270711,
96972586,24-09-24 18:53:43,Spot,Airdrop Assets,LUNA,0.01270711,
96972586,24-10-22 01:59:10,Spot,Airdrop Assets,LUNA,0.01270711,
96972586,24-11-22 13:51:00,Spot,Airdrop Assets,LUNA,0.01270711,
96972586,24-12-12 12:58:37,Spot,Deposit,USDC,2761.867046,
96972586,24-12-13 10:08:53,Spot,Transaction Fee,SOL,-0.0076285,
96972586,24-12-13 10:08:53,Spot,Transaction Fee,SOL,-0.00088255,
96972586,24-12-13 10:08:53,Spot,Transaction Buy,SOL,3.185,
96972586,24-12-13 10:08:53,Spot,Transaction Spend,USDC,-211.23602,
96972586,24-12-13 10:08:53,Spot,Transaction Spend,USDC,-1825.8614,
96972586,24-12-13 10:08:53,Spot,Transaction Buy,SOL,8.03,
96972586,24-12-13 10:08:53,Spot,Transaction Buy,SOL,0.929,
96972586,24-12-13 10:08:53,Spot,Transaction Fee,SOL,-0.00302575,
96972586,24-12-13 10:08:53,Spot,Transaction Spend,USDC,-724.2053,
96972586,24-12-13 10:25:43,Spot,Withdraw,SOL,-12.1324632,Withdraw fee is included
