Date,Time,Event,Asset,Rate,Currency,Amount,Amount_Unit,AUD_Value,Fee_Amount,Fee_Unit,Fee_AUD,Balance,Balance_Unit
24/01/2022,17:14:40,BUY,MATIC,2.08070849,AUD,123.25174306,MATIC,258,0.74448306,MATIC,1.53817065,248.11574497,MATIC
25/01/2022,21:00:04,BUY,LUNC,92.23429325,AUD,2.02605770,LUNC,188,0.01222972,LUNC,1.12046029,2.0260577,LUNC
26/01/2022,10:59:59,REWARD,LUNC,,,0.00025853,LUNC,0.0226805,0.000,LUNC,0,2.02631623,LUNC
27/01/2022,10:59:59,REWARD,LUNC,,,0.00044381,LUNC,0.03660975,0.000,LUNC,0,2.02676004,LUNC
28/01/2022,10:59:59,REWARD,LUNC,,,0.00044390,LUNC,0.034067,0.000,LUNC,0,2.02720394,LUNC
29/01/2022,10:59:59,REWARD,LUNC,,,0.00044400,LUNC,0.03269706,0.000,LUNC,0,2.02764794,LUNC
30/01/2022,10:59:59,REWARD,LUNC,,,0.00044410,LUNC,0.03229737,0.000,LUNC,0,2.02809204,LUNC
31/01/2022,10:59:59,REWARD,LUNC,,,0.00044420,LUNC,0.02821286,0.000,LUNC,0,2.02853624,LUNC
31/01/2022,18:12:07,BUY,SOL,128.64975892,AUD,2.25611146,SOL,292,0.01361685,SOL,1.7413668,2.25611146,SOL
1/02/2022,10:59:59,REWARD,SOL,,,0.00028084,SOL,0.04011494,0.000,SOL,0,2.2563923,SOL
1/02/2022,10:59:59,REWARD,MATIC,,,0.05698752,MATIC,0.13186623,0.000,MATIC,0,248.17273249,MATIC
1/02/2022,10:59:59,REWARD,LUNC,,,0.00044429,LUNC,0.032488,0.000,LUNC,0,2.02898053,LUNC
2/02/2022,10:59:59,REWARD,SOL,,,0.00040155,SOL,0.06209323,0.000,SOL,0,2.25679385,SOL
2/02/2022,10:59:59,REWARD,MATIC,,,0.08153494,MATIC,0.18699482,0.000,MATIC,0,248.25426743,MATIC
2/02/2022,10:59:59,REWARD,LUNC,,,0.00044439,LUNC,0.03239631,0.000,LUNC,0,2.02942492,LUNC
3/02/2022,10:59:59,REWARD,SOL,,,0.00040162,SOL,0.05734573,0.000,SOL,0,2.25719547,SOL
3/02/2022,10:59:59,REWARD,MATIC,,,0.08156173,MATIC,0.17709658,0.000,MATIC,0,248.33582916,MATIC
3/02/2022,10:59:59,REWARD,LUNC,,,0.00044449,LUNC,0.03002305,0.000,LUNC,0,2.02986941,LUNC
4/02/2022,10:59:59,REWARD,SOL,,,0.00040169,SOL,0.05697619,0.000,SOL,0,2.25759716,SOL
4/02/2022,10:59:59,REWARD,MATIC,,,0.08158853,MATIC,0.17629501,0.000,MATIC,0,248.41741769,MATIC
4/02/2022,10:59:59,REWARD,LUNC,,,0.00044459,LUNC,0.03163535,0.000,LUNC,0,2.030314,LUNC
5/02/2022,10:59:59,REWARD,SOL,,,0.00040176,SOL,0.06323482,0.000,SOL,0,2.25799892,SOL
5/02/2022,10:59:59,REWARD,MATIC,,,0.08161533,MATIC,0.19509792,0.000,MATIC,0,248.49903302,MATIC
5/02/2022,10:59:59,REWARD,LUNC,,,0.00044468,LUNC,0.03389814,0.000,LUNC,0,2.03075868,LUNC
6/02/2022,10:59:59,REWARD,SOL,,,0.00040183,SOL,0.06532652,0.000,SOL,0,2.25840075,SOL
6/02/2022,10:59:59,REWARD,MATIC,,,0.08164215,MATIC,0.20020766,0.000,MATIC,0,248.58067517,MATIC
6/02/2022,10:59:59,REWARD,LUNC,,,0.00044478,LUNC,0.03544751,0.000,LUNC,0,2.03120346,LUNC
7/02/2022,10:59:59,REWARD,SOL,,,0.00040191,SOL,0.06433394,0.000,SOL,0,2.25880266,SOL
7/02/2022,10:59:59,REWARD,MATIC,,,0.08166897,MATIC,0.19766415,0.000,MATIC,0,248.66234414,MATIC
7/02/2022,10:59:59,REWARD,LUNC,,,0.00044488,LUNC,0.03469391,0.000,LUNC,0,2.03164834,LUNC
8/02/2022,10:59:59,REWARD,SOL,,,0.00040198,SOL,0.06617683,0.000,SOL,0,2.25920464,SOL
8/02/2022,10:59:59,REWARD,MATIC,,,0.08169580,MATIC,0.2309757,0.000,MATIC,0,248.74403994,MATIC
8/02/2022,10:59:59,REWARD,LUNC,,,0.00044498,LUNC,0.03703896,0.000,LUNC,0,2.03209332,LUNC
9/02/2022,10:59:59,REWARD,SOL,,,0.00040205,SOL,0.06449926,0.000,SOL,0,2.25960669,SOL
9/02/2022,10:59:59,REWARD,MATIC,,,0.08172264,MATIC,0.22232798,0.000,MATIC,0,248.82576258,MATIC
9/02/2022,10:59:59,REWARD,LUNC,,,0.00044507,LUNC,0.03564569,0.000,LUNC,0,2.03253839,LUNC
10/02/2022,10:59:59,REWARD,SOL,,,0.00040212,SOL,0.06370141,0.000,SOL,0,2.26000881,SOL
10/02/2022,10:59:59,REWARD,MATIC,,,0.08174949,MATIC,0.22759791,0.000,MATIC,0,248.90751207,MATIC
10/02/2022,10:59:59,REWARD,LUNC,,,0.00044517,LUNC,0.0348418,0.000,LUNC,0,2.03298356,LUNC
11/02/2022,10:59:59,REWARD,SOL,,,0.00040219,SOL,0.05925161,0.000,SOL,0,2.260411,SOL
11/02/2022,10:59:59,REWARD,MATIC,,,0.08177635,MATIC,0.21049437,0.000,MATIC,0,248.98928842,MATIC
11/02/2022,10:59:59,REWARD,LUNC,,,0.00044527,LUNC,0.03258015,0.000,LUNC,0,2.03342883,LUNC
12/02/2022,10:59:59,REWARD,SOL,,,0.00040226,SOL,0.05453992,0.000,SOL,0,2.26081326,SOL
12/02/2022,10:59:59,REWARD,MATIC,,,0.08180322,MATIC,0.19817629,0.000,MATIC,0,249.07109164,MATIC
12/02/2022,10:59:59,REWARD,LUNC,,,0.00044537,LUNC,0.03148083,0.000,LUNC,0,2.0338742,LUNC
13/02/2022,10:59:59,REWARD,SOL,,,0.00040233,SOL,0.05474219,0.000,SOL,0,2.26121559,SOL
13/02/2022,10:59:59,REWARD,MATIC,,,0.08183009,MATIC,0.19671361,0.000,MATIC,0,249.15292173,MATIC
13/02/2022,10:59:59,REWARD,LUNC,,,0.00044546,LUNC,0.03293154,0.000,LUNC,0,2.03431966,LUNC
14/02/2022,10:59:59,REWARD,SOL,,,0.00040241,SOL,0.05225102,0.000,SOL,0,2.261618,SOL
14/02/2022,10:59:59,REWARD,MATIC,,,0.08185698,MATIC,0.18579117,0.000,MATIC,0,249.23477871,MATIC
14/02/2022,10:59:59,REWARD,LUNC,,,0.00044556,LUNC,0.03258736,0.000,LUNC,0,2.03476522,LUNC
15/02/2022,10:59:59,REWARD,SOL,,,0.00040248,SOL,0.05470187,0.000,SOL,0,2.26202048,SOL
15/02/2022,10:59:59,REWARD,MATIC,,,0.08188387,MATIC,0.19369908,0.000,MATIC,0,249.31666258,MATIC
15/02/2022,10:59:59,REWARD,LUNC,,,0.00044566,LUNC,0.03454497,0.000,LUNC,0,2.03521088,LUNC
16/02/2022,10:59:59,REWARD,SOL,,,0.00040255,SOL,0.0581032,0.000,SOL,0,2.26242303,SOL
16/02/2022,10:59:59,REWARD,MATIC,,,0.08191077,MATIC,0.21194877,0.000,MATIC,0,249.39857335,MATIC
16/02/2022,10:59:59,REWARD,LUNC,,,0.00044576,LUNC,0.03528488,0.000,LUNC,0,2.03565664,LUNC
17/02/2022,10:59:59,REWARD,SOL,,,0.00040262,SOL,0.05725907,0.000,SOL,0,2.26282565,SOL
17/02/2022,10:59:59,REWARD,MATIC,,,0.08193768,MATIC,0.21038792,0.000,MATIC,0,249.48051103,MATIC
17/02/2022,10:59:59,REWARD,LUNC,,,0.00044585,LUNC,0.03491131,0.000,LUNC,0,2.03610249,LUNC
18/02/2022,10:59:59,REWARD,SOL,,,0.00040269,SOL,0.05280836,0.000,SOL,0,2.26322834,SOL
18/02/2022,10:59:59,REWARD,MATIC,,,0.08196460,MATIC,0.19071489,0.000,MATIC,0,249.56247563,MATIC
18/02/2022,10:59:59,REWARD,LUNC,,,0.00044595,LUNC,0.03145697,0.000,LUNC,0,2.03654844,LUNC
19/02/2022,10:59:59,REWARD,SOL,,,0.00040276,SOL,0.05130905,0.000,SOL,0,2.2636311,SOL
19/02/2022,10:59:59,REWARD,MATIC,,,0.08199153,MATIC,0.18551878,0.000,MATIC,0,249.64446716,MATIC
19/02/2022,10:59:59,REWARD,LUNC,,,0.00044605,LUNC,0.0319074,0.000,LUNC,0,2.03699449,LUNC
20/02/2022,10:59:59,REWARD,SOL,,,0.00040284,SOL,0.05038902,0.000,SOL,0,2.26403394,SOL
20/02/2022,10:59:59,REWARD,MATIC,,,0.08201847,MATIC,0.1837313,0.000,MATIC,0,249.72648563,MATIC
20/02/2022,10:59:59,REWARD,LUNC,,,0.00044615,LUNC,0.03120199,0.000,LUNC,0,2.03744064,LUNC
21/02/2022,10:59:59,REWARD,SOL,,,0.00040291,SOL,0.05261452,0.000,SOL,0,2.26443685,SOL
21/02/2022,10:59:59,REWARD,MATIC,,,0.08204542,MATIC,0.18023996,0.000,MATIC,0,249.80853105,MATIC
21/02/2022,10:59:59,REWARD,LUNC,,,0.00044624,LUNC,0.03181954,0.000,LUNC,0,2.03788688,LUNC
22/02/2022,10:59:59,REWARD,SOL,,,0.00040298,SOL,0.04678944,0.000,SOL,0,2.26483983,SOL
22/02/2022,10:59:59,REWARD,MATIC,,,0.08207237,MATIC,0.15921435,0.000,MATIC,0,249.89060342,MATIC
22/02/2022,10:59:59,REWARD,LUNC,,,0.00044634,LUNC,0.03138879,0.000,LUNC,0,2.03833322,LUNC
23/02/2022,10:59:59,REWARD,SOL,,,0.00040305,SOL,0.04850042,0.000,SOL,0,2.26524288,SOL
23/02/2022,10:59:59,REWARD,MATIC,,,0.08209934,MATIC,0.16512858,0.000,MATIC,0,249.97270276,MATIC
23/02/2022,10:59:59,REWARD,LUNC,,,0.00044644,LUNC,0.03391904,0.000,LUNC,0,2.03877966,LUNC
24/02/2022,10:59:59,REWARD,SOL,,,0.00040312,SOL,0.04744421,0.000,SOL,0,2.265646,SOL
24/02/2022,10:59:59,REWARD,MATIC,,,0.08212631,MATIC,0.16245031,0.000,MATIC,0,250.05482907,MATIC
24/02/2022,10:59:59,REWARD,LUNC,,,0.00044654,LUNC,0.0361141,0.000,LUNC,0,2.0392262,LUNC
25/02/2022,10:59:59,REWARD,SOL,,,0.00040319,SOL,0.0500091,0.000,SOL,0,2.26604919,SOL
25/02/2022,10:59:59,REWARD,MATIC,,,0.08215329,MATIC,0.16605621,0.000,MATIC,0,250.13698236,MATIC
25/02/2022,10:59:59,REWARD,LUNC,,,0.00044664,LUNC,0.04048158,0.000,LUNC,0,2.03967284,LUNC
26/02/2022,10:59:59,REWARD,SOL,,,0.00040327,SOL,0.05269896,0.000,SOL,0,2.26645246,SOL
26/02/2022,10:59:59,REWARD,MATIC,,,0.08218028,MATIC,0.17915124,0.000,MATIC,0,250.21916264,MATIC
26/02/2022,10:59:59,REWARD,LUNC,,,0.00044673,LUNC,0.04495133,0.000,LUNC,0,2.04011957,LUNC
27/02/2022,10:59:59,REWARD,SOL,,,0.00040334,SOL,0.04856501,0.000,SOL,0,2.2668558,SOL
27/02/2022,10:59:59,REWARD,MATIC,,,0.08220728,MATIC,0.16708603,0.000,MATIC,0,250.30136992,MATIC
27/02/2022,10:59:59,REWARD,LUNC,,,0.00044683,LUNC,0.04673785,0.000,LUNC,0,2.0405664,LUNC
28/02/2022,10:59:59,REWARD,SOL,,,0.00040341,SOL,0.04779104,0.000,SOL,0,2.26725921,SOL
28/02/2022,10:59:59,REWARD,MATIC,,,0.08223429,MATIC,0.16738886,0.000,MATIC,0,250.38360421,
28/02/2022,10:59:59,REWARD,LUNC,,,0.00044693,LUNC,0.0460332,0.000,LUNC,0,2.04101333,LUNC
1/03/2022,10:59:59,REWARD,SOL,,,0.00040348,SOL,0.05411031,0.000,SOL,0,2.26766269,SOL
1/03/2022,10:59:59,REWARD,MATIC,,,0.08226131,MATIC,0.1833768,0.000,MATIC,0,250.46586552,MATIC
1/03/2022,10:59:59,REWARD,LUNC,,,0.00044703,LUNC,0.05498432,0.000,LUNC,0,2.04146036,LUNC
2/03/2022,10:59:59,REWARD,SOL,,,0.00040355,SOL,0.05520262,0.000,SOL,0,2.26806624,SOL
2/03/2022,10:59:59,REWARD,MATIC,,,0.08228834,MATIC,0.18121226,0.000,MATIC,0,250.54815386,MATIC
2/03/2022,10:59:59,REWARD,LUNC,,,0.00044712,LUNC,0.05683497,0.000,LUNC,0,2.04190748,LUNC
3/03/2022,10:59:59,REWARD,SOL,,,0.00040363,SOL,0.05484892,0.000,SOL,0,2.26846987,SOL
3/03/2022,10:59:59,REWARD,MATIC,,,0.08231537,MATIC,0.18568014,0.000,MATIC,0,250.63046923,MATIC
3/03/2022,10:59:59,REWARD,LUNC,,,0.00044722,LUNC,0.05686027,0.000,LUNC,0,2.0423547,LUNC
4/03/2022,10:59:59,REWARD,SOL,,,0.00040370,SOL,0.05044571,0.000,SOL,0,2.26887357,SOL
4/03/2022,10:59:59,REWARD,MATIC,,,0.08234241,MATIC,0.17165986,0.000,MATIC,0,250.71281164,MATIC
4/03/2022,10:59:59,REWARD,LUNC,,,0.00044732,LUNC,0.05460202,0.000,LUNC,0,2.04280202,LUNC
5/03/2022,10:59:59,REWARD,SOL,,,0.00040377,SOL,0.04762774,0.000,SOL,0,2.26927734,SOL
5/03/2022,10:59:59,REWARD,MATIC,,,0.08236947,MATIC,0.16223469,0.000,MATIC,0,250.79518111,MATIC
5/03/2022,10:59:59,REWARD,LUNC,,,0.00044742,LUNC,0.04995683,0.000,LUNC,0,2.04324944,LUNC
6/03/2022,10:59:59,REWARD,SOL,,,0.00040384,SOL,0.04915479,0.000,SOL,0,2.26968118,SOL
6/03/2022,10:59:59,REWARD,MATIC,,,0.08239653,MATIC,0.16854076,0.000,MATIC,0,250.87757764,MATIC
6/03/2022,10:59:59,REWARD,LUNC,,,0.00044752,LUNC,0.05281922,0.000,LUNC,0,2.04369696,LUNC
7/03/2022,10:59:59,REWARD,SOL,,,0.00040391,SOL,0.0452666,0.000,SOL,0,2.27008509,SOL
7/03/2022,10:59:59,REWARD,MATIC,,,0.08242360,MATIC,0.15940668,0.000,MATIC,0,250.96000124,MATIC
7/03/2022,10:59:59,REWARD,LUNC,,,0.00044761,LUNC,0.04813605,0.000,LUNC,0,2.04414457,LUNC
8/03/2022,10:59:59,REWARD,SOL,,,0.00040398,SOL,0.04553543,0.000,SOL,0,2.27048907,SOL
8/03/2022,10:59:59,REWARD,MATIC,,,0.08245068,MATIC,0.16081331,0.000,MATIC,0,251.04245192,MATIC
8/03/2022,10:59:59,REWARD,LUNC,,,0.00044771,LUNC,0.04861504,0.000,LUNC,0,2.04459228,LUNC
9/03/2022,10:59:59,REWARD,SOL,,,0.00040406,SOL,0.04623559,0.000,SOL,0,2.27089313,SOL
9/03/2022,10:59:59,REWARD,MATIC,,,0.08247777,MATIC,0.16677903,0.000,MATIC,0,251.12492969,MATIC
9/03/2022,10:59:59,REWARD,LUNC,,,0.00044781,LUNC,0.05516828,0.000,LUNC,0,2.04504009,LUNC
10/03/2022,10:59:59,REWARD,SOL,,,0.00040413,SOL,0.04839281,0.000,SOL,0,2.27129726,SOL
10/03/2022,10:59:59,REWARD,MATIC,,,0.08250487,MATIC,0.16965897,0.000,MATIC,0,251.20743456,MATIC
10/03/2022,10:59:59,REWARD,LUNC,,,0.00044791,LUNC,0.06026327,0.000,LUNC,0,2.045488,LUNC
11/03/2022,10:59:59,REWARD,SOL,,,0.00040420,SOL,0.04514529,0.000,SOL,0,2.27170146,SOL
11/03/2022,10:59:59,REWARD,MATIC,,,0.08253197,MATIC,0.15974571,0.000,MATIC,0,251.28996653,MATIC
11/03/2022,10:59:59,REWARD,LUNC,,,0.00044801,LUNC,0.06078078,0.000,LUNC,0,2.04593601,LUNC
12/03/2022,10:59:59,REWARD,SOL,,,0.00040427,SOL,0.04539366,0.000,SOL,0,2.27210573,SOL
12/03/2022,10:59:59,REWARD,MATIC,,,0.08255909,MATIC,0.16128615,0.000,MATIC,0,251.37252562,MATIC
12/03/2022,10:59:59,REWARD,LUNC,,,0.00044810,LUNC,0.05643617,0.000,LUNC,0,2.04638411,LUNC
13/03/2022,10:59:59,REWARD,SOL,,,0.00040434,SOL,0.04515774,0.000,SOL,0,2.27251007,SOL
13/03/2022,10:59:59,REWARD,MATIC,,,0.08258621,MATIC,0.15930046,0.000,MATIC,0,251.45511183,MATIC
13/03/2022,10:59:59,REWARD,LUNC,,,0.00044820,LUNC,0.05310471,0.000,LUNC,0,2.04683231,LUNC
14/03/2022,10:59:59,REWARD,SOL,,,0.00040442,SOL,0.04388475,0.000,SOL,0,2.27291449,SOL
14/03/2022,10:59:59,REWARD,MATIC,,,0.08261334,MATIC,0.15337024,0.000,MATIC,0,251.53772517,MATIC
14/03/2022,10:59:59,REWARD,LUNC,,,0.00044830,LUNC,0.05440907,0.000,LUNC,0,2.04728061,LUNC
15/03/2022,10:59:59,REWARD,SOL,,,0.00040449,SOL,0.04538242,0.000,SOL,0,2.27331898,SOL
15/03/2022,10:59:59,REWARD,MATIC,,,0.08264049,MATIC,0.15684089,0.000,MATIC,0,251.62036566,MATIC
15/03/2022,10:59:59,REWARD,LUNC,,,0.00044840,LUNC,0.05892724,0.000,LUNC,0,2.04772901,LUNC
16/03/2022,10:59:59,REWARD,SOL,,,0.00040456,SOL,0.04661018,0.000,SOL,0,2.27372354,SOL
16/03/2022,10:59:59,REWARD,MATIC,,,0.08266764,MATIC,0.15840737,0.000,MATIC,0,251.7030333,MATIC
16/03/2022,10:59:59,REWARD,LUNC,,,0.00044850,LUNC,0.05479684,0.000,LUNC,0,2.04817751,LUNC
17/03/2022,10:59:59,REWARD,SOL,,,0.00040463,SOL,0.04824001,0.000,SOL,0,2.27412817,SOL
17/03/2022,10:59:59,REWARD,MATIC,,,0.08269480,MATIC,0.1651283,0.000,MATIC,0,251.7857281,MATIC
17/03/2022,10:59:59,REWARD,LUNC,,,0.00044860,LUNC,0.05394772,0.000,LUNC,0,2.04862611,LUNC
18/03/2022,10:59:59,REWARD,SOL,,,0.00040470,SOL,0.04748558,0.000,SOL,0,2.27453287,SOL
18/03/2022,10:59:59,REWARD,MATIC,,,0.08272197,MATIC,0.16068499,0.000,MATIC,0,251.86845007,MATIC
18/03/2022,10:59:59,REWARD,LUNC,,,0.00044869,LUNC,0.05207302,0.000,LUNC,0,2.0490748,LUNC
19/03/2022,10:59:59,REWARD,SOL,,,0.00040478,SOL,0.04965745,0.000,SOL,0,2.27493765,SOL
19/03/2022,10:59:59,REWARD,MATIC,,,0.08274914,MATIC,0.16843997,0.000,MATIC,0,251.95119921,MATIC
19/03/2022,10:59:59,REWARD,LUNC,,,0.00044879,LUNC,0.05338804,0.000,LUNC,0,2.04952359,LUNC
20/03/2022,10:59:59,REWARD,SOL,,,0.00040485,SOL,0.04980813,0.000,SOL,0,2.2753425,SOL
20/03/2022,10:59:59,REWARD,MATIC,,,0.08277633,MATIC,0.16706187,0.000,MATIC,0,252.03397554,MATIC
20/03/2022,10:59:59,REWARD,LUNC,,,0.00044889,LUNC,0.05556487,0.000,LUNC,0,2.04997248,LUNC
21/03/2022,10:59:59,REWARD,SOL,,,0.00040492,SOL,0.04849616,0.000,SOL,0,2.27574742,SOL
21/03/2022,10:59:59,REWARD,MATIC,,,0.08280353,MATIC,0.16307223,0.000,MATIC,0,252.11677907,MATIC
21/03/2022,10:59:59,REWARD,LUNC,,,0.00044899,LUNC,0.05536213,0.000,LUNC,0,2.05042147,LUNC
22/03/2022,10:59:59,REWARD,SOL,,,0.00040499,SOL,0.04872045,0.000,SOL,0,2.27615241,SOL
22/03/2022,10:59:59,REWARD,MATIC,,,0.08283073,MATIC,0.16408804,0.000,MATIC,0,252.1996098,MATIC
22/03/2022,10:59:59,REWARD,LUNC,,,0.00044909,LUNC,0.0574191,0.000,LUNC,0,2.05087056,LUNC
23/03/2022,10:59:59,REWARD,SOL,,,0.00040506,SOL,0.04886278,0.000,SOL,0,2.27655747,SOL
23/03/2022,10:59:59,REWARD,MATIC,,,0.08285794,MATIC,0.16687346,0.000,MATIC,0,252.28246774,MATIC
23/03/2022,10:59:59,REWARD,LUNC,,,0.00044919,LUNC,0.05591335,0.000,LUNC,0,2.05131975,LUNC
24/03/2022,10:59:59,REWARD,SOL,,,0.00040514,SOL,0.05157515,0.000,SOL,0,2.27696261,SOL
24/03/2022,10:59:59,REWARD,MATIC,,,0.08288517,MATIC,0.17119463,0.000,MATIC,0,252.36535291,MATIC
24/03/2022,10:59:59,REWARD,LUNC,,,0.00044928,LUNC,0.05667659,0.000,LUNC,0,2.05176903,LUNC
25/03/2022,10:59:59,REWARD,SOL,,,0.00040521,SOL,0.05483362,0.000,SOL,0,2.27736782,SOL
25/03/2022,10:59:59,REWARD,MATIC,,,0.08291240,MATIC,0.18068536,0.000,MATIC,0,252.44826531,MATIC
25/03/2022,10:59:59,REWARD,LUNC,,,0.00044938,LUNC,0.05608118,0.000,LUNC,0,2.05221841,LUNC
26/03/2022,10:59:59,REWARD,SOL,,,0.00040528,SOL,0.0537397,0.000,SOL,0,2.2777731,SOL
26/03/2022,10:59:59,REWARD,MATIC,,,0.08293964,MATIC,0.17678988,0.000,MATIC,0,252.53120495,MATIC
26/03/2022,10:59:59,REWARD,LUNC,,,0.00044948,LUNC,0.05451433,0.000,LUNC,0,2.05266789,LUNC
27/03/2022,10:59:59,REWARD,SOL,,,0.00040535,SOL,0.05511944,0.000,SOL,0,2.27817845,SOL
27/03/2022,10:59:59,REWARD,MATIC,,,0.08296689,MATIC,0.1784817,0.000,MATIC,0,252.61417184,MATIC
27/03/2022,10:59:59,REWARD,LUNC,,,0.00044958,LUNC,0.05484125,0.000,LUNC,0,2.05311747,LUNC
28/03/2022,10:59:59,REWARD,SOL,,,0.00040543,SOL,0.05726742,0.000,SOL,0,2.27858388,SOL
28/03/2022,10:59:59,REWARD,MATIC,,,0.08299414,MATIC,0.1865706,0.000,MATIC,0,252.69716598,MATIC
28/03/2022,10:59:59,REWARD,LUNC,,,0.00044968,LUNC,0.05602963,0.000,LUNC,0,2.05356715,LUNC
29/03/2022,10:59:59,REWARD,SOL,,,0.00040550,SOL,0.05887627,0.000,SOL,0,2.27898938,SOL
29/03/2022,10:59:59,REWARD,MATIC,,,0.08302141,MATIC,0.18725428,0.000,MATIC,0,252.78018739,MATIC
29/03/2022,10:59:59,REWARD,LUNC,,,0.00044978,LUNC,0.05986186,0.000,LUNC,0,2.05401693,LUNC
30/03/2022,10:59:59,REWARD,SOL,,,0.00040557,SOL,0.05891056,0.000,SOL,0,2.27939495,SOL
30/03/2022,10:59:59,REWARD,MATIC,,,0.08304869,MATIC,0.18158245,0.000,MATIC,0,252.86323608,MATIC
30/03/2022,10:59:59,REWARD,LUNC,,,0.00044987,LUNC,0.06347144,0.000,LUNC,0,2.0544668,LUNC
31/03/2022,10:59:59,REWARD,SOL,,,0.00040564,SOL,0.06555557,0.000,SOL,0,2.27980059,SOL
31/03/2022,10:59:59,REWARD,MATIC,,,0.08307597,MATIC,0.18927067,0.000,MATIC,0,252.94631205,MATIC
31/03/2022,10:59:59,REWARD,LUNC,,,0.00044997,LUNC,0.06467382,0.000,LUNC,0,2.05491677,LUNC
1/04/2022,10:59:59,REWARD,SOL,,,0.00040571,SOL,0.06696657,0.000,SOL,0,2.2802063,SOL
1/04/2022,10:59:59,REWARD,MATIC,,,0.08310327,MATIC,0.18038827,0.000,MATIC,0,253.02941532,MATIC
1/04/2022,10:59:59,REWARD,LUNC,,,0.00045007,LUNC,0.06167483,0.000,LUNC,0,2.05536684,LUNC
2/04/2022,10:59:59,REWARD,SOL,,,0.00040579,SOL,0.07357307,0.000,SOL,0,2.28061209,SOL
2/04/2022,10:59:59,REWARD,MATIC,,,0.08313057,MATIC,0.18943767,0.000,MATIC,0,253.11254589,MATIC
2/04/2022,10:59:59,REWARD,LUNC,,,0.00045017,LUNC,0.06485621,0.000,LUNC,0,2.05581701,LUNC
3/04/2022,10:59:59,REWARD,SOL,,,0.00040586,SOL,0.07131798,0.000,SOL,0,2.28101795,SOL
3/04/2022,10:59:59,REWARD,MATIC,,,0.08315788,MATIC,0.18184671,0.000,MATIC,0,253.19570377,MATIC
3/04/2022,10:59:59,REWARD,LUNC,,,0.00045027,LUNC,0.06838374,0.000,LUNC,0,2.05626728,LUNC
4/04/2022,10:59:59,REWARD,SOL,,,0.00037470,SOL,0.06767385,0.000,SOL,0,2.28139265,SOL
4/04/2022,10:59:59,REWARD,MATIC,,,0.08318520,MATIC,0.1835243,0.000,MATIC,0,253.27888897,MATIC
4/04/2022,10:59:59,REWARD,LUNC,,,0.00033778,LUNC,0.05179062,0.000,LUNC,0,2.05660506,
5/04/2022,10:59:59,REWARD,SOL,,,0.00037477,SOL,0.06509722,0.000,SOL,0,2.28176742,SOL
5/04/2022,10:59:59,REWARD,MATIC,,,0.08321253,MATIC,0.18151425,0.000,MATIC,0,253.3621015,MATIC
5/04/2022,10:59:59,REWARD,LUNC,,,0.00033783,LUNC,0.05201366,0.000,LUNC,0,2.05694289,LUNC
6/04/2022,10:59:59,REWARD,SOL,,,0.00037483,SOL,0.06171556,0.000,SOL,0,2.28214225,SOL
6/04/2022,10:59:59,REWARD,MATIC,,,0.08323987,MATIC,0.17302037,0.000,MATIC,0,253.44534137,MATIC
6/04/2022,10:59:59,REWARD,LUNC,,,0.00033789,LUNC,0.05204144,0.000,LUNC,0,2.05728078,LUNC
7/04/2022,10:59:59,REWARD,SOL,,,0.00037489,SOL,0.05678614,0.000,SOL,0,2.28251714,SOL
7/04/2022,10:59:59,REWARD,MATIC,,,0.08326722,MATIC,0.16228435,0.000,MATIC,0,253.52860859,MATIC
7/04/2022,10:59:59,REWARD,LUNC,,,0.00033794,LUNC,0.04893764,0.000,LUNC,0,2.05761872,LUNC
8/04/2022,10:59:59,REWARD,SOL,,,0.00037495,SOL,0.06050953,0.000,SOL,0,2.28289209,SOL
8/04/2022,10:59:59,REWARD,MATIC,,,0.08329458,MATIC,0.16816047,0.000,MATIC,0,253.61190317,MATIC
8/04/2022,10:59:59,REWARD,LUNC,,,0.00033800,LUNC,0.04747156,0.000,LUNC,0,2.05795672,LUNC
9/04/2022,10:59:59,REWARD,SOL,,,0.00037501,SOL,0.0560639,0.000,SOL,0,2.2832671,SOL
9/04/2022,10:59:59,REWARD,MATIC,,,0.08332194,MATIC,0.16114268,0.000,MATIC,0,253.69522511,MATIC
9/04/2022,10:59:59,REWARD,LUNC,,,0.00033805,LUNC,0.04303549,0.000,LUNC,0,2.05829477,LUNC
10/04/2022,10:59:59,REWARD,SOL,,,0.00037507,SOL,0.05642585,0.000,SOL,0,2.28364217,SOL
10/04/2022,10:59:59,REWARD,MATIC,,,0.08334932,MATIC,0.16457149,0.000,MATIC,0,253.77857443,MATIC
10/04/2022,10:59:59,REWARD,LUNC,,,0.00033811,LUNC,0.04364654,0.000,LUNC,0,2.05863288,LUNC
11/04/2022,10:59:59,REWARD,SOL,,,0.00037514,SOL,0.05626783,0.000,SOL,0,2.28401731,SOL
11/04/2022,10:59:59,REWARD,MATIC,,,0.08337670,MATIC,0.16081232,0.000,MATIC,0,253.86195113,MATIC
11/04/2022,10:59:59,REWARD,LUNC,,,0.00033816,LUNC,0.0413931,0.000,LUNC,0,2.05897104,LUNC
12/04/2022,10:59:59,REWARD,SOL,,,0.00037520,SOL,0.05097948,0.000,SOL,0,2.28439251,SOL
12/04/2022,10:59:59,REWARD,MATIC,,,0.08340409,MATIC,0.15126172,0.000,MATIC,0,253.94535522,MATIC
12/04/2022,10:59:59,REWARD,LUNC,,,0.00033822,LUNC,0.03777294,0.000,LUNC,0,2.05930926,LUNC
13/04/2022,10:59:59,REWARD,SOL,,,0.00037526,SOL,0.05168317,0.000,SOL,0,2.28476777,SOL
13/04/2022,10:59:59,REWARD,MATIC,,,0.08343149,MATIC,0.15656622,0.000,MATIC,0,254.02878671,MATIC
13/04/2022,10:59:59,REWARD,LUNC,,,0.00033828,LUNC,0.03796057,0.000,LUNC,0,2.05964754,LUNC
14/04/2022,10:59:59,REWARD,SOL,,,0.00037532,SOL,0.05302844,0.000,SOL,0,2.28514309,SOL
14/04/2022,10:59:59,REWARD,MATIC,,,0.08345890,MATIC,0.1610365,0.000,MATIC,0,254.11224561,MATIC
14/04/2022,10:59:59,REWARD,LUNC,,,0.00033833,LUNC,0.04061059,0.000,LUNC,0,2.05998587,LUNC
15/04/2022,10:59:59,REWARD,SOL,,,0.00037538,SOL,0.05089728,0.000,SOL,0,2.28551847,SOL
15/04/2022,10:59:59,REWARD,MATIC,,,0.08348632,MATIC,0.15582559,0.000,MATIC,0,254.19573193,MATIC
15/04/2022,10:59:59,REWARD,LUNC,,,0.00033839,LUNC,0.03711762,0.000,LUNC,0,2.06032426,LUNC
16/04/2022,10:59:59,REWARD,SOL,,,0.00037544,SOL,0.05165862,0.000,SOL,0,2.28589391,SOL
16/04/2022,10:59:59,REWARD,MATIC,,,0.08351375,MATIC,0.15784716,0.000,MATIC,0,254.27924568,MATIC
16/04/2022,10:59:59,REWARD,LUNC,,,0.00033844,LUNC,0.03695042,0.000,LUNC,0,2.0606627,LUNC
16/04/2022,11:36:27,BUY,ETH,4118.22087080,AUD,0.13637200,ETH,565,0.00082317,ETH,3.38221496,0.13637303,ETH
17/04/2022,10:59:59,REWARD,SOL,,,0.00037551,SOL,0.05175852,0.000,SOL,0,2.28626942,SOL
17/04/2022,10:59:59,REWARD,MATIC,,,0.08354119,MATIC,0.15654318,0.000,MATIC,0,254.36278687,MATIC
17/04/2022,10:59:59,REWARD,LUNC,,,0.00033850,LUNC,0.03705263,0.000,LUNC,0,2.0610012,LUNC
18/04/2022,10:59:59,REWARD,SOL,,,0.00037557,SOL,0.05127476,0.000,SOL,0,2.28664499,SOL
18/04/2022,10:59:59,REWARD,MATIC,,,0.08356864,MATIC,0.15215564,0.000,MATIC,0,254.44635551,MATIC
18/04/2022,10:59:59,REWARD,LUNC,,,0.00033855,LUNC,0.03597955,0.000,LUNC,0,2.06133975,LUNC
19/04/2022,10:59:59,REWARD,SOL,,,0.00037563,SOL,0.05284961,0.000,SOL,0,2.28702062,SOL
19/04/2022,10:59:59,REWARD,MATIC,,,0.08359609,MATIC,0.16059341,0.000,MATIC,0,254.5299516,MATIC
19/04/2022,10:59:59,REWARD,LUNC,,,0.00033861,LUNC,0.04135167,0.000,LUNC,0,2.06167836,LUNC
20/04/2022,10:59:59,REWARD,SOL,,,0.00037569,SOL,0.05460162,0.000,SOL,0,2.28739631,SOL
20/04/2022,10:59:59,REWARD,MATIC,,,0.08362356,MATIC,0.16380924,0.000,MATIC,0,254.61357516,MATIC
20/04/2022,10:59:59,REWARD,LUNC,,,0.00033866,LUNC,0.0431439,0.000,LUNC,0,2.06201702,LUNC
21/04/2022,10:59:59,REWARD,SOL,,,0.00037575,SOL,0.05363069,0.000,SOL,0,2.28777206,SOL
21/04/2022,10:59:59,REWARD,MATIC,,,0.08365103,MATIC,0.1608117,0.000,MATIC,0,254.69722619,MATIC
21/04/2022,10:59:59,REWARD,LUNC,,,0.00033872,LUNC,0.04337575,0.000,LUNC,0,2.06235574,LUNC
22/04/2022,10:59:59,REWARD,SOL,,,0.00037581,SOL,0.05248694,0.000,SOL,0,2.28814787,SOL
22/04/2022,10:59:59,REWARD,MATIC,,,0.08367852,MATIC,0.15835971,0.000,MATIC,0,254.78090471,MATIC
22/04/2022,10:59:59,REWARD,LUNC,,,0.00033878,LUNC,0.04261964,0.000,LUNC,0,2.06269452,LUNC
23/04/2022,10:59:59,REWARD,SOL,,,0.00037588,SOL,0.05192644,0.000,SOL,0,2.28852375,SOL
23/04/2022,10:59:59,REWARD,MATIC,,,0.08370601,MATIC,0.16042693,0.000,MATIC,0,254.86461072,MATIC
23/04/2022,10:59:59,REWARD,LUNC,,,0.00033883,LUNC,0.04358642,0.000,LUNC,0,2.06303335,LUNC
24/04/2022,10:59:59,REWARD,SOL,,,0.00037594,SOL,0.05258161,0.000,SOL,0,2.28889969,SOL
24/04/2022,10:59:59,REWARD,MATIC,,,0.08373351,MATIC,0.15752404,0.000,MATIC,0,254.94834423,MATIC
24/04/2022,10:59:59,REWARD,LUNC,,,0.00033889,LUNC,0.04252483,0.000,LUNC,0,2.06337224,LUNC
25/04/2022,10:59:59,REWARD,SOL,,,0.00037600,SOL,0.05041741,0.000,SOL,0,2.28927569,SOL
25/04/2022,10:59:59,REWARD,MATIC,,,0.08376102,MATIC,0.1527631,0.000,MATIC,0,255.03210525,MATIC
25/04/2022,10:59:59,REWARD,LUNC,,,0.00033894,LUNC,0.04211768,0.000,LUNC,0,2.06371118,LUNC
26/04/2022,10:59:59,REWARD,SOL,,,0.00037606,SOL,0.05290184,0.000,SOL,0,2.28965175,SOL
26/04/2022,10:59:59,REWARD,MATIC,,,0.08378854,MATIC,0.15681429,0.000,MATIC,0,255.11589379,MATIC
26/04/2022,10:59:59,REWARD,LUNC,,,0.00033900,LUNC,0.04527472,0.000,LUNC,0,2.06405018,LUNC
27/04/2022,10:59:59,REWARD,SOL,,,0.00037612,SOL,0.05060929,0.000,SOL,0,2.29002787,SOL
27/04/2022,10:59:59,REWARD,MATIC,,,0.08381607,MATIC,0.14704108,0.000,MATIC,0,255.19970986,MATIC
27/04/2022,10:59:59,REWARD,LUNC,,,0.00033905,LUNC,0.04212728,0.000,LUNC,0,2.06438923,LUNC
28/04/2022,10:59:59,REWARD,SOL,,,0.00037619,SOL,0.05255987,0.000,SOL,0,2.29040406,SOL
28/04/2022,10:59:59,REWARD,MATIC,,,0.08384360,MATIC,0.14846728,0.000,MATIC,0,255.28355346,MATIC
28/04/2022,10:59:59,REWARD,LUNC,,,0.00033911,LUNC,0.04262384,0.000,LUNC,0,2.06472834,LUNC
29/04/2022,10:59:59,REWARD,SOL,,,0.00037625,SOL,0.05192244,0.000,SOL,0,2.29078031,SOL
29/04/2022,10:59:59,REWARD,MATIC,,,0.08387115,MATIC,0.14614499,0.000,MATIC,0,255.36742461,MATIC
29/04/2022,10:59:59,REWARD,LUNC,,,0.00033917,LUNC,0.04227517,0.000,LUNC,0,2.06506751,LUNC
30/04/2022,10:59:59,REWARD,SOL,,,0.00037631,SOL,0.05037683,0.000,SOL,0,2.29115662,SOL
30/04/2022,10:59:59,REWARD,MATIC,,,0.08389870,MATIC,0.13818364,0.000,MATIC,0,255.45132331,MATIC
30/04/2022,10:59:59,REWARD,LUNC,,,0.00033922,LUNC,0.04139388,0.000,LUNC,0,2.06540673,LUNC
1/05/2022,10:59:59,REWARD,SOL,,,0.00037637,SOL,0.04557482,0.000,SOL,0,2.29153299,SOL
1/05/2022,10:59:59,REWARD,MATIC,,,0.08392627,MATIC,0.12485407,0.000,MATIC,0,255.53524958,MATIC
1/05/2022,10:59:59,REWARD,LUNC,,,0.00033928,LUNC,0.03779682,0.000,LUNC,0,2.06574601,LUNC
2/05/2022,10:59:59,REWARD,SOL,,,0.00037643,SOL,0.04822854,0.000,SOL,0,2.29190942,SOL
2/05/2022,10:59:59,REWARD,MATIC,,,0.08395384,MATIC,0.13179464,0.000,MATIC,0,255.61920342,MATIC
2/05/2022,10:59:59,REWARD,LUNC,,,0.00033933,LUNC,0.03988913,0.000,LUNC,0,2.06608534,LUNC
3/05/2022,10:59:59,REWARD,SOL,,,0.00037649,SOL,0.04615251,0.000,SOL,0,2.29228591,SOL
3/05/2022,10:59:59,REWARD,MATIC,,,0.08398142,MATIC,0.12858365,0.000,MATIC,0,255.70318484,MATIC
3/05/2022,10:59:59,REWARD,LUNC,,,0.00033939,LUNC,0.03948998,0.000,LUNC,0,2.06642473,LUNC
4/05/2022,10:59:59,REWARD,SOL,,,0.00037656,SOL,0.04575213,0.000,SOL,0,2.29266247,SOL
4/05/2022,10:59:59,REWARD,MATIC,,,0.08400902,MATIC,0.12898365,0.000,MATIC,0,255.78719386,MATIC
4/05/2022,10:59:59,REWARD,LUNC,,,0.00033944,LUNC,0.03948456,0.000,LUNC,0,2.06676417,LUNC
5/05/2022,10:59:59,REWARD,SOL,,,0.00037662,SOL,0.04863475,0.000,SOL,0,2.29303909,SOL
5/05/2022,10:59:59,REWARD,MATIC,,,0.08403662,MATIC,0.13589067,0.000,MATIC,0,255.87123048,MATIC
5/05/2022,10:59:59,REWARD,LUNC,,,0.00033950,LUNC,0.04098617,0.000,LUNC,0,2.06710367,LUNC
10/05/2022,18:37:30,BUY,BTC,45902.71519405,AUD,0.00974452,BTC,450,0.00005882,BTC,2.69380349,0.00974452,BTC
16/05/2022,15:46:30,BUY,ETH,3022.06366694,AUD,0.03661329,ETH,111.3156,0.00022101,ETH,0.66635925,0.17298632,ETH
17/05/2022,10:59:59,REWARD,SOL,,,0.00030105,SOL,0.02350495,0.000,SOL,0,2.29334014,SOL
17/05/2022,10:59:59,REWARD,MATIC,,,0.06721656,MATIC,0.06584865,0.000,MATIC,0,255.93844704,MATIC
17/05/2022,10:59:59,REWARD,BTC,,,0.000001067,BTC,0.04583946,0.000,BTC,0,0.009745587,BTC
17/05/2022,10:59:59,REWARD,ETH,,,0.00001895,ETH,0.0550106,0.000,ETH,0,0.17300527,ETH
18/05/2022,10:59:59,REWARD,SOL,,,0.00037672,SOL,0.03045463,0.000,SOL,0,2.29371686,SOL
18/05/2022,10:59:59,REWARD,MATIC,,,0.08408648,MATIC,0.08512136,0.000,MATIC,0,256.02253352,MATIC
18/05/2022,10:59:59,REWARD,BTC,,,0.000001334,BTC,0.05734481,0.000,BTC,0,0.009746921,BTC
18/05/2022,10:59:59,REWARD,ETH,,,0.00002368,ETH,0.06977823,0.000,ETH,0,0.17302895,ETH
19/05/2022,10:59:59,REWARD,SOL,,,0.00037678,SOL,0.02744403,0.000,SOL,0,2.29409364,SOL
19/05/2022,10:59:59,REWARD,MATIC,,,0.08411410,MATIC,0.0747946,0.000,MATIC,0,256.10664762,MATIC
19/05/2022,10:59:59,REWARD,BTC,,,0.000001334,BTC,0.05491528,0.000,BTC,0,0.009748255,BTC
19/05/2022,10:59:59,REWARD,ETH,,,0.00002369,ETH,0.06511705,0.000,ETH,0,0.17305264,ETH
20/05/2022,10:59:59,REWARD,SOL,,,0.00037685,SOL,0.02785503,0.000,SOL,0,2.29447049,SOL
20/05/2022,10:59:59,REWARD,MATIC,,,0.08414174,MATIC,0.07966667,0.000,MATIC,0,256.19078936,MATIC
20/05/2022,10:59:59,REWARD,BTC,,,0.000001334,BTC,0.05757621,0.000,BTC,0,0.009749589,BTC
20/05/2022,10:59:59,REWARD,ETH,,,0.00002369,ETH,0.06811563,0.000,ETH,0,0.17307633,ETH
21/05/2022,10:59:59,REWARD,SOL,,,0.00037691,SOL,0.02614827,0.000,SOL,0,2.2948474,SOL
21/05/2022,10:59:59,REWARD,MATIC,,,0.08416938,MATIC,0.07512156,0.000,MATIC,0,256.27495874,MATIC
21/05/2022,10:59:59,REWARD,BTC,,,0.000001335,BTC,0.05512542,0.000,BTC,0,0.009750924,BTC
21/05/2022,10:59:59,REWARD,ETH,,,0.00002369,ETH,0.06575805,0.000,ETH,0,0.17310002,ETH
22/05/2022,10:59:59,REWARD,SOL,,,0.00037697,SOL,0.02708816,0.000,SOL,0,2.29522437,SOL
22/05/2022,10:59:59,REWARD,MATIC,,,0.08419704,MATIC,0.07821923,0.000,MATIC,0,256.35915578,MATIC
22/05/2022,10:59:59,REWARD,BTC,,,0.000001335,BTC,0.05588769,0.000,BTC,0,0.009752259,BTC
22/05/2022,10:59:59,REWARD,ETH,,,0.00002370,ETH,0.06650068,0.000,ETH,0,0.17312372,ETH
23/05/2022,10:59:59,REWARD,SOL,,,0.00037703,SOL,0.02788038,0.000,SOL,0,2.2956014,SOL
23/05/2022,10:59:59,REWARD,MATIC,,,0.08422470,MATIC,0.0798548,0.000,MATIC,0,256.44338048,MATIC
23/05/2022,10:59:59,REWARD,BTC,,,0.000001335,BTC,0.0567046,0.000,BTC,0,0.009753594,BTC
23/05/2022,10:59:59,REWARD,ETH,,,0.00002370,ETH,0.06774394,0.000,ETH,0,0.17314742,ETH
24/05/2022,10:59:59,REWARD,SOL,,,0.00037709,SOL,0.02636498,0.000,SOL,0,2.29597849,SOL
24/05/2022,10:59:59,REWARD,MATIC,,,0.08425237,MATIC,0.07667809,0.000,MATIC,0,256.52763285,MATIC
24/05/2022,10:59:59,REWARD,BTC,,,0.000001335,BTC,0.05512754,0.000,BTC,0,0.009754929,BTC
24/05/2022,10:59:59,REWARD,ETH,,,0.00002370,ETH,0.06662944,0.000,ETH,0,0.17317112,ETH
24/05/2022,16:38:50,BUY,BTC,41510.76423963,AUD,0.00270883,BTC,113.1244,0.00001635,BTC,0.67718863,0.012463759,BTC
25/05/2022,10:59:59,REWARD,SOL,,,0.00037716,SOL,0.02625611,0.000,SOL,0,2.29635565,SOL
25/05/2022,10:59:59,REWARD,MATIC,,,0.08428005,MATIC,0.07770947,0.000,MATIC,0,256.6119129,MATIC
25/05/2022,10:59:59,REWARD,BTC,,,0.000001335,BTC,0.05605983,0.000,BTC,0,0.012465094,BTC
25/05/2022,10:59:59,REWARD,ETH,,,0.00002371,ETH,0.06662699,0.000,ETH,0,0.17319483,ETH
26/05/2022,10:59:59,REWARD,SOL,,,0.00037722,SOL,0.02561876,0.000,SOL,0,2.29673287,SOL
26/05/2022,10:59:59,REWARD,MATIC,,,0.08430774,MATIC,0.07719553,0.000,MATIC,0,256.69622064,MATIC
26/05/2022,10:59:59,REWARD,BTC,,,0.000001336,BTC,0.05605469,0.000,BTC,0,0.01246643,BTC
26/05/2022,10:59:59,REWARD,ETH,,,0.00002371,ETH,0.06515834,0.000,ETH,0,0.17321854,ETH
27/05/2022,10:59:59,REWARD,SOL,,,0.00037728,SOL,0.02271983,0.000,SOL,0,2.29711015,SOL
27/05/2022,10:59:59,REWARD,MATIC,,,0.08433544,MATIC,0.06926633,0.000,MATIC,0,256.78055608,MATIC
27/05/2022,10:59:59,REWARD,BTC,,,0.000001336,BTC,0.05417358,0.000,BTC,0,0.012467766,BTC
27/05/2022,10:59:59,REWARD,ETH,,,0.00002371,ETH,0.05835275,0.000,ETH,0,0.17324225,ETH
28/05/2022,10:59:59,REWARD,SOL,,,0.00037734,SOL,0.02214249,0.000,SOL,0,2.29748749,SOL
28/05/2022,10:59:59,REWARD,MATIC,,,0.08436315,MATIC,0.0684341,0.000,MATIC,0,256.86491923,MATIC
28/05/2022,10:59:59,REWARD,BTC,,,0.000001336,BTC,0.05351495,0.000,BTC,0,0.012469102,BTC
28/05/2022,10:59:59,REWARD,ETH,,,0.00002372,ETH,0.05754281,0.000,ETH,0,0.17326597,ETH
29/05/2022,10:59:59,REWARD,SOL,,,0.00037740,SOL,0.02325466,0.000,SOL,0,2.29786489,SOL
29/05/2022,10:59:59,REWARD,MATIC,,,0.08439086,MATIC,0.06833202,0.000,MATIC,0,256.94931009,MATIC
29/05/2022,10:59:59,REWARD,BTC,,,0.000001336,BTC,0.05380096,0.000,BTC,0,0.012470438,BTC
29/05/2022,10:59:59,REWARD,ETH,,,0.00002372,ETH,0.05845805,0.000,ETH,0,0.17328969,ETH
30/05/2022,10:59:59,REWARD,SOL,,,0.00037747,SOL,0.02344435,0.000,SOL,0,2.29824236,SOL
30/05/2022,10:59:59,REWARD,MATIC,,,0.08441859,MATIC,0.07206987,0.000,MATIC,0,257.03372868,MATIC
30/05/2022,10:59:59,REWARD,BTC,,,0.000001336,BTC,0.05603738,0.000,BTC,0,0.012471774,BTC
30/05/2022,10:59:59,REWARD,ETH,,,0.00002372,ETH,0.06182689,0.000,ETH,0,0.17331341,ETH
31/05/2022,10:59:59,REWARD,SOL,,,0.00037753,SOL,0.02466472,0.000,SOL,0,2.29861989,SOL
31/05/2022,10:59:59,REWARD,MATIC,,,0.08444632,MATIC,0.07681842,0.000,MATIC,0,257.118175,MATIC
31/05/2022,10:59:59,REWARD,BTC,,,0.000001336,BTC,0.05881281,0.000,BTC,0,0.01247311,BTC
31/05/2022,10:59:59,REWARD,ETH,,,0.00002373,ETH,0.06576126,0.000,ETH,0,0.17333714,ETH
31/05/2022,23:15:39,AIRDROP,LUNA,,,0.64167140,LUNA,8.64032556,0.00000000,LUNA,0,0.6416714,LUNA
1/06/2022,10:59:59,REWARD,SOL,,,0.00037759,SOL,0.02402309,0.000,SOL,0,2.29899748,SOL
1/06/2022,10:59:59,REWARD,MATIC,,,0.08447407,MATIC,0.07788595,0.000,MATIC,0,257.20264907,MATIC
1/06/2022,10:59:59,REWARD,BTC,,,0.000001337,BTC,0.05913725,0.000,BTC,0,0.012474447,BTC
1/06/2022,10:59:59,REWARD,ETH,,,0.00002373,ETH,0.06385709,0.000,ETH,0,0.17336087,ETH
2/06/2022,10:59:59,REWARD,SOL,,,0.00037765,SOL,0.0210856,0.000,SOL,0,2.29937513,SOL
2/06/2022,10:59:59,REWARD,MATIC,,,0.08450182,MATIC,0.07106087,0.000,MATIC,0,257.28715089,MATIC
2/06/2022,10:59:59,REWARD,BTC,,,0.000001337,BTC,0.05559118,0.000,BTC,0,0.012475784,BTC
2/06/2022,10:59:59,REWARD,ETH,,,0.00002373,ETH,0.0605833,0.000,ETH,0,0.1733846,ETH
3/06/2022,10:59:59,REWARD,SOL,,,0.00037771,SOL,0.02115584,0.000,SOL,0,2.29975284,SOL
3/06/2022,10:59:59,REWARD,MATIC,,,0.08452958,MATIC,0.07207154,0.000,MATIC,0,257.37168047,MATIC
3/06/2022,10:59:59,REWARD,BTC,,,0.000001337,BTC,0.05627934,0.000,BTC,0,0.012477121,BTC
3/06/2022,10:59:59,REWARD,ETH,,,0.00002374,ETH,0.06001506,0.000,ETH,0,0.17340834,ETH
4/06/2022,10:59:59,REWARD,SOL,,,0.00037778,SOL,0.01955494,0.000,SOL,0,2.30013062,SOL
4/06/2022,10:59:59,REWARD,MATIC,,,0.08455736,MATIC,0.06827105,0.000,MATIC,0,257.45623783,MATIC
4/06/2022,10:59:59,REWARD,BTC,,,0.000001337,BTC,0.05467971,0.000,BTC,0,0.012478458,BTC
4/06/2022,10:59:59,REWARD,ETH,,,0.00002374,ETH,0.057691,0.000,ETH,0,0.17343208,ETH
5/06/2022,10:59:59,REWARD,SOL,,,0.00037784,SOL,0.02010161,0.000,SOL,0,2.30050846,SOL
5/06/2022,10:59:59,REWARD,MATIC,,,0.08458514,MATIC,0.06912801,0.000,MATIC,0,257.54082297,MATIC
5/06/2022,10:59:59,REWARD,BTC,,,0.000001337,BTC,0.05520884,0.000,BTC,0,0.012479795,BTC
5/06/2022,10:59:59,REWARD,ETH,,,0.00002374,ETH,0.05900365,0.000,ETH,0,0.17345582,ETH
6/06/2022,10:59:59,REWARD,SOL,,,0.00037790,SOL,0.02096399,0.000,SOL,0,2.30088636,SOL
6/06/2022,10:59:59,REWARD,MATIC,,,0.08461293,MATIC,0.07320205,0.000,MATIC,0,257.6254359,MATIC
6/06/2022,10:59:59,REWARD,BTC,,,0.000001338,BTC,0.05728433,0.000,BTC,0,0.012481133,BTC
6/06/2022,10:59:59,REWARD,ETH,,,0.00002374,ETH,0.06134513,0.000,ETH,0,0.17347956,ETH
7/06/2022,10:59:59,REWARD,SOL,,,0.00037796,SOL,0.02121753,0.000,SOL,0,2.30126432,SOL
7/06/2022,10:59:59,REWARD,MATIC,,,0.08464072,MATIC,0.06924993,0.000,MATIC,0,257.71007662,MATIC
7/06/2022,10:59:59,REWARD,BTC,,,0.000001338,BTC,0.0547454,0.000,BTC,0,0.012482471,BTC
7/06/2022,10:59:59,REWARD,ETH,,,0.00002375,ETH,0.05754713,0.000,ETH,0,0.17350331,ETH
8/06/2022,10:59:59,REWARD,SOL,,,0.00037802,SOL,0.02028546,0.000,SOL,0,2.30164234,SOL
8/06/2022,10:59:59,REWARD,MATIC,,,0.08466853,MATIC,0.07293863,0.000,MATIC,0,257.79474515,MATIC
8/06/2022,10:59:59,REWARD,BTC,,,0.000001338,BTC,0.05755343,0.000,BTC,0,0.012483809,BTC
8/06/2022,10:59:59,REWARD,ETH,,,0.00002375,ETH,0.06023231,0.000,ETH,0,0.17352706,ETH
9/06/2022,10:59:59,REWARD,SOL,,,0.00037809,SOL,0.02053612,0.000,SOL,0,2.30202043,SOL
9/06/2022,10:59:59,REWARD,MATIC,,,0.08469635,MATIC,0.07136719,0.000,MATIC,0,257.8794415,MATIC
9/06/2022,10:59:59,REWARD,BTC,,,0.000001338,BTC,0.05633946,0.000,BTC,0,0.012485147,BTC
9/06/2022,10:59:59,REWARD,ETH,,,0.00002375,ETH,0.05939284,0.000,ETH,0,0.17355081,ETH
10/06/2022,10:59:59,REWARD,SOL,,,0.00037815,SOL,0.02108095,0.000,SOL,0,2.30239858,SOL
10/06/2022,10:59:59,REWARD,MATIC,,,0.08472418,MATIC,0.07532536,0.000,MATIC,0,257.96416568,MATIC
10/06/2022,10:59:59,REWARD,BTC,,,0.000001338,BTC,0.05655136,0.000,BTC,0,0.012486485,BTC
10/06/2022,10:59:59,REWARD,ETH,,,0.00002376,ETH,0.05970629,0.000,ETH,0,0.17357457,ETH
11/06/2022,10:59:59,REWARD,SOL,,,0.00037821,SOL,0.01999195,0.000,SOL,0,2.30277679,SOL
11/06/2022,10:59:59,REWARD,MATIC,,,0.08475201,MATIC,0.07166209,0.000,MATIC,0,258.04891769,MATIC
11/06/2022,10:59:59,REWARD,BTC,,,0.000001338,BTC,0.05523981,0.000,BTC,0,0.012487823,BTC
11/06/2022,10:59:59,REWARD,ETH,,,0.00002376,ETH,0.0560546,0.000,ETH,0,0.17359833,ETH
12/06/2022,10:59:59,REWARD,SOL,,,0.00037827,SOL,0.01799983,0.000,SOL,0,2.30315506,SOL
12/06/2022,10:59:59,REWARD,MATIC,,,0.08477986,MATIC,0.06298343,0.000,MATIC,0,258.13369755,MATIC
12/06/2022,10:59:59,REWARD,BTC,,,0.000001339,BTC,0.05302522,0.000,BTC,0,0.012489162,BTC
12/06/2022,10:59:59,REWARD,ETH,,,0.00002376,ETH,0.04938471,0.000,ETH,0,0.17362209,ETH
13/06/2022,10:59:59,REWARD,SOL,,,0.00037834,SOL,0.01581601,0.000,SOL,0,2.3035334,SOL
13/06/2022,10:59:59,REWARD,MATIC,,,0.08480771,MATIC,0.05807007,0.000,MATIC,0,258.21850526,MATIC
13/06/2022,10:59:59,REWARD,BTC,,,0.000001339,BTC,0.04908664,0.000,BTC,0,0.012490501,BTC
13/06/2022,10:59:59,REWARD,ETH,,,0.00002377,ETH,0.04606082,0.000,ETH,0,0.17364586,ETH
14/06/2022,10:59:59,REWARD,SOL,,,0.00037840,SOL,0.01498455,0.000,SOL,0,2.3039118,SOL
14/06/2022,10:59:59,REWARD,MATIC,,,0.08483557,MATIC,0.04908896,0.000,MATIC,0,258.30334083,MATIC
14/06/2022,10:59:59,REWARD,BTC,,,0.000001339,BTC,0.04091875,0.000,BTC,0,0.01249184,BTC
14/06/2022,10:59:59,REWARD,ETH,,,0.00002377,ETH,0.03769094,0.000,ETH,0,0.17366963,ETH
15/06/2022,10:59:59,REWARD,SOL,,,0.00037846,SOL,0.01623747,0.000,SOL,0,2.30429026,SOL
15/06/2022,10:59:59,REWARD,MATIC,,,0.08486344,MATIC,0.0512171,0.000,MATIC,0,258.38820427,MATIC
15/06/2022,10:59:59,REWARD,BTC,,,0.000001339,BTC,0.04248119,0.000,BTC,0,0.012493179,BTC
15/06/2022,10:59:59,REWARD,ETH,,,0.00002377,ETH,0.04121533,0.000,ETH,0,0.1736934,ETH
16/06/2022,10:59:59,REWARD,SOL,,,0.00037852,SOL,0.01907957,0.000,SOL,0,2.30466878,SOL
16/06/2022,10:59:59,REWARD,MATIC,,,0.08489133,MATIC,0.05177304,0.000,MATIC,0,258.4730956,MATIC
16/06/2022,10:59:59,REWARD,BTC,,,0.000001339,BTC,0.04275148,0.000,BTC,0,0.012494518,BTC
16/06/2022,10:59:59,REWARD,ETH,,,0.00002378,ETH,0.04125995,0.000,ETH,0,0.17371718,ETH
17/06/2022,10:59:59,REWARD,SOL,,,0.00037858,SOL,0.01620559,0.000,SOL,0,2.30504736,SOL
17/06/2022,10:59:59,REWARD,MATIC,,,0.08491922,MATIC,0.04784806,0.000,MATIC,0,258.55801482,MATIC
17/06/2022,10:59:59,REWARD,BTC,,,0.000001340,BTC,0.03953355,0.000,BTC,0,0.012495858,BTC
17/06/2022,10:59:59,REWARD,ETH,,,0.00002378,ETH,0.03686374,0.000,ETH,0,0.17374096,ETH
18/06/2022,10:59:59,REWARD,SOL,,,0.00037865,SOL,0.01683378,0.000,SOL,0,2.30542601,SOL
18/06/2022,10:59:59,REWARD,MATIC,,,0.08494712,MATIC,0.04801183,0.000,MATIC,0,258.64296194,MATIC
18/06/2022,10:59:59,REWARD,BTC,,,0.000001340,BTC,0.03961509,0.000,BTC,0,0.012497198,BTC
18/06/2022,10:59:59,REWARD,ETH,,,0.00002378,ETH,0.03692677,0.000,ETH,0,0.17376474,ETH
19/06/2022,10:59:59,REWARD,SOL,,,0.00037871,SOL,0.01684011,0.000,SOL,0,2.30580472,SOL
19/06/2022,10:59:59,REWARD,MATIC,,,0.08497502,MATIC,0.04082418,0.000,MATIC,0,258.72793696,MATIC
19/06/2022,10:59:59,REWARD,BTC,,,0.000001340,BTC,0.03536613,0.000,BTC,0,0.012498538,BTC
19/06/2022,10:59:59,REWARD,ETH,,,0.00002379,ETH,0.03253768,0.000,ETH,0,0.17378853,ETH
19/06/2022,22:22:55,BUY,BTC,28502.78776986,AUD,0.00725375,BTC,208,0.00004379,BTC,1.24513564,0.019752288,BTC
20/06/2022,10:59:59,REWARD,SOL,,,0.00037877,SOL,0.01787217,0.000,SOL,0,2.30618349,SOL
20/06/2022,10:59:59,REWARD,MATIC,,,0.08500294,MATIC,0.04503726,0.000,MATIC,0,258.8129399,MATIC
20/06/2022,10:59:59,REWARD,BTC,,,0.000001340,BTC,0.03817477,0.000,BTC,0,0.019753628,BTC
20/06/2022,10:59:59,REWARD,ETH,,,0.00002379,ETH,0.03656889,0.000,ETH,0,0.17381232,ETH
21/06/2022,10:59:59,REWARD,SOL,,,0.00037883,SOL,0.01943788,0.000,SOL,0,2.30656232,SOL
21/06/2022,10:59:59,REWARD,MATIC,,,0.08503087,MATIC,0.04928296,0.000,MATIC,0,258.89797077,MATIC
21/06/2022,10:59:59,REWARD,BTC,,,0.000001340,BTC,0.03933293,0.000,BTC,0,0.024822008,BTC
21/06/2022,10:59:59,REWARD,ETH,,,0.00002379,ETH,0.03803392,0.000,ETH,0,0.17383611,ETH
22/06/2022,10:59:59,REWARD,SOL,,,0.00037889,SOL,0.019795,0.000,SOL,0,2.30694121,SOL
22/06/2022,10:59:59,REWARD,MATIC,,,0.08505881,MATIC,0.04964897,0.000,MATIC,0,258.98302958,MATIC
22/06/2022,10:59:59,REWARD,BTC,,,0.000001341,BTC,0.03946619,0.000,BTC,0,0.024823349,BTC
22/06/2022,10:59:59,REWARD,ETH,,,0.00002380,ETH,0.03793303,0.000,ETH,0,0.17385991,ETH
23/06/2022,10:59:59,REWARD,SOL,,,0.00037896,SOL,0.01927792,0.000,SOL,0,2.30732017,SOL
23/06/2022,10:59:59,REWARD,MATIC,,,0.08508675,MATIC,0.05971725,0.000,MATIC,0,259.06811633,MATIC
23/06/2022,10:59:59,REWARD,BTC,,,0.000001341,BTC,0.03963834,0.000,BTC,0,0.02482469,BTC
23/06/2022,10:59:59,REWARD,ETH,,,0.00002380,ETH,0.03753065,0.000,ETH,0,0.17388371,ETH
24/06/2022,10:59:59,REWARD,SOL,,,0.00037902,SOL,0.02093384,0.000,SOL,0,2.30769919,SOL
24/06/2022,10:59:59,REWARD,MATIC,,,0.08511471,MATIC,0.07358107,0.000,MATIC,0,259.15323104,
24/06/2022,10:59:59,REWARD,BTC,,,0.000001341,BTC,0.04109126,0.000,BTC,0,0.024826031,BTC
24/06/2022,10:59:59,REWARD,ETH,,,0.00002380,ETH,0.03992996,0.000,ETH,0,0.17390751,ETH
25/06/2022,10:59:59,REWARD,SOL,,,0.00037908,SOL,0.02286136,0.000,SOL,0,2.30807827,SOL
25/06/2022,10:59:59,REWARD,MATIC,,,0.08514267,MATIC,0.0759588,0.000,MATIC,0,259.23837371,MATIC
25/06/2022,10:59:59,REWARD,BTC,,,0.000001341,BTC,0.04095464,0.000,BTC,0,0.024827372,BTC
25/06/2022,10:59:59,REWARD,ETH,,,0.00002381,ETH,0.04153837,0.000,ETH,0,0.17393132,ETH
26/06/2022,10:59:59,REWARD,SOL,,,0.00037914,SOL,0.02292422,0.000,SOL,0,2.30845741,SOL
26/06/2022,10:59:59,REWARD,MATIC,,,0.08517064,MATIC,0.0720796,0.000,MATIC,0,259.32354435,MATIC
26/06/2022,10:59:59,REWARD,BTC,,,0.000001341,BTC,0.04120708,0.000,BTC,0,0.024828713,BTC
26/06/2022,10:59:59,REWARD,ETH,,,0.00002381,ETH,0.04222347,0.000,ETH,0,0.17395513,ETH
27/06/2022,10:59:59,REWARD,SOL,,,0.00037921,SOL,0.02134488,0.000,SOL,0,2.30883662,SOL
27/06/2022,10:59:59,REWARD,MATIC,,,0.08519862,MATIC,0.07005719,0.000,MATIC,0,259.40874297,MATIC
27/06/2022,10:59:59,REWARD,BTC,,,0.000001341,BTC,0.04089554,0.000,BTC,0,0.024830054,BTC
27/06/2022,10:59:59,REWARD,ETH,,,0.00002381,ETH,0.04189368,0.000,ETH,0,0.17397894,ETH
28/06/2022,10:59:59,REWARD,SOL,,,0.00037927,SOL,0.02099853,0.000,SOL,0,2.30921589,SOL
28/06/2022,10:59:59,REWARD,MATIC,,,0.08522662,MATIC,0.06290803,0.000,MATIC,0,259.49396959,MATIC
28/06/2022,10:59:59,REWARD,BTC,,,0.000001342,BTC,0.03985332,0.000,BTC,0,0.024831396,BTC
28/06/2022,10:59:59,REWARD,ETH,,,0.00002382,ETH,0.04024,0.000,ETH,0,0.17400276,ETH
29/06/2022,10:59:59,REWARD,SOL,,,0.00037933,SOL,0.01973618,0.000,SOL,0,2.30959522,SOL
29/06/2022,10:59:59,REWARD,MATIC,,,0.08525462,MATIC,0.06433518,0.000,MATIC,0,259.57922421,MATIC
29/06/2022,10:59:59,REWARD,BTC,,,0.000001342,BTC,0.03937914,0.000,BTC,0,0.024832738,BTC
29/06/2022,10:59:59,REWARD,ETH,,,0.00002382,ETH,0.03961236,0.000,ETH,0,0.17402658,ETH
30/06/2022,10:59:59,REWARD,SOL,,,0.00037939,SOL,0.01839726,0.000,SOL,0,2.30997461,SOL
30/06/2022,10:59:59,REWARD,MATIC,,,0.08528263,MATIC,0.05932298,0.000,MATIC,0,259.66450684,MATIC
30/06/2022,10:59:59,REWARD,BTC,,,0.000001342,BTC,0.03901035,0.000,BTC,0,0.02483408,BTC
30/06/2022,10:59:59,REWARD,ETH,,,0.00002382,ETH,0.03778909,0.000,ETH,0,0.1740504,ETH
1/07/2022,10:59:59,REWARD,SOL,,,0.00037946,SOL,0.01902201,0.000,SOL,0,2.31035407,SOL
1/07/2022,10:59:59,REWARD,MATIC,,,0.08531065,MATIC,0.06050596,0.000,MATIC,0,259.74981749,MATIC
1/07/2022,10:59:59,REWARD,BTC,,,0.000001342,BTC,0.03968216,0.000,BTC,0,0.024835422,BTC
1/07/2022,10:59:59,REWARD,ETH,,,0.00002383,ETH,0.03795247,0.000,ETH,0,0.17407423,ETH
2/07/2022,10:59:59,REWARD,SOL,,,0.00037952,SOL,0.01832925,0.000,SOL,0,2.31073359,SOL
2/07/2022,10:59:59,REWARD,MATIC,,,0.08533867,MATIC,0.06066295,0.000,MATIC,0,259.83515616,MATIC
2/07/2022,10:59:59,REWARD,BTC,,,0.000001342,BTC,0.03797621,0.000,BTC,0,0.024836764,BTC
2/07/2022,10:59:59,REWARD,ETH,,,0.00002383,ETH,0.03718209,0.000,ETH,0,0.17409806,ETH
3/07/2022,10:59:59,REWARD,SOL,,,0.00037958,SOL,0.01836564,0.000,SOL,0,2.31111317,SOL
3/07/2022,10:59:59,REWARD,MATIC,,,0.08536671,MATIC,0.06062032,0.000,MATIC,0,259.92052287,MATIC
3/07/2022,10:59:59,REWARD,BTC,,,0.000001343,BTC,0.03791734,0.000,BTC,0,0.024838107,BTC
3/07/2022,10:59:59,REWARD,ETH,,,0.00002383,ETH,0.03725459,0.000,ETH,0,0.17412189,ETH
4/07/2022,10:59:59,REWARD,SOL,,,0.00037964,SOL,0.01857035,0.000,SOL,0,2.31149281,SOL
4/07/2022,10:59:59,REWARD,MATIC,,,0.08539476,MATIC,0.05763652,0.000,MATIC,0,260.00591763,MATIC
4/07/2022,10:59:59,REWARD,BTC,,,0.000001343,BTC,0.03780874,0.000,BTC,0,0.02483945,BTC
4/07/2022,10:59:59,REWARD,ETH,,,0.00002384,ETH,0.03727104,0.000,ETH,0,0.17414573,ETH
5/07/2022,10:59:59,REWARD,SOL,,,0.00037970,SOL,0.02008071,0.000,SOL,0,2.31187251,SOL
5/07/2022,10:59:59,REWARD,MATIC,,,0.08542281,MATIC,0.06425398,0.000,MATIC,0,260.09134044,MATIC
5/07/2022,10:59:59,REWARD,BTC,,,0.000001343,BTC,0.03939894,0.000,BTC,0,0.024840793,BTC
5/07/2022,10:59:59,REWARD,ETH,,,0.00002384,ETH,0.0396761,0.000,ETH,0,0.17416957,ETH
6/07/2022,10:59:59,REWARD,SOL,,,0.00037977,SOL,0.01977495,0.000,SOL,0,2.31225228,SOL
6/07/2022,10:59:59,REWARD,MATIC,,,0.08545088,MATIC,0.06240893,0.000,MATIC,0,260.17679132,MATIC
6/07/2022,10:59:59,REWARD,BTC,,,0.000001343,BTC,0.03925164,0.000,BTC,0,0.024842136,BTC
6/07/2022,10:59:59,REWARD,ETH,,,0.00002384,ETH,0.03908507,0.000,ETH,0,0.17419341,ETH
7/07/2022,10:59:59,REWARD,SOL,,,0.00037983,SOL,0.02074493,0.000,SOL,0,2.31263211,SOL
7/07/2022,10:59:59,REWARD,MATIC,,,0.08547895,MATIC,0.06646754,0.000,MATIC,0,260.26227027,MATIC
7/07/2022,10:59:59,REWARD,BTC,,,0.000001343,BTC,0.04036692,0.000,BTC,0,0.024843479,BTC
7/07/2022,10:59:59,REWARD,ETH,,,0.00002385,ETH,0.04100806,0.000,ETH,0,0.17421726,ETH
8/07/2022,10:59:59,REWARD,SOL,,,0.00037989,SOL,0.02148321,0.000,SOL,0,2.313012,SOL
8/07/2022,10:59:59,REWARD,MATIC,,,0.08550704,MATIC,0.07308618,0.000,MATIC,0,260.34777731,MATIC
8/07/2022,10:59:59,REWARD,BTC,,,0.000001343,BTC,0.04299293,0.000,BTC,0,0.024844822,BTC
8/07/2022,10:59:59,REWARD,ETH,,,0.00002385,ETH,0.04355156,0.000,ETH,0,0.17424111,ETH
9/07/2022,10:59:59,REWARD,SOL,,,0.00037995,SOL,0.02112507,0.000,SOL,0,2.31339195,SOL
9/07/2022,10:59:59,REWARD,MATIC,,,0.08553513,MATIC,0.07368201,0.000,MATIC,0,260.43331244,MATIC
9/07/2022,10:59:59,REWARD,BTC,,,0.000001344,BTC,0.04221306,0.000,BTC,0,0.024846166,BTC
9/07/2022,10:59:59,REWARD,ETH,,,0.00002385,ETH,0.04202503,0.000,ETH,0,0.17426496,ETH
10/07/2022,10:59:59,REWARD,SOL,,,0.00038002,SOL,0.02091378,0.000,SOL,0,2.31377197,SOL
10/07/2022,10:59:59,REWARD,MATIC,,,0.08556323,MATIC,0.07209601,0.000,MATIC,0,260.51887567,MATIC
10/07/2022,10:59:59,REWARD,BTC,,,0.000001344,BTC,0.04168653,0.000,BTC,0,0.02484751,BTC
10/07/2022,10:59:59,REWARD,ETH,,,0.00002386,ETH,0.04143423,0.000,ETH,0,0.17428882,ETH
11/07/2022,10:59:59,REWARD,SOL,,,0.00038008,SOL,0.02001639,0.000,SOL,0,2.31415205,SOL
11/07/2022,10:59:59,REWARD,MATIC,,,0.08559134,MATIC,0.06856455,0.000,MATIC,0,260.60446701,MATIC
11/07/2022,10:59:59,REWARD,BTC,,,0.000001344,BTC,0.04030071,0.000,BTC,0,0.024848854,BTC
11/07/2022,10:59:59,REWARD,ETH,,,0.00002386,ETH,0.04007841,0.000,ETH,0,0.17431268,ETH
11/07/2022,17:00:45,BUY,ETH,1674.73490849,AUD,1.31762915,ETH,2220,0.00795378,ETH,13.28937426,1.49194183,ETH
12/07/2022,10:59:59,REWARD,SOL,,,0.00038014,SOL,0.01899375,0.000,SOL,0,2.31453219,SOL
12/07/2022,10:59:59,REWARD,MATIC,,,0.08561946,MATIC,0.07282608,0.000,MATIC,0,260.69008647,MATIC
12/07/2022,10:59:59,REWARD,BTC,,,0.000001344,BTC,0.03980803,0.000,BTC,0,0.024850198,BTC
12/07/2022,10:59:59,REWARD,ETH,,,0.00002386,ETH,0.0385585,0.000,ETH,0,1.49196569,ETH
13/07/2022,10:59:59,REWARD,SOL,,,0.00038020,SOL,0.01854487,0.000,SOL,0,2.31491239,SOL
13/07/2022,10:59:59,REWARD,MATIC,,,0.08564759,MATIC,0.06945621,0.000,MATIC,0,260.77573406,MATIC
13/07/2022,10:59:59,REWARD,BTC,,,0.000001344,BTC,0.03897278,0.000,BTC,0,0.024851542,BTC
13/07/2022,10:59:59,REWARD,ETH,,,0.00002387,ETH,0.03744292,0.000,ETH,0,1.49198956,ETH
14/07/2022,10:59:59,REWARD,SOL,,,0.00038027,SOL,0.01971962,0.000,SOL,0,2.31529266,SOL
14/07/2022,10:59:59,REWARD,MATIC,,,0.08567573,MATIC,0.0808347,0.000,MATIC,0,260.86140979,MATIC
14/07/2022,10:59:59,REWARD,BTC,,,0.000001345,BTC,0.04027655,0.000,BTC,0,0.024852887,BTC
14/07/2022,10:59:59,REWARD,ETH,,,0.00002387,ETH,0.03915309,0.000,ETH,0,1.49201343,ETH
15/07/2022,10:59:59,REWARD,SOL,,,0.00038033,SOL,0.02077721,0.000,SOL,0,2.31567299,SOL
15/07/2022,10:59:59,REWARD,MATIC,,,0.08570388,MATIC,0.09138548,0.000,MATIC,0,260.94711367,MATIC
15/07/2022,10:59:59,REWARD,BTC,,,0.000001345,BTC,0.04096991,0.000,BTC,0,0.024854232,BTC
15/07/2022,10:59:59,REWARD,ETH,,,0.00002387,ETH,0.04244198,0.000,ETH,0,1.4920373,ETH
16/07/2022,10:59:59,REWARD,SOL,,,0.00038039,SOL,0.02072838,0.000,SOL,0,2.31605338,SOL
16/07/2022,10:59:59,REWARD,MATIC,,,0.08573204,MATIC,0.08766989,0.000,MATIC,0,261.03284571,MATIC
16/07/2022,10:59:59,REWARD,BTC,,,0.000001345,BTC,0.04096079,0.000,BTC,0,0.024855577,BTC
16/07/2022,10:59:59,REWARD,ETH,,,0.00002388,ETH,0.0428102,0.000,ETH,0,1.49206118,ETH
17/07/2022,10:59:59,REWARD,SOL,,,0.00038045,SOL,0.02223089,0.000,SOL,0,2.31643383,SOL
17/07/2022,10:59:59,REWARD,MATIC,,,0.08576020,MATIC,0.09103276,0.000,MATIC,0,261.11860591,MATIC
17/07/2022,10:59:59,REWARD,BTC,,,0.000001345,BTC,0.04199091,0.000,BTC,0,0.024856922,BTC
17/07/2022,10:59:59,REWARD,ETH,,,0.00002388,ETH,0.04711712,0.000,ETH,0,1.49208506,ETH
18/07/2022,10:59:59,REWARD,SOL,,,0.00038052,SOL,0.02195557,0.000,SOL,0,2.31681435,SOL
18/07/2022,10:59:59,REWARD,MATIC,,,0.08578838,MATIC,0.09618301,0.000,MATIC,0,261.20439429,MATIC
18/07/2022,10:59:59,REWARD,BTC,,,0.000001345,BTC,0.04156357,0.000,BTC,0,0.024858267,BTC
18/07/2022,10:59:59,REWARD,ETH,,,0.00002388,ETH,0.04924448,0.000,ETH,0,1.49210894,ETH
19/07/2022,10:59:59,REWARD,SOL,,,0.00038058,SOL,0.02437304,0.000,SOL,0,2.31719493,SOL
19/07/2022,10:59:59,REWARD,MATIC,,,0.08581656,MATIC,0.11468383,0.000,MATIC,0,261.29021085,MATIC
19/07/2022,10:59:59,REWARD,BTC,,,0.000001345,BTC,0.04357297,0.000,BTC,0,0.024859612,BTC
19/07/2022,10:59:59,REWARD,ETH,,,0.00002388,ETH,0.05342056,0.000,ETH,0,1.49213282,ETH
20/07/2022,10:59:59,REWARD,SOL,,,0.00038064,SOL,0.02457807,0.000,SOL,0,2.31757557,SOL
20/07/2022,10:59:59,REWARD,MATIC,,,0.08584476,MATIC,0.11557784,0.000,MATIC,0,261.37605561,MATIC
20/07/2022,10:59:59,REWARD,BTC,,,0.000001346,BTC,0.04567707,0.000,BTC,0,0.024860958,BTC
20/07/2022,10:59:59,REWARD,ETH,,,0.00002389,ETH,0.05346493,0.000,ETH,0,1.49215671,ETH
21/07/2022,10:59:59,REWARD,SOL,,,0.00038070,SOL,0.02333955,0.000,SOL,0,2.31795627,SOL
21/07/2022,10:59:59,REWARD,MATIC,,,0.08587296,MATIC,0.10481809,0.000,MATIC,0,261.46192857,MATIC
21/07/2022,10:59:59,REWARD,BTC,,,0.000001346,BTC,0.04502179,0.000,BTC,0,0.024862304,BTC
21/07/2022,10:59:59,REWARD,ETH,,,0.00002389,ETH,0.05200359,0.000,ETH,0,1.4921806,ETH
22/07/2022,10:59:59,REWARD,SOL,,,0.00038077,SOL,0.02375178,0.000,SOL,0,2.31833704,SOL
22/07/2022,10:59:59,REWARD,MATIC,,,0.08590117,MATIC,0.11298704,0.000,MATIC,0,261.54782974,MATIC
22/07/2022,10:59:59,REWARD,BTC,,,0.000001077,BTC,0.03593224,0.000,BTC,0,0.024863381,BTC
22/07/2022,10:59:59,REWARD,ETH,,,0.00001912,ETH,0.04329259,0.000,ETH,0,1.49219972,ETH
23/07/2022,10:59:59,REWARD,SOL,,,0.00038083,SOL,0.02253937,0.000,SOL,0,2.31871787,SOL
23/07/2022,10:59:59,REWARD,MATIC,,,0.08592940,MATIC,0.10809423,0.000,MATIC,0,261.63375914,MATIC
23/07/2022,10:59:59,REWARD,BTC,,,0.000001077,BTC,0.03556192,0.000,BTC,0,0.024864458,BTC
23/07/2022,10:59:59,REWARD,ETH,,,0.00001912,ETH,0.04326682,0.000,ETH,0,1.49221884,ETH
24/07/2022,10:59:59,REWARD,SOL,,,0.00038089,SOL,0.02195765,0.000,SOL,0,2.31909876,SOL
24/07/2022,10:59:59,REWARD,MATIC,,,0.08595763,MATIC,0.10622368,0.000,MATIC,0,261.71971677,MATIC
24/07/2022,10:59:59,REWARD,BTC,,,0.000001077,BTC,0.03489516,0.000,BTC,0,0.024865535,BTC
24/07/2022,10:59:59,REWARD,ETH,,,0.00001912,ETH,0.04304379,0.000,ETH,0,1.49223796,ETH
25/07/2022,10:59:59,REWARD,SOL,,,0.00038095,SOL,0.021769,0.000,SOL,0,2.31947971,SOL
25/07/2022,10:59:59,REWARD,MATIC,,,0.08598587,MATIC,0.10546969,0.000,MATIC,0,261.80570264,MATIC
25/07/2022,10:59:59,REWARD,BTC,,,0.000001077,BTC,0.03424262,0.000,BTC,0,0.024866612,BTC
25/07/2022,10:59:59,REWARD,ETH,,,0.00001912,ETH,0.04223593,0.000,ETH,0,1.49225708,ETH
26/07/2022,10:59:59,REWARD,SOL,,,0.00038102,SOL,0.01993802,0.000,SOL,0,2.31986073,SOL
26/07/2022,10:59:59,REWARD,MATIC,,,0.08601412,MATIC,0.09405035,0.000,MATIC,0,261.89171676,
26/07/2022,10:59:59,REWARD,BTC,,,0.000001077,BTC,0.03253854,0.000,BTC,0,0.024867689,BTC
26/07/2022,10:59:59,REWARD,ETH,,,0.00001912,ETH,0.03896337,0.000,ETH,0,1.4922762,ETH
27/07/2022,10:59:59,REWARD,SOL,,,0.00038108,SOL,0.01979224,0.000,SOL,0,2.32024181,SOL
27/07/2022,10:59:59,REWARD,MATIC,,,0.08604238,MATIC,0.09586901,0.000,MATIC,0,261.97775914,MATIC
27/07/2022,10:59:59,REWARD,BTC,,,0.000001077,BTC,0.03293343,0.000,BTC,0,0.024868766,BTC
27/07/2022,10:59:59,REWARD,ETH,,,0.00001913,ETH,0.03966757,0.000,ETH,0,1.49229533,ETH
28/07/2022,10:59:59,REWARD,SOL,,,0.00038114,SOL,0.021458,0.000,SOL,0,2.32062295,SOL
28/07/2022,10:59:59,REWARD,MATIC,,,0.08607065,MATIC,0.10779075,0.000,MATIC,0,262.06382979,MATIC
28/07/2022,10:59:59,REWARD,BTC,,,0.000001078,BTC,0.03537953,0.000,BTC,0,0.024869844,BTC
28/07/2022,10:59:59,REWARD,ETH,,,0.00001913,ETH,0.04578395,0.000,ETH,0,1.49231446,ETH
29/07/2022,10:59:59,REWARD,SOL,,,0.00038120,SOL,0.02347176,0.000,SOL,0,2.32100415,SOL
29/07/2022,10:59:59,REWARD,MATIC,,,0.08609892,MATIC,0.11855934,0.000,MATIC,0,262.14992871,MATIC
29/07/2022,10:59:59,REWARD,BTC,,,0.000001078,BTC,0.0367791,0.000,BTC,0,0.024870922,BTC
29/07/2022,10:59:59,REWARD,ETH,,,0.00001913,ETH,0.04695586,0.000,ETH,0,1.49233359,ETH
30/07/2022,10:59:59,REWARD,SOL,,,0.00038127,SOL,0.02290073,0.000,SOL,0,2.32138542,SOL
30/07/2022,10:59:59,REWARD,MATIC,,,0.08612721,MATIC,0.11498692,0.000,MATIC,0,262.23605592,MATIC
30/07/2022,10:59:59,REWARD,BTC,,,0.000001078,BTC,0.03674152,0.000,BTC,0,0.024872,BTC
30/07/2022,10:59:59,REWARD,ETH,,,0.00001913,ETH,0.04654439,0.000,ETH,0,1.49235272,ETH
31/07/2022,10:59:59,REWARD,SOL,,,0.00038133,SOL,0.02369063,0.000,SOL,0,2.32176675,SOL
31/07/2022,10:59:59,REWARD,MATIC,,,0.08615551,MATIC,0.12085913,0.000,MATIC,0,262.32221143,MATIC
31/07/2022,10:59:59,REWARD,BTC,,,0.000001078,BTC,0.03666363,0.000,BTC,0,0.024873078,BTC
31/07/2022,10:59:59,REWARD,ETH,,,0.00001913,ETH,0.04643746,0.000,ETH,0,1.49237185,ETH
1/08/2022,10:59:59,REWARD,SOL,,,0.00038139,SOL,0.02343059,0.000,SOL,0,2.32214814,SOL
1/08/2022,10:59:59,REWARD,MATIC,,,0.08618381,MATIC,0.11554625,0.000,MATIC,0,262.40839524,MATIC
1/08/2022,10:59:59,REWARD,BTC,,,0.000001078,BTC,0.03605402,0.000,BTC,0,0.024874156,BTC
1/08/2022,10:59:59,REWARD,ETH,,,0.00001914,ETH,0.04637489,0.000,ETH,0,1.49239099,ETH
2/08/2022,10:59:59,REWARD,SOL,,,0.00038146,SOL,0.02247233,0.000,SOL,0,2.3225296,SOL
2/08/2022,10:59:59,REWARD,MATIC,,,0.08621213,MATIC,0.10707041,0.000,MATIC,0,262.49460737,MATIC
2/08/2022,10:59:59,REWARD,BTC,,,0.000001078,BTC,0.03529523,0.000,BTC,0,0.024875234,BTC
2/08/2022,10:59:59,REWARD,ETH,,,0.00001914,ETH,0.04336999,0.000,ETH,0,1.49241013,ETH
3/08/2022,10:59:59,REWARD,SOL,,,0.00038152,SOL,0.02098555,0.000,SOL,0,2.32291112,SOL
3/08/2022,10:59:59,REWARD,MATIC,,,0.08624045,MATIC,0.10902524,0.000,MATIC,0,262.58084782,MATIC
3/08/2022,10:59:59,REWARD,BTC,,,0.000001078,BTC,0.03551346,0.000,BTC,0,0.024876312,BTC
3/08/2022,10:59:59,REWARD,ETH,,,0.00001914,ETH,0.04446475,0.000,ETH,0,1.49242927,ETH
4/08/2022,10:59:59,REWARD,SOL,,,0.00038158,SOL,0.02144038,0.000,SOL,0,2.3232927,SOL
4/08/2022,10:59:59,REWARD,MATIC,,,0.08626879,MATIC,0.11191661,0.000,MATIC,0,262.66711661,MATIC
4/08/2022,10:59:59,REWARD,BTC,,,0.000001078,BTC,0.03587705,0.000,BTC,0,0.02487739,BTC
4/08/2022,10:59:59,REWARD,ETH,,,0.00001914,ETH,0.04555808,0.000,ETH,0,1.49244841,ETH
5/08/2022,10:59:59,REWARD,SOL,,,0.00038164,SOL,0.02134398,0.000,SOL,0,2.32367434,SOL
5/08/2022,10:59:59,REWARD,MATIC,,,0.08629713,MATIC,0.11295938,0.000,MATIC,0,262.75341374,MATIC
5/08/2022,10:59:59,REWARD,BTC,,,0.000001078,BTC,0.03577206,0.000,BTC,0,0.024878468,BTC
5/08/2022,10:59:59,REWARD,ETH,,,0.00001915,ETH,0.04568597,0.000,ETH,0,1.49246756,ETH
6/08/2022,10:59:59,REWARD,SOL,,,0.00038171,SOL,0.02245777,0.000,SOL,0,2.32405605,SOL
6/08/2022,10:59:59,REWARD,MATIC,,,0.08632548,MATIC,0.11516997,0.000,MATIC,0,262.83973922,MATIC
6/08/2022,10:59:59,REWARD,BTC,,,0.000001079,BTC,0.03625943,0.000,BTC,0,0.024879547,BTC
6/08/2022,10:59:59,REWARD,ETH,,,0.00001915,ETH,0.04813505,0.000,ETH,0,1.49248671,ETH
7/08/2022,10:59:59,REWARD,SOL,,,0.00038177,SOL,0.02180383,0.000,SOL,0,2.32443782,SOL
7/08/2022,10:59:59,REWARD,MATIC,,,0.08635384,MATIC,0.11301931,0.000,MATIC,0,262.92609306,MATIC
7/08/2022,10:59:59,REWARD,BTC,,,0.000001079,BTC,0.03583847,0.000,BTC,0,0.024880626,BTC
7/08/2022,10:59:59,REWARD,ETH,,,0.00001915,ETH,0.04674669,0.000,ETH,0,1.49250586,ETH
8/08/2022,10:59:59,REWARD,SOL,,,0.00038183,SOL,0.02260254,0.000,SOL,0,2.32481965,SOL
8/08/2022,10:59:59,REWARD,MATIC,,,0.08638221,MATIC,0.11375717,0.000,MATIC,0,263.01247527,MATIC
8/08/2022,10:59:59,REWARD,BTC,,,0.000001079,BTC,0.03626084,0.000,BTC,0,0.024881705,BTC
8/08/2022,10:59:59,REWARD,ETH,,,0.00001915,ETH,0.04739723,0.000,ETH,0,1.49252501,ETH
9/08/2022,10:59:59,REWARD,SOL,,,0.00038189,SOL,0.02301093,0.000,SOL,0,2.32520154,SOL
9/08/2022,10:59:59,REWARD,MATIC,,,0.08641059,MATIC,0.11377064,0.000,MATIC,0,263.09888586,MATIC
9/08/2022,10:59:59,REWARD,BTC,,,0.000001079,BTC,0.03679673,0.000,BTC,0,0.024882784,BTC
9/08/2022,10:59:59,REWARD,ETH,,,0.00001915,ETH,0.04869578,0.000,ETH,0,1.49254416,ETH
10/08/2022,10:59:59,REWARD,SOL,,,0.00038196,SOL,0.02184277,0.000,SOL,0,2.3255835,SOL
10/08/2022,10:59:59,REWARD,MATIC,,,0.08643898,MATIC,0.10961771,0.000,MATIC,0,263.18532484,MATIC
10/08/2022,10:59:59,REWARD,BTC,,,0.000001079,BTC,0.03545079,0.000,BTC,0,0.024883863,BTC
10/08/2022,10:59:59,REWARD,ETH,,,0.00001916,ETH,0.04618895,0.000,ETH,0,1.49256332,ETH
11/08/2022,10:59:59,REWARD,SOL,,,0.00038202,SOL,0.02310001,0.000,SOL,0,2.32596552,SOL
11/08/2022,10:59:59,REWARD,MATIC,,,0.08646738,MATIC,0.11473383,0.000,MATIC,0,263.27179222,MATIC
11/08/2022,10:59:59,REWARD,BTC,,,0.000001079,BTC,0.03706446,0.000,BTC,0,0.024884942,BTC
11/08/2022,10:59:59,REWARD,ETH,,,0.00001916,ETH,0.05087236,0.000,ETH,0,1.49258248,ETH
12/08/2022,10:59:59,REWARD,SOL,,,0.00038208,SOL,0.02314058,0.000,SOL,0,2.3263476,SOL
12/08/2022,10:59:59,REWARD,MATIC,,,0.08649579,MATIC,0.11183369,0.000,MATIC,0,263.35828801,MATIC
12/08/2022,10:59:59,REWARD,BTC,,,0.000001079,BTC,0.03644378,0.000,BTC,0,0.024886021,BTC
12/08/2022,10:59:59,REWARD,ETH,,,0.00001916,ETH,0.05149976,0.000,ETH,0,1.49260164,ETH
13/08/2022,10:59:59,REWARD,SOL,,,0.00038215,SOL,0.02541195,0.000,SOL,0,2.32672975,SOL
13/08/2022,10:59:59,REWARD,MATIC,,,0.08652421,MATIC,0.11725453,0.000,MATIC,0,263.44481222,MATIC
13/08/2022,10:59:59,REWARD,BTC,,,0.000001079,BTC,0.03723819,0.000,BTC,0,0.0248871,BTC
13/08/2022,10:59:59,REWARD,ETH,,,0.00001916,ETH,0.05292924,0.000,ETH,0,1.4926208,ETH
14/08/2022,10:59:59,REWARD,SOL,,,0.00038221,SOL,0.02498185,0.000,SOL,0,2.32711196,SOL
14/08/2022,10:59:59,REWARD,MATIC,,,0.08655263,MATIC,0.12414602,0.000,MATIC,0,263.53136485,MATIC
14/08/2022,10:59:59,REWARD,BTC,,,0.000001080,BTC,0.03726767,0.000,BTC,0,0.02488818,BTC
14/08/2022,10:59:59,REWARD,ETH,,,0.00001916,ETH,0.05345573,0.000,ETH,0,1.49263996,ETH
15/08/2022,10:59:59,REWARD,SOL,,,0.00038227,SOL,0.02430644,0.000,SOL,0,2.32749423,SOL
15/08/2022,10:59:59,REWARD,MATIC,,,0.08658107,MATIC,0.12275587,0.000,MATIC,0,263.61794592,MATIC
15/08/2022,10:59:59,REWARD,BTC,,,0.000001080,BTC,0.0378234,0.000,BTC,0,0.02488926,BTC
15/08/2022,10:59:59,REWARD,ETH,,,0.00001917,ETH,0.05402025,0.000,ETH,0,1.49265913,ETH
16/08/2022,10:59:59,REWARD,SOL,,,0.00038233,SOL,0.02401801,0.000,SOL,0,2.32787656,SOL
16/08/2022,10:59:59,REWARD,MATIC,,,0.08660952,MATIC,0.11818659,0.000,MATIC,0,263.70455544,MATIC
16/08/2022,10:59:59,REWARD,BTC,,,0.000001080,BTC,0.03694076,0.000,BTC,0,0.02489034,BTC
16/08/2022,10:59:59,REWARD,ETH,,,0.00001917,ETH,0.05150122,0.000,ETH,0,1.4926783,ETH
17/08/2022,10:59:59,REWARD,SOL,,,0.00038240,SOL,0.02375124,0.000,SOL,0,2.32825896,SOL
17/08/2022,10:59:59,REWARD,MATIC,,,0.08663797,MATIC,0.11641481,0.000,MATIC,0,263.79119341,MATIC
17/08/2022,10:59:59,REWARD,BTC,,,0.000001080,BTC,0.03699505,0.000,BTC,0,0.02489142,BTC
17/08/2022,10:59:59,REWARD,ETH,,,0.00001917,ETH,0.05189073,0.000,ETH,0,1.49269747,ETH
18/08/2022,10:59:59,REWARD,SOL,,,0.00038246,SOL,0.02238225,0.000,SOL,0,2.32864142,SOL
18/08/2022,10:59:59,REWARD,MATIC,,,0.08666644,MATIC,0.11126447,0.000,MATIC,0,263.87785985,MATIC
18/08/2022,10:59:59,REWARD,BTC,,,0.000001080,BTC,0.03651675,0.000,BTC,0,0.0248925,BTC
18/08/2022,10:59:59,REWARD,ETH,,,0.00001917,ETH,0.05120491,0.000,ETH,0,1.49271664,ETH
19/08/2022,10:59:59,REWARD,SOL,,,0.00038252,SOL,0.02119055,0.000,SOL,0,2.32902394,SOL
19/08/2022,10:59:59,REWARD,MATIC,,,0.08669491,MATIC,0.10424337,0.000,MATIC,0,263.96455476,MATIC
19/08/2022,10:59:59,REWARD,BTC,,,0.000001080,BTC,0.03557977,0.000,BTC,0,0.02489358,BTC
19/08/2022,10:59:59,REWARD,ETH,,,0.00001917,ETH,0.0506089,0.000,ETH,0,1.49273581,ETH
20/08/2022,10:59:59,REWARD,SOL,,,0.00024996,SOL,0.01330517,0.000,SOL,0,2.3292739,SOL
20/08/2022,10:59:59,REWARD,MATIC,,,0.05709290,MATIC,0.06551028,0.000,MATIC,0,264.02164766,MATIC
20/08/2022,10:59:59,REWARD,BTC,,,0.000001080,BTC,0.03326222,0.000,BTC,0,0.02489466,BTC
20/08/2022,10:59:59,REWARD,ETH,,,0.00001918,ETH,0.04547368,0.000,ETH,0,1.49275499,ETH
21/08/2022,10:59:59,REWARD,SOL,,,0.00024998,SOL,0.01283122,0.000,SOL,0,2.32952388,SOL
21/08/2022,10:59:59,REWARD,MATIC,,,0.05710525,MATIC,0.06620272,0.000,MATIC,0,264.07875291,MATIC
21/08/2022,10:59:59,REWARD,BTC,,,0.000001080,BTC,0.03346341,0.000,BTC,0,0.02489574,BTC
21/08/2022,10:59:59,REWARD,ETH,,,0.00001918,ETH,0.04450371,0.000,ETH,0,1.49277417,ETH
22/08/2022,10:59:59,REWARD,SOL,,,0.00025001,SOL,0.0131321,0.000,SOL,0,2.32977389,SOL
22/08/2022,10:59:59,REWARD,MATIC,,,0.05711760,MATIC,0.06722088,0.000,MATIC,0,264.13587051,MATIC
22/08/2022,10:59:59,REWARD,BTC,,,0.000001080,BTC,0.03362962,0.000,BTC,0,0.02489682,BTC
22/08/2022,10:59:59,REWARD,ETH,,,0.00001918,ETH,0.0446696,0.000,ETH,0,1.49279335,ETH
23/08/2022,10:59:59,REWARD,SOL,,,0.00025004,SOL,0.01288054,0.000,SOL,0,2.33002393,SOL
23/08/2022,10:59:59,REWARD,MATIC,,,0.05712995,MATIC,0.06766177,0.000,MATIC,0,264.19300046,MATIC
23/08/2022,10:59:59,REWARD,BTC,,,0.000001081,BTC,0.03342645,0.000,BTC,0,0.024897901,BTC
23/08/2022,10:59:59,REWARD,ETH,,,0.00001918,ETH,0.04525474,0.000,ETH,0,1.49281253,ETH
24/08/2022,10:59:59,REWARD,SOL,,,0.00025006,SOL,0.01270137,0.000,SOL,0,2.33027399,SOL
24/08/2022,10:59:59,REWARD,MATIC,,,0.05714231,MATIC,0.06703771,0.000,MATIC,0,264.25014277,MATIC
24/08/2022,10:59:59,REWARD,BTC,,,0.000001081,BTC,0.0331725,0.000,BTC,0,0.024898982,BTC
24/08/2022,10:59:59,REWARD,ETH,,,0.00001919,ETH,0.04486362,0.000,ETH,0,1.49283172,ETH
25/08/2022,10:59:59,REWARD,SOL,,,0.00025009,SOL,0.01275189,0.000,SOL,0,2.33052408,SOL
25/08/2022,10:59:59,REWARD,MATIC,,,0.05715467,MATIC,0.06749604,0.000,MATIC,0,264.30729744,MATIC
25/08/2022,10:59:59,REWARD,BTC,,,0.000001081,BTC,0.03352417,0.000,BTC,0,0.024900063,BTC
25/08/2022,10:59:59,REWARD,ETH,,,0.00001919,ETH,0.04641239,0.000,ETH,0,1.49285091,ETH
26/08/2022,10:59:59,REWARD,SOL,,,0.00025012,SOL,0.0125903,0.000,SOL,0,2.3307742,SOL
26/08/2022,10:59:59,REWARD,MATIC,,,0.05716703,MATIC,0.06758045,0.000,MATIC,0,264.36446447,MATIC
26/08/2022,10:59:59,REWARD,BTC,,,0.000001081,BTC,0.03346412,0.000,BTC,0,0.024901144,BTC
26/08/2022,10:59:59,REWARD,ETH,,,0.00001919,ETH,0.04646862,0.000,ETH,0,1.4928701,ETH
27/08/2022,10:59:59,REWARD,SOL,,,0.00025014,SOL,0.01154732,0.000,SOL,0,2.33102434,SOL
27/08/2022,10:59:59,REWARD,MATIC,,,0.05717940,MATIC,0.06391326,0.000,MATIC,0,264.42164387,MATIC
27/08/2022,10:59:59,REWARD,BTC,,,0.000001081,BTC,0.03164846,0.000,BTC,0,0.024902225,BTC
27/08/2022,10:59:59,REWARD,ETH,,,0.00001919,ETH,0.04165875,0.000,ETH,0,1.49288929,ETH
28/08/2022,10:59:59,REWARD,SOL,,,0.00025017,SOL,0.01142245,0.000,SOL,0,2.33127451,SOL
28/08/2022,10:59:59,REWARD,MATIC,,,0.05719176,MATIC,0.06719343,0.000,MATIC,0,264.47883563,MATIC
28/08/2022,10:59:59,REWARD,BTC,,,0.000001081,BTC,0.03139288,0.000,BTC,0,0.024903306,BTC
28/08/2022,10:59:59,REWARD,ETH,,,0.00001919,ETH,0.04164337,0.000,ETH,0,1.49290848,ETH
29/08/2022,10:59:59,REWARD,SOL,,,0.00025020,SOL,0.01102337,0.000,SOL,0,2.33152471,SOL
29/08/2022,10:59:59,REWARD,MATIC,,,0.05720413,MATIC,0.0639622,0.000,MATIC,0,264.53603976,MATIC
29/08/2022,10:59:59,REWARD,BTC,,,0.000001081,BTC,0.03112709,0.000,BTC,0,0.024904387,BTC
29/08/2022,10:59:59,REWARD,ETH,,,0.00001920,ETH,0.04045348,0.000,ETH,0,1.49292768,ETH
30/08/2022,10:59:59,REWARD,SOL,,,0.00025022,SOL,0.01167102,0.000,SOL,0,2.33177493,SOL
30/08/2022,10:59:59,REWARD,MATIC,,,0.05721651,MATIC,0.06735736,0.000,MATIC,0,264.59325627,MATIC
30/08/2022,10:59:59,REWARD,BTC,,,0.000001081,BTC,0.03171593,0.000,BTC,0,0.024905468,BTC
30/08/2022,10:59:59,REWARD,ETH,,,0.00001920,ETH,0.04286646,0.000,ETH,0,1.49294688,ETH
31/08/2022,10:59:59,REWARD,SOL,,,0.00025025,SOL,0.01166923,0.000,SOL,0,2.33202518,SOL
31/08/2022,10:59:59,REWARD,MATIC,,,0.05722888,MATIC,0.06928787,0.000,MATIC,0,264.65048515,MATIC
31/08/2022,10:59:59,REWARD,BTC,,,0.000001082,BTC,0.0320128,0.000,BTC,0,0.02490655,BTC
31/08/2022,10:59:59,REWARD,ETH,,,0.00001920,ETH,0.04444728,0.000,ETH,0,1.49296608,ETH
1/09/2022,10:59:59,REWARD,SOL,,,0.00025028,SOL,0.01155502,0.000,SOL,0,2.33227546,SOL
1/09/2022,10:59:59,REWARD,MATIC,,,0.05724126,MATIC,0.07174591,0.000,MATIC,0,264.70772641,MATIC
1/09/2022,10:59:59,REWARD,BTC,,,0.000001082,BTC,0.03189186,0.000,BTC,0,0.024907632,BTC
1/09/2022,10:59:59,REWARD,ETH,,,0.00001920,ETH,0.04385784,0.000,ETH,0,1.49298528,ETH
2/09/2022,10:59:59,REWARD,SOL,,,0.00025030,SOL,0.01157823,0.000,SOL,0,2.33252576,SOL
2/09/2022,10:59:59,REWARD,MATIC,,,0.05725364,MATIC,0.07404299,0.000,MATIC,0,264.76498005,MATIC
2/09/2022,10:59:59,REWARD,BTC,,,0.000001082,BTC,0.03190073,0.000,BTC,0,0.024908714,BTC
2/09/2022,10:59:59,REWARD,ETH,,,0.00001920,ETH,0.04518154,0.000,ETH,0,1.49300448,ETH
3/09/2022,10:59:59,REWARD,SOL,,,0.00025033,SOL,0.01145494,0.000,SOL,0,2.33277609,SOL
3/09/2022,10:59:59,REWARD,MATIC,,,0.05726602,MATIC,0.07359358,0.000,MATIC,0,264.82224607,MATIC
3/09/2022,10:59:59,REWARD,BTC,,,0.000001082,BTC,0.03167415,0.000,BTC,0,0.024909796,BTC
3/09/2022,10:59:59,REWARD,ETH,,,0.00001921,ETH,0.04409244,0.000,ETH,0,1.49302369,ETH
4/09/2022,10:59:59,REWARD,SOL,,,0.00025036,SOL,0.01144147,0.000,SOL,0,2.33302645,SOL
4/09/2022,10:59:59,REWARD,MATIC,,,0.05727841,MATIC,0.0746103,0.000,MATIC,0,264.87952448,MATIC
4/09/2022,10:59:59,REWARD,BTC,,,0.000001082,BTC,0.03144169,0.000,BTC,0,0.024910878,BTC
4/09/2022,10:59:59,REWARD,ETH,,,0.00001921,ETH,0.04383047,0.000,ETH,0,1.4930429,ETH
5/09/2022,10:59:59,REWARD,SOL,,,0.00025038,SOL,0.01191613,0.000,SOL,0,2.33327683,SOL
5/09/2022,10:59:59,REWARD,MATIC,,,0.05729080,MATIC,0.07503716,0.000,MATIC,0,264.93681528,MATIC
5/09/2022,10:59:59,REWARD,BTC,,,0.000001082,BTC,0.03167985,0.000,BTC,0,0.02491196,BTC
5/09/2022,10:59:59,REWARD,ETH,,,0.00001921,ETH,0.04462164,0.000,ETH,0,1.49306211,ETH
6/09/2022,10:59:59,REWARD,SOL,,,0.00025041,SOL,0.01219926,0.000,SOL,0,2.33352724,SOL
6/09/2022,10:59:59,REWARD,MATIC,,,0.05730319,MATIC,0.07480163,0.000,MATIC,0,264.99411847,MATIC
6/09/2022,10:59:59,REWARD,BTC,,,0.000001082,BTC,0.03143618,0.000,BTC,0,0.024913042,BTC
6/09/2022,10:59:59,REWARD,ETH,,,0.00001921,ETH,0.04618826,0.000,ETH,0,1.49308132,ETH
7/09/2022,10:59:59,REWARD,SOL,,,0.00025044,SOL,0.01151555,0.000,SOL,0,2.33377768,SOL
7/09/2022,10:59:59,REWARD,MATIC,,,0.05731558,MATIC,0.06840101,0.000,MATIC,0,265.05143405,MATIC
7/09/2022,10:59:59,REWARD,BTC,,,0.000001082,BTC,0.03003058,0.000,BTC,0,0.024914124,BTC
7/09/2022,10:59:59,REWARD,ETH,,,0.00001921,ETH,0.04304565,0.000,ETH,0,1.49310053,ETH
8/09/2022,10:59:59,REWARD,SOL,,,0.00025047,SOL,0.01203799,0.000,SOL,0,2.33402815,SOL
8/09/2022,10:59:59,REWARD,MATIC,,,0.05732798,MATIC,0.07170022,0.000,MATIC,0,265.10876203,MATIC
8/09/2022,10:59:59,REWARD,BTC,,,0.000001082,BTC,0.03086038,0.000,BTC,0,0.024915206,BTC
8/09/2022,10:59:59,REWARD,ETH,,,0.00001922,ETH,0.0464286,0.000,ETH,0,1.49311975,ETH
9/09/2022,10:59:59,REWARD,SOL,,,0.00025049,SOL,0.01265687,0.000,SOL,0,2.33427864,SOL
9/09/2022,10:59:59,REWARD,MATIC,,,0.05734038,MATIC,0.07139574,0.000,MATIC,0,265.16610241,MATIC
9/09/2022,10:59:59,REWARD,BTC,,,0.000001083,BTC,0.03084202,0.000,BTC,0,0.024916289,BTC
9/09/2022,10:59:59,REWARD,ETH,,,0.00001922,ETH,0.04623663,0.000,ETH,0,1.49313897,ETH
10/09/2022,10:59:59,REWARD,SOL,,,0.00025052,SOL,0.0127534,0.000,SOL,0,2.33452916,SOL
10/09/2022,10:59:59,REWARD,MATIC,,,0.05735278,MATIC,0.07412047,0.000,MATIC,0,265.22345519,MATIC
10/09/2022,10:59:59,REWARD,BTC,,,0.000001083,BTC,0.03368523,0.000,BTC,0,0.024917372,BTC
10/09/2022,10:59:59,REWARD,ETH,,,0.00001922,ETH,0.04882877,0.000,ETH,0,1.49315819,ETH
11/09/2022,10:59:59,REWARD,SOL,,,0.00025055,SOL,0.0128962,0.000,SOL,0,2.33477971,SOL
11/09/2022,10:59:59,REWARD,MATIC,,,0.05736519,MATIC,0.07528533,0.000,MATIC,0,265.28082038,MATIC
11/09/2022,10:59:59,REWARD,BTC,,,0.000001083,BTC,0.03401814,0.000,BTC,0,0.024918455,BTC
11/09/2022,10:59:59,REWARD,ETH,,,0.00001922,ETH,0.04961472,0.000,ETH,0,1.49317741,ETH
12/09/2022,10:59:59,REWARD,SOL,,,0.00025057,SOL,0.01269534,0.000,SOL,0,2.33503028,SOL
12/09/2022,10:59:59,REWARD,MATIC,,,0.05737760,MATIC,0.07461258,0.000,MATIC,0,265.33819798,MATIC
12/09/2022,10:59:59,REWARD,BTC,,,0.000001083,BTC,0.03455474,0.000,BTC,0,0.024919538,BTC
12/09/2022,10:59:59,REWARD,ETH,,,0.00001922,ETH,0.04892078,0.000,ETH,0,1.49319663,ETH
13/09/2022,10:59:59,REWARD,SOL,,,0.00025060,SOL,0.0134848,0.000,SOL,0,2.33528088,SOL
13/09/2022,10:59:59,REWARD,MATIC,,,0.05739001,MATIC,0.07652227,0.000,MATIC,0,265.39558799,MATIC
13/09/2022,10:59:59,REWARD,BTC,,,0.000001083,BTC,0.03510829,0.000,BTC,0,0.024920621,BTC
13/09/2022,10:59:59,REWARD,ETH,,,0.00001923,ETH,0.0477658,0.000,ETH,0,1.49321586,ETH
14/09/2022,10:59:59,REWARD,SOL,,,0.00025063,SOL,0.01239269,0.000,SOL,0,2.33553151,SOL
14/09/2022,10:59:59,REWARD,MATIC,,,0.05740242,MATIC,0.07355941,0.000,MATIC,0,265.45299041,MATIC
14/09/2022,10:59:59,REWARD,BTC,,,0.000001083,BTC,0.03288539,0.000,BTC,0,0.024921704,BTC
14/09/2022,10:59:59,REWARD,ETH,,,0.00001923,ETH,0.04567668,0.000,ETH,0,1.49323509,ETH
15/09/2022,10:59:59,REWARD,SOL,,,0.00025065,SOL,0.01250953,0.000,SOL,0,2.33578216,SOL
15/09/2022,10:59:59,REWARD,MATIC,,,0.05741483,MATIC,0.07197305,0.000,MATIC,0,265.51040524,MATIC
15/09/2022,10:59:59,REWARD,BTC,,,0.000001083,BTC,0.03220558,0.000,BTC,0,0.024922787,BTC
15/09/2022,10:59:59,REWARD,ETH,,,0.00001923,ETH,0.04554087,0.000,ETH,0,1.49325432,ETH
16/09/2022,10:59:59,REWARD,SOL,,,0.00025068,SOL,0.01235728,0.000,SOL,0,2.33603284,SOL
16/09/2022,10:59:59,REWARD,MATIC,,,0.05742725,MATIC,0.07009005,0.000,MATIC,0,265.56783249,MATIC
16/09/2022,10:59:59,REWARD,BTC,,,0.000001083,BTC,0.03187209,0.000,BTC,0,0.02492387,BTC
16/09/2022,10:59:59,REWARD,ETH,,,0.00001923,ETH,0.04194603,0.000,ETH,0,1.49327355,ETH
17/09/2022,10:59:59,REWARD,SOL,,,0.00025071,SOL,0.01221864,0.000,SOL,0,2.33628355,SOL
17/09/2022,10:59:59,REWARD,MATIC,,,0.05743967,MATIC,0.06991476,0.000,MATIC,0,265.62527216,MATIC
17/09/2022,10:59:59,REWARD,BTC,,,0.000001084,BTC,0.03213991,0.000,BTC,0,0.024924954,BTC
17/09/2022,10:59:59,REWARD,ETH,,,0.00001924,ETH,0.04132142,0.000,ETH,0,1.49329279,ETH
18/09/2022,10:59:59,REWARD,SOL,,,0.00025073,SOL,0.01261579,0.000,SOL,0,2.33653428,SOL
18/09/2022,10:59:59,REWARD,MATIC,,,0.05745210,MATIC,0.07036812,0.000,MATIC,0,265.68272426,MATIC
18/09/2022,10:59:59,REWARD,BTC,,,0.000001084,BTC,0.03230748,0.000,BTC,0,0.024926038,BTC
18/09/2022,10:59:59,REWARD,ETH,,,0.00001924,ETH,0.04155742,0.000,ETH,0,1.49331203,ETH
19/09/2022,10:59:59,REWARD,SOL,,,0.00025076,SOL,0.01182058,0.000,SOL,0,2.33678504,SOL
19/09/2022,10:59:59,REWARD,MATIC,,,0.05746452,MATIC,0.06363098,0.000,MATIC,0,265.74018878,MATIC
19/09/2022,10:59:59,REWARD,BTC,,,0.000001084,BTC,0.03030557,0.000,BTC,0,0.024927122,BTC
19/09/2022,10:59:59,REWARD,ETH,,,0.00001924,ETH,0.03735371,0.000,ETH,0,1.49333127,ETH
20/09/2022,10:59:59,REWARD,SOL,,,0.00025079,SOL,0.01210825,0.000,SOL,0,2.33703583,SOL
20/09/2022,10:59:59,REWARD,MATIC,,,0.05747695,MATIC,0.06467042,0.000,MATIC,0,265.79766573,MATIC
20/09/2022,10:59:59,REWARD,BTC,,,0.000001084,BTC,0.03135219,0.000,BTC,0,0.024928206,BTC
20/09/2022,10:59:59,REWARD,ETH,,,0.00001924,ETH,0.03904979,0.000,ETH,0,1.49335051,ETH
21/09/2022,10:59:59,REWARD,SOL,,,0.00025082,SOL,0.01190099,0.000,SOL,0,2.33728665,SOL
21/09/2022,10:59:59,REWARD,MATIC,,,0.05748938,MATIC,0.06381301,0.000,MATIC,0,265.85515511,MATIC
21/09/2022,10:59:59,REWARD,BTC,,,0.000001084,BTC,0.0308508,0.000,BTC,0,0.02492929,BTC
21/09/2022,10:59:59,REWARD,ETH,,,0.00001924,ETH,0.03860599,0.000,ETH,0,1.49336975,ETH
22/09/2022,10:59:59,REWARD,SOL,,,0.00025084,SOL,0.01174549,0.000,SOL,0,2.33753749,SOL
22/09/2022,10:59:59,REWARD,MATIC,,,0.05750182,MATIC,0.06234167,0.000,MATIC,0,265.91265693,MATIC
22/09/2022,10:59:59,REWARD,BTC,,,0.000001084,BTC,0.03075678,0.000,BTC,0,0.024930374,BTC
22/09/2022,10:59:59,REWARD,ETH,,,0.00001925,ETH,0.03686067,0.000,ETH,0,1.493389,ETH
23/09/2022,10:59:59,REWARD,SOL,,,0.00025087,SOL,0.01218214,0.000,SOL,0,2.33778836,SOL
23/09/2022,10:59:59,REWARD,MATIC,,,0.05751426,MATIC,0.06536083,0.000,MATIC,0,265.97017119,MATIC
23/09/2022,10:59:59,REWARD,BTC,,,0.000001084,BTC,0.03162728,0.000,BTC,0,0.024931458,BTC
23/09/2022,10:59:59,REWARD,ETH,,,0.00001925,ETH,0.03882334,0.000,ETH,0,1.49340825,ETH
24/09/2022,10:59:59,REWARD,SOL,,,0.00025090,SOL,0.01298094,0.000,SOL,0,2.33803926,SOL
24/09/2022,10:59:59,REWARD,MATIC,,,0.05752669,MATIC,0.06794215,0.000,MATIC,0,266.02769788,MATIC
24/09/2022,10:59:59,REWARD,BTC,,,0.000001084,BTC,0.03179758,0.000,BTC,0,0.024932542,BTC
24/09/2022,10:59:59,REWARD,ETH,,,0.00001925,ETH,0.0389965,0.000,ETH,0,1.4934275,ETH
25/09/2022,10:59:59,REWARD,SOL,,,0.00025092,SOL,0.01286958,0.000,SOL,0,2.33829018,SOL
25/09/2022,10:59:59,REWARD,MATIC,,,0.05753914,MATIC,0.06672084,0.000,MATIC,0,266.08523702,MATIC
25/09/2022,10:59:59,REWARD,BTC,,,0.000001085,BTC,0.03152184,0.000,BTC,0,0.024933627,BTC
25/09/2022,10:59:59,REWARD,ETH,,,0.00001925,ETH,0.03903498,0.000,ETH,0,1.49344675,ETH
26/09/2022,10:59:59,REWARD,SOL,,,0.00025095,SOL,0.01244995,0.000,SOL,0,2.33854113,SOL
26/09/2022,10:59:59,REWARD,MATIC,,,0.05755158,MATIC,0.06581068,0.000,MATIC,0,266.1427886,MATIC
26/09/2022,10:59:59,REWARD,BTC,,,0.000001085,BTC,0.03136076,0.000,BTC,0,0.024934712,BTC
26/09/2022,10:59:59,REWARD,ETH,,,0.00001925,ETH,0.03861517,0.000,ETH,0,1.493466,ETH
27/09/2022,10:59:59,REWARD,SOL,,,0.00025098,SOL,0.01330246,0.000,SOL,0,2.33879211,SOL
27/09/2022,10:59:59,REWARD,MATIC,,,0.05756403,MATIC,0.06830141,0.000,MATIC,0,266.20035263,MATIC
27/09/2022,10:59:59,REWARD,BTC,,,0.000001085,BTC,0.03345026,0.000,BTC,0,0.024935797,BTC
27/09/2022,10:59:59,REWARD,ETH,,,0.00001926,ETH,0.04098615,0.000,ETH,0,1.49348526,ETH
28/09/2022,10:59:59,REWARD,SOL,,,0.00025100,SOL,0.01281811,0.000,SOL,0,2.33904311,SOL
28/09/2022,10:59:59,REWARD,MATIC,,,0.05757648,MATIC,0.06488527,0.000,MATIC,0,266.25792911,MATIC
28/09/2022,10:59:59,REWARD,BTC,,,0.000001085,BTC,0.03162338,0.000,BTC,0,0.024936882,BTC
28/09/2022,10:59:59,REWARD,ETH,,,0.00001926,ETH,0.03860063,0.000,ETH,0,1.49350452,ETH
29/09/2022,10:59:59,REWARD,SOL,,,0.00025103,SOL,0.01292605,0.000,SOL,0,2.33929414,SOL
29/09/2022,10:59:59,REWARD,MATIC,,,0.05758893,MATIC,0.06621226,0.000,MATIC,0,266.31551804,MATIC
29/09/2022,10:59:59,REWARD,BTC,,,0.000001085,BTC,0.03254711,0.000,BTC,0,0.024937967,BTC
29/09/2022,10:59:59,REWARD,ETH,,,0.00001926,ETH,0.03976399,0.000,ETH,0,1.49352378,ETH
30/09/2022,10:59:59,REWARD,SOL,,,0.00025106,SOL,0.01307432,0.000,SOL,0,2.3395452,SOL
30/09/2022,10:59:59,REWARD,MATIC,,,0.05760139,MATIC,0.06883217,0.000,MATIC,0,266.37311943,MATIC
30/09/2022,10:59:59,REWARD,BTC,,,0.000001085,BTC,0.03236623,0.000,BTC,0,0.024939052,BTC
30/09/2022,10:59:59,REWARD,ETH,,,0.00001926,ETH,0.0393291,0.000,ETH,0,1.49354304,ETH
1/10/2022,10:59:59,REWARD,SOL,,,0.00025108,SOL,0.01288677,0.000,SOL,0,2.33979628,SOL
1/10/2022,10:59:59,REWARD,MATIC,,,0.05761385,MATIC,0.06991307,0.000,MATIC,0,266.43073328,MATIC
1/10/2022,10:59:59,REWARD,BTC,,,0.000001085,BTC,0.03294805,0.000,BTC,0,0.024940137,BTC
1/10/2022,10:59:59,REWARD,ETH,,,0.00001927,ETH,0.03994364,0.000,ETH,0,1.49356231,ETH
2/10/2022,10:59:59,REWARD,SOL,,,0.00025111,SOL,0.01284373,0.000,SOL,0,2.34004739,SOL
2/10/2022,10:59:59,REWARD,MATIC,,,0.05762631,MATIC,0.06933143,0.000,MATIC,0,266.48835959,MATIC
2/10/2022,10:59:59,REWARD,BTC,,,0.000001085,BTC,0.03275502,0.000,BTC,0,0.024941222,BTC
2/10/2022,10:59:59,REWARD,ETH,,,0.00001927,ETH,0.03949476,0.000,ETH,0,1.49358158,ETH
3/10/2022,10:59:59,REWARD,SOL,,,0.00025114,SOL,0.01260068,0.000,SOL,0,2.34029853,SOL
3/10/2022,10:59:59,REWARD,MATIC,,,0.05763877,MATIC,0.06924946,0.000,MATIC,0,266.54599836,MATIC
3/10/2022,10:59:59,REWARD,BTC,,,0.000001085,BTC,0.03234777,0.000,BTC,0,0.024942307,BTC
3/10/2022,10:59:59,REWARD,ETH,,,0.00001927,ETH,0.03867317,0.000,ETH,0,1.49360085,ETH
4/10/2022,10:59:59,REWARD,SOL,,,0.00025117,SOL,0.01271399,0.000,SOL,0,2.3405497,SOL
4/10/2022,10:59:59,REWARD,MATIC,,,0.05765124,MATIC,0.07194988,0.000,MATIC,0,266.6036496,MATIC
4/10/2022,10:59:59,REWARD,BTC,,,0.000001086,BTC,0.03265291,0.000,BTC,0,0.024943393,BTC
4/10/2022,10:59:59,REWARD,ETH,,,0.00001927,ETH,0.03921893,0.000,ETH,0,1.49362012,ETH
5/10/2022,10:59:59,REWARD,SOL,,,0.00025119,SOL,0.01313561,0.000,SOL,0,2.34080089,SOL
5/10/2022,10:59:59,REWARD,MATIC,,,0.05766371,MATIC,0.07465629,0.000,MATIC,0,266.66131331,MATIC
5/10/2022,10:59:59,REWARD,BTC,,,0.000001086,BTC,0.0338538,0.000,BTC,0,0.024944479,BTC
5/10/2022,10:59:59,REWARD,ETH,,,0.00001927,ETH,0.04026681,0.000,ETH,0,1.49363939,ETH
6/10/2022,10:59:59,REWARD,SOL,,,0.00025122,SOL,0.01323178,0.000,SOL,0,2.34105211,SOL
6/10/2022,10:59:59,REWARD,MATIC,,,0.05767618,MATIC,0.07527714,0.000,MATIC,0,266.71898949,MATIC
6/10/2022,10:59:59,REWARD,BTC,,,0.000001086,BTC,0.033774,0.000,BTC,0,0.024945565,BTC
6/10/2022,10:59:59,REWARD,ETH,,,0.00001928,ETH,0.04047883,0.000,ETH,0,1.49365867,ETH
7/10/2022,10:59:59,REWARD,SOL,,,0.00025125,SOL,0.01309947,0.000,SOL,0,2.34130336,SOL
7/10/2022,10:59:59,REWARD,MATIC,,,0.05768866,MATIC,0.07516781,0.000,MATIC,0,266.77667815,MATIC
7/10/2022,10:59:59,REWARD,BTC,,,0.0000006706,BTC,0.02088755,0.000,BTC,0,0.0249462356,BTC
7/10/2022,10:59:59,REWARD,ETH,,,0.00001190,ETH,0.02511184,0.000,ETH,0,1.49367057,ETH
8/10/2022,10:59:59,REWARD,SOL,,,0.00025127,SOL,0.01298861,0.000,SOL,0,2.34155463,SOL
8/10/2022,10:59:59,REWARD,MATIC,,,0.05770113,MATIC,0.07519415,0.000,MATIC,0,266.83437928,MATIC
8/10/2022,10:59:59,REWARD,BTC,,,0.0000006706,BTC,0.02061318,0.000,BTC,0,0.0249469062,BTC
8/10/2022,10:59:59,REWARD,ETH,,,0.00001190,ETH,0.02493535,0.000,ETH,0,1.49368247,ETH
9/10/2022,10:59:59,REWARD,SOL,,,0.00025130,SOL,0.01286692,0.000,SOL,0,2.34180593,SOL
9/10/2022,10:59:59,REWARD,MATIC,,,0.05771361,MATIC,0.07358753,0.000,MATIC,0,266.89209289,MATIC
9/10/2022,10:59:59,REWARD,BTC,,,0.0000006707,BTC,0.02042077,0.000,BTC,0,0.0249475769,
9/10/2022,10:59:59,REWARD,ETH,,,0.00001191,ETH,0.02450467,0.000,ETH,0,1.49369438,ETH
10/10/2022,10:59:59,REWARD,SOL,,,0.00025133,SOL,0.01312893,0.000,SOL,0,2.34205726,SOL
10/10/2022,10:59:59,REWARD,MATIC,,,0.05772610,MATIC,0.07546148,0.000,MATIC,0,266.94981899,MATIC
10/10/2022,10:59:59,REWARD,BTC,,,0.0000006707,BTC,0.02039077,0.000,BTC,0,0.0249482476,BTC
10/10/2022,10:59:59,REWARD,ETH,,,0.00001191,ETH,0.02431898,0.000,ETH,0,1.49370629,ETH
11/10/2022,10:59:59,REWARD,SOL,,,0.00025135,SOL,0.01258887,0.000,SOL,0,2.34230861,SOL
11/10/2022,10:59:59,REWARD,MATIC,,,0.05773858,MATIC,0.0734649,0.000,MATIC,0,267.00755757,MATIC
11/10/2022,10:59:59,REWARD,BTC,,,0.0000006707,BTC,0.02039986,0.000,BTC,0,0.0249489183,BTC
11/10/2022,10:59:59,REWARD,ETH,,,0.00001191,ETH,0.02431531,0.000,ETH,0,1.4937182,ETH
12/10/2022,10:59:59,REWARD,SOL,,,0.00025138,SOL,0.01246542,0.000,SOL,0,2.34255999,SOL
12/10/2022,10:59:59,REWARD,MATIC,,,0.05775107,MATIC,0.07320434,0.000,MATIC,0,267.06530864,MATIC
12/10/2022,10:59:59,REWARD,BTC,,,0.0000006708,BTC,0.02045411,0.000,BTC,0,0.0249495891,BTC
12/10/2022,10:59:59,REWARD,ETH,,,0.00001191,ETH,0.02447219,0.000,ETH,0,1.49373011,ETH
13/10/2022,10:59:59,REWARD,SOL,,,0.00025141,SOL,0.01245621,0.000,SOL,0,2.3428114,SOL
13/10/2022,10:59:59,REWARD,MATIC,,,0.05776356,MATIC,0.07068843,0.000,MATIC,0,267.1230722,MATIC
13/10/2022,10:59:59,REWARD,BTC,,,0.0000006708,BTC,0.02041413,0.000,BTC,0,0.0249502599,BTC
13/10/2022,10:59:59,REWARD,ETH,,,0.00001191,ETH,0.02441595,0.000,ETH,0,1.49374202,ETH
14/10/2022,10:59:59,REWARD,SOL,,,0.00025144,SOL,0.01223631,0.000,SOL,0,2.34306284,SOL
14/10/2022,10:59:59,REWARD,MATIC,,,0.05777606,MATIC,0.0730145,0.000,MATIC,0,267.18084826,MATIC
14/10/2022,10:59:59,REWARD,BTC,,,0.0000006709,BTC,0.02103389,0.000,BTC,0,0.0249509308,BTC
14/10/2022,10:59:59,REWARD,ETH,,,0.00001191,ETH,0.02506526,0.000,ETH,0,1.49375393,ETH
15/10/2022,10:59:59,REWARD,SOL,,,0.00025146,SOL,0.01213076,0.000,SOL,0,2.3433143,SOL
15/10/2022,10:59:59,REWARD,MATIC,,,0.05778855,MATIC,0.0740996,0.000,MATIC,0,267.23863681,MATIC
15/10/2022,10:59:59,REWARD,BTC,,,0.0000006709,BTC,0.0207776,0.000,BTC,0,0.0249516017,BTC
15/10/2022,10:59:59,REWARD,ETH,,,0.00001191,ETH,0.02495562,0.000,ETH,0,1.49376584,ETH
16/10/2022,10:59:59,REWARD,SOL,,,0.00025149,SOL,0.01208277,0.000,SOL,0,2.34356579,SOL
16/10/2022,10:59:59,REWARD,MATIC,,,0.05780105,MATIC,0.07434839,0.000,MATIC,0,267.29643786,MATIC
16/10/2022,10:59:59,REWARD,BTC,,,0.0000006710,BTC,0.02070028,0.000,BTC,0,0.0249522727,BTC
16/10/2022,10:59:59,REWARD,ETH,,,0.00001191,ETH,0.02464772,0.000,ETH,0,1.49377775,ETH
17/10/2022,10:59:59,REWARD,SOL,,,0.00025152,SOL,0.0121088,0.000,SOL,0,2.34381731,SOL
17/10/2022,10:59:59,REWARD,MATIC,,,0.05781355,MATIC,0.07434389,0.000,MATIC,0,267.35425141,MATIC
17/10/2022,10:59:59,REWARD,BTC,,,0.0000006710,BTC,0.02066255,0.000,BTC,0,0.0249529437,BTC
17/10/2022,10:59:59,REWARD,ETH,,,0.00001191,ETH,0.02479142,0.000,ETH,0,1.49378966,ETH
18/10/2022,10:59:59,REWARD,SOL,,,0.00025154,SOL,0.01250068,0.000,SOL,0,2.34406885,SOL
18/10/2022,10:59:59,REWARD,MATIC,,,0.05782606,MATIC,0.07900969,0.000,MATIC,0,267.41207747,
18/10/2022,10:59:59,REWARD,BTC,,,0.0000006711,BTC,0.02082355,0.000,BTC,0,0.0249536148,BTC
18/10/2022,10:59:59,REWARD,ETH,,,0.00001191,ETH,0.02518624,0.000,ETH,0,1.49380157,ETH
19/10/2022,10:59:59,REWARD,SOL,,,0.00025157,SOL,0.0119881,0.000,SOL,0,2.34432042,SOL
19/10/2022,10:59:59,REWARD,MATIC,,,0.05783857,MATIC,0.07853612,0.000,MATIC,0,267.46991604,MATIC
19/10/2022,10:59:59,REWARD,BTC,,,0.0000006711,BTC,0.02049387,0.000,BTC,0,0.0249542859,BTC
19/10/2022,10:59:59,REWARD,ETH,,,0.00001191,ETH,0.0246128,0.000,ETH,0,1.49381348,ETH
20/10/2022,10:59:59,REWARD,SOL,,,0.00025160,SOL,0.01159136,0.000,SOL,0,2.34457202,SOL
20/10/2022,10:59:59,REWARD,MATIC,,,0.05785108,MATIC,0.07697527,0.000,MATIC,0,267.52776712,MATIC
20/10/2022,10:59:59,REWARD,BTC,,,0.0000006712,BTC,0.02049127,0.000,BTC,0,0.0249549571,BTC
20/10/2022,10:59:59,REWARD,ETH,,,0.00001191,ETH,0.02443478,0.000,ETH,0,1.49382539,ETH
21/10/2022,10:59:59,REWARD,SOL,,,0.00025162,SOL,0.01121644,0.000,SOL,0,2.34482364,SOL
21/10/2022,10:59:59,REWARD,MATIC,,,0.05786359,MATIC,0.07519592,0.000,MATIC,0,267.58563071,MATIC
21/10/2022,10:59:59,REWARD,BTC,,,0.0000006712,BTC,0.02044953,0.000,BTC,0,0.0249556283,BTC
21/10/2022,10:59:59,REWARD,ETH,,,0.00001192,ETH,0.02448901,0.000,ETH,0,1.49383731,ETH
22/10/2022,10:59:59,REWARD,SOL,,,0.00025165,SOL,0.0110568,0.000,SOL,0,2.34507529,SOL
22/10/2022,10:59:59,REWARD,MATIC,,,0.05787610,MATIC,0.07489355,0.000,MATIC,0,267.64350681,MATIC
22/10/2022,10:59:59,REWARD,BTC,,,0.0000006712,BTC,0.02014564,0.000,BTC,0,0.0249562995,
22/10/2022,10:59:59,REWARD,ETH,,,0.00001192,ETH,0.02422339,0.000,ETH,0,1.49384923,ETH
23/10/2022,10:59:59,REWARD,SOL,,,0.00025168,SOL,0.01106206,0.000,SOL,0,2.34532697,SOL
23/10/2022,10:59:59,REWARD,MATIC,,,0.05788862,MATIC,0.07598142,0.000,MATIC,0,267.70139543,MATIC
23/10/2022,10:59:59,REWARD,BTC,,,0.0000006713,BTC,0.02023965,0.000,BTC,0,0.0249569708,BTC
23/10/2022,10:59:59,REWARD,ETH,,,0.00001192,ETH,0.02456162,0.000,ETH,0,1.49386115,ETH
24/10/2022,10:59:59,REWARD,SOL,,,0.00025171,SOL,0.01152233,0.000,SOL,0,2.34557868,SOL
24/10/2022,10:59:59,REWARD,MATIC,,,0.05790114,MATIC,0.0817911,0.000,MATIC,0,267.75929657,MATIC
24/10/2022,10:59:59,REWARD,BTC,,,0.0000006713,BTC,0.02056549,0.000,BTC,0,0.0249576421,BTC
24/10/2022,10:59:59,REWARD,ETH,,,0.00001192,ETH,0.02540302,0.000,ETH,0,1.49387307,ETH
25/10/2022,10:59:59,REWARD,SOL,,,0.00025173,SOL,0.01125213,0.000,SOL,0,2.34583041,SOL
25/10/2022,10:59:59,REWARD,MATIC,,,0.05791367,MATIC,0.08134763,0.000,MATIC,0,267.81721024,MATIC
25/10/2022,10:59:59,REWARD,BTC,,,0.0000006714,BTC,0.02051256,0.000,BTC,0,0.0249583135,BTC
25/10/2022,10:59:59,REWARD,ETH,,,0.00001192,ETH,0.02529715,0.000,ETH,0,1.49388499,ETH
26/10/2022,10:59:59,REWARD,SOL,,,0.00025176,SOL,0.0122042,0.000,SOL,0,2.34608217,SOL
26/10/2022,10:59:59,REWARD,MATIC,,,0.05792619,MATIC,0.08456663,0.000,MATIC,0,267.87513643,MATIC
26/10/2022,10:59:59,REWARD,BTC,,,0.0000006714,BTC,0.02121347,0.000,BTC,0,0.0249589849,BTC
26/10/2022,10:59:59,REWARD,ETH,,,0.00001192,ETH,0.02769088,0.000,ETH,0,1.49389691,ETH
27/10/2022,10:59:59,REWARD,SOL,,,0.00025179,SOL,0.01226142,0.000,SOL,0,2.34633396,SOL
27/10/2022,10:59:59,REWARD,MATIC,,,0.05793872,MATIC,0.08337889,0.000,MATIC,0,267.93307515,MATIC
27/10/2022,10:59:59,REWARD,BTC,,,0.0000006715,BTC,0.0213973,0.000,BTC,0,0.0249596564,BTC
27/10/2022,10:59:59,REWARD,ETH,,,0.00001192,ETH,0.02846363,0.000,ETH,0,1.49390883,ETH
28/10/2022,10:59:59,REWARD,SOL,,,0.00025181,SOL,0.01203405,0.000,SOL,0,2.34658577,SOL
28/10/2022,10:59:59,REWARD,MATIC,,,0.05795125,MATIC,0.08051404,0.000,MATIC,0,267.9910264,MATIC
28/10/2022,10:59:59,REWARD,BTC,,,0.0000006715,BTC,0.02099642,0.000,BTC,0,0.0249603279,BTC
28/10/2022,10:59:59,REWARD,ETH,,,0.00001192,ETH,0.02772954,0.000,ETH,0,1.49392075,ETH
29/10/2022,10:59:59,REWARD,SOL,,,0.00025184,SOL,0.0125847,0.000,SOL,0,2.34683761,SOL
29/10/2022,10:59:59,REWARD,MATIC,,,0.05796379,MATIC,0.08488767,0.000,MATIC,0,268.04899019,MATIC
29/10/2022,10:59:59,REWARD,BTC,,,0.0000006716,BTC,0.021694,0.000,BTC,0,0.0249609995,BTC
29/10/2022,10:59:59,REWARD,ETH,,,0.00001192,ETH,0.02927802,0.000,ETH,0,1.49393267,ETH
30/10/2022,10:59:59,REWARD,SOL,,,0.00025187,SOL,0.01287793,0.000,SOL,0,2.34708948,SOL
30/10/2022,10:59:59,REWARD,MATIC,,,0.05797632,MATIC,0.08376606,0.000,MATIC,0,268.10696651,MATIC
30/10/2022,10:59:59,REWARD,BTC,,,0.0000006716,BTC,0.02175444,0.000,BTC,0,0.0249616711,BTC
30/10/2022,10:59:59,REWARD,ETH,,,0.00001192,ETH,0.03015221,0.000,ETH,0,1.49394459,ETH
31/10/2022,10:59:59,REWARD,SOL,,,0.00025189,SOL,0.01288283,0.000,SOL,0,2.34734137,SOL
31/10/2022,10:59:59,REWARD,MATIC,,,0.05798886,MATIC,0.08180366,0.000,MATIC,0,268.16495537,MATIC
31/10/2022,10:59:59,REWARD,BTC,,,0.0000006717,BTC,0.0214219,0.000,BTC,0,0.0249623428,BTC
31/10/2022,10:59:59,REWARD,ETH,,,0.00001192,ETH,0.02955044,0.000,ETH,0,1.49395651,ETH
1/11/2022,10:59:59,REWARD,SOL,,,0.00025192,SOL,0.01289426,0.000,SOL,0,2.34759329,SOL
1/11/2022,10:59:59,REWARD,MATIC,,,0.05800141,MATIC,0.08168919,0.000,MATIC,0,268.22295678,MATIC
1/11/2022,10:59:59,REWARD,BTC,,,0.0000006717,BTC,0.02147523,0.000,BTC,0,0.0249630145,BTC
1/11/2022,10:59:59,REWARD,ETH,,,0.00001192,ETH,0.02955588,0.000,ETH,0,1.49396843,ETH
2/11/2022,10:59:59,REWARD,SOL,,,0.00025195,SOL,0.01269573,0.000,SOL,0,2.34784524,SOL
2/11/2022,10:59:59,REWARD,MATIC,,,0.05801395,MATIC,0.07811766,0.000,MATIC,0,268.28097073,MATIC
2/11/2022,10:59:59,REWARD,BTC,,,0.0000006717,BTC,0.02147039,0.000,BTC,0,0.0249636862,BTC
2/11/2022,10:59:59,REWARD,ETH,,,0.00001192,ETH,0.02953693,0.000,ETH,0,1.49398035,ETH
3/11/2022,10:59:59,REWARD,SOL,,,0.00025198,SOL,0.01231327,0.000,SOL,0,2.34809722,SOL
3/11/2022,10:59:59,REWARD,MATIC,,,0.05802650,MATIC,0.08248853,0.000,MATIC,0,268.33899723,MATIC
3/11/2022,10:59:59,REWARD,BTC,,,0.0000006718,BTC,0.02143065,0.000,BTC,0,0.024964358,BTC
3/11/2022,10:59:59,REWARD,ETH,,,0.00001193,ETH,0.0289831,0.000,ETH,0,1.49399228,ETH
4/11/2022,10:59:59,REWARD,SOL,,,0.00025200,SOL,0.01246579,0.000,SOL,0,2.34834922,SOL
4/11/2022,10:59:59,REWARD,MATIC,,,0.05803905,MATIC,0.09591834,0.000,MATIC,0,268.39703628,MATIC
4/11/2022,10:59:59,REWARD,BTC,,,0.0000006718,BTC,0.02020317,0.000,BTC,0,0.0249650298,BTC
4/11/2022,10:59:59,REWARD,ETH,,,0.00001193,ETH,0.02715116,0.000,ETH,0,1.49400421,ETH
5/11/2022,10:59:59,REWARD,SOL,,,0.00025203,SOL,0.01345227,0.000,SOL,0,2.34860125,SOL
5/11/2022,10:59:59,REWARD,MATIC,,,0.05805160,MATIC,0.1095349,0.000,MATIC,0,268.45508788,MATIC
5/11/2022,10:59:59,REWARD,BTC,,,0.0000006719,BTC,0.02042543,0.000,BTC,0,0.0249657017,BTC
5/11/2022,10:59:59,REWARD,ETH,,,0.00001193,ETH,0.02714105,0.000,ETH,0,1.49401614,ETH
6/11/2022,10:59:59,REWARD,SOL,,,0.00025206,SOL,0.01418832,0.000,SOL,0,2.34885331,SOL
6/11/2022,10:59:59,REWARD,MATIC,,,0.05806416,MATIC,0.10773894,0.000,MATIC,0,268.51315204,MATIC
6/11/2022,10:59:59,REWARD,BTC,,,0.0000006719,BTC,0.02051075,0.000,BTC,0,0.0249663736,BTC
6/11/2022,10:59:59,REWARD,ETH,,,0.00001193,ETH,0.02721113,0.000,ETH,0,1.49402807,ETH
7/11/2022,10:59:59,REWARD,SOL,,,0.00025208,SOL,0.01276465,0.000,SOL,0,2.34910539,SOL
7/11/2022,10:59:59,REWARD,MATIC,,,0.05807672,MATIC,0.10674891,0.000,MATIC,0,268.57122876,MATIC
7/11/2022,10:59:59,REWARD,BTC,,,0.0000006720,BTC,0.02053283,0.000,BTC,0,0.0249670456,BTC
7/11/2022,10:59:59,REWARD,ETH,,,0.00001193,ETH,0.02715808,0.000,ETH,0,1.49404,ETH
8/11/2022,10:59:59,REWARD,SOL,,,0.00025211,SOL,0.0114669,0.000,SOL,0,2.3493575,SOL
8/11/2022,10:59:59,REWARD,MATIC,,,0.05808928,MATIC,0.10501214,0.000,MATIC,0,268.62931804,MATIC
8/11/2022,10:59:59,REWARD,BTC,,,0.0000006720,BTC,0.0205056,0.000,BTC,0,0.0249677176,BTC
8/11/2022,10:59:59,REWARD,ETH,,,0.00001193,ETH,0.02717258,0.000,ETH,0,1.49405193,ETH
9/11/2022,10:59:59,REWARD,SOL,,,0.00025214,SOL,0.00906137,0.000,SOL,0,2.34960964,SOL
9/11/2022,10:59:59,REWARD,MATIC,,,0.05810184,MATIC,0.08865232,0.000,MATIC,0,268.68741988,MATIC
9/11/2022,10:59:59,REWARD,BTC,,,0.0000006721,BTC,0.01866047,0.000,BTC,0,0.0249683897,BTC
9/11/2022,10:59:59,REWARD,ETH,,,0.00001193,ETH,0.0236812,0.000,ETH,0,1.49406386,ETH
10/11/2022,10:59:59,REWARD,SOL,,,0.00025216,SOL,0.00547743,0.000,SOL,0,2.3498618,SOL
10/11/2022,10:59:59,REWARD,MATIC,,,0.05811441,MATIC,0.07545562,0.000,MATIC,0,268.74553429,MATIC
10/11/2022,10:59:59,REWARD,BTC,,,0.0000006721,BTC,0.01705931,0.000,BTC,0,0.0249690618,BTC
10/11/2022,10:59:59,REWARD,ETH,,,0.00001193,ETH,0.02175782,0.000,ETH,0,1.49407579,ETH
11/11/2022,10:59:59,REWARD,SOL,,,0.00025219,SOL,0.00686128,0.000,SOL,0,2.35011399,SOL
11/11/2022,10:59:59,REWARD,MATIC,,,0.05812698,MATIC,0.09373445,0.000,MATIC,0,268.80366127,MATIC
11/11/2022,10:59:59,REWARD,BTC,,,0.0000006722,BTC,0.01732815,0.000,BTC,0,0.024969734,BTC
11/11/2022,10:59:59,REWARD,ETH,,,0.00001193,ETH,0.02226626,0.000,ETH,0,1.49408772,ETH
12/11/2022,10:59:59,REWARD,SOL,,,0.00025222,SOL,0.00604248,0.000,SOL,0,2.35036621,SOL
12/11/2022,10:59:59,REWARD,MATIC,,,0.05813955,MATIC,0.09002204,0.000,MATIC,0,268.86180082,MATIC
12/11/2022,10:59:59,REWARD,BTC,,,0.0000006722,BTC,0.01687586,0.000,BTC,0,0.0249704062,BTC
12/11/2022,10:59:59,REWARD,ETH,,,0.00001193,ETH,0.022583,0.000,ETH,0,1.49409965,ETH
13/11/2022,10:59:59,REWARD,SOL,,,0.00025225,SOL,0.00539658,0.000,SOL,0,2.35061846,SOL
13/11/2022,10:59:59,REWARD,MATIC,,,0.05815213,MATIC,0.08310243,0.000,MATIC,0,268.91995295,MATIC
13/11/2022,10:59:59,REWARD,BTC,,,0.0000006722,BTC,0.01688816,0.000,BTC,0,0.0249710784,
13/11/2022,10:59:59,REWARD,ETH,,,0.00001193,ETH,0.02245687,0.000,ETH,0,1.49411158,ETH
14/11/2022,10:59:59,REWARD,SOL,,,0.00025227,SOL,0.0047594,0.000,SOL,0,2.35087073,SOL
14/11/2022,10:59:59,REWARD,MATIC,,,0.05816470,MATIC,0.07388621,0.000,MATIC,0,268.97811765,MATIC
14/11/2022,10:59:59,REWARD,BTC,,,0.0000006723,BTC,0.01621086,0.000,BTC,0,0.0249717507,BTC
14/11/2022,10:59:59,REWARD,ETH,,,0.00001193,ETH,0.02118811,0.000,ETH,0,1.49412351,ETH
15/11/2022,10:59:59,REWARD,SOL,,,0.00025230,SOL,0.00532947,0.000,SOL,0,2.35112303,SOL
15/11/2022,10:59:59,REWARD,MATIC,,,0.05817728,MATIC,0.08152938,0.000,MATIC,0,269.03629493,MATIC
15/11/2022,10:59:59,REWARD,BTC,,,0.0000006723,BTC,0.01689979,0.000,BTC,0,0.024972423,BTC
15/11/2022,10:59:59,REWARD,ETH,,,0.00001194,ETH,0.02233075,0.000,ETH,0,1.49413545,ETH
16/11/2022,10:59:59,REWARD,SOL,,,0.00025233,SOL,0.00531292,0.000,SOL,0,2.35137536,SOL
16/11/2022,10:59:59,REWARD,MATIC,,,0.05818987,MATIC,0.08143103,0.000,MATIC,0,269.0944848,MATIC
16/11/2022,10:59:59,REWARD,BTC,,,0.0000006724,BTC,0.01688644,0.000,BTC,0,0.0249730954,BTC
16/11/2022,10:59:59,REWARD,ETH,,,0.00001194,ETH,0.02235123,0.000,ETH,0,1.49414739,ETH
17/11/2022,10:59:59,REWARD,SOL,,,0.00025235,SOL,0.00540911,0.000,SOL,0,2.35162771,SOL
17/11/2022,10:59:59,REWARD,MATIC,,,0.05820245,MATIC,0.07838091,0.000,MATIC,0,269.15268725,MATIC
17/11/2022,10:59:59,REWARD,BTC,,,0.0000006724,BTC,0.01662302,0.000,BTC,0,0.0249737678,BTC
17/11/2022,10:59:59,REWARD,ETH,,,0.00001194,ETH,0.02152126,0.000,ETH,0,1.49415933,ETH
18/11/2022,10:59:59,REWARD,SOL,,,0.00025238,SOL,0.00495388,0.000,SOL,0,2.35188009,SOL
18/11/2022,10:59:59,REWARD,MATIC,,,0.05821504,MATIC,0.07585897,0.000,MATIC,0,269.21090229,MATIC
18/11/2022,10:59:59,REWARD,BTC,,,0.0000006725,BTC,0.01673856,0.000,BTC,0,0.0249744403,BTC
18/11/2022,10:59:59,REWARD,ETH,,,0.00001194,ETH,0.02150165,0.000,ETH,0,1.49417127,ETH
19/11/2022,10:59:59,REWARD,SOL,,,0.00025241,SOL,0.00495096,0.000,SOL,0,2.3521325,SOL
19/11/2022,10:59:59,REWARD,MATIC,,,0.05822763,MATIC,0.07590406,0.000,MATIC,0,269.26912992,MATIC
19/11/2022,10:59:59,REWARD,BTC,,,0.0000006725,BTC,0.01675486,0.000,BTC,0,0.0249751128,BTC
19/11/2022,10:59:59,REWARD,ETH,,,0.00001194,ETH,0.02145502,0.000,ETH,0,1.49418321,ETH
20/11/2022,10:59:59,REWARD,SOL,,,0.00025244,SOL,0.00481387,0.000,SOL,0,2.35238494,SOL
20/11/2022,10:59:59,REWARD,MATIC,,,0.05824023,MATIC,0.07621932,0.000,MATIC,0,269.32737015,MATIC
20/11/2022,10:59:59,REWARD,BTC,,,0.0000006726,BTC,0.01678684,0.000,BTC,0,0.0249757854,BTC
20/11/2022,10:59:59,REWARD,ETH,,,0.00001194,ETH,0.02175475,0.000,ETH,0,1.49419515,ETH
20/11/2022,16:04:32,BUY,BTC,25049.66410358,AUD,0.00964252,BTC,243,0.00005821,BTC,1.4526461,0.0346183054,BTC
20/11/2022,16:05:00,WITHDRAW,ETH,,,1.31686100,ETH,2401.57254735,0.00076800,ETH,1.40060926,0.17733415,ETH
20/11/2022,16:15:00,WITHDRAW,BTC,,,0.03441830,BTC,858.84079007,0.00020000,BTC,4.99060552,0.0002000054,BTC
21/11/2022,10:59:59,REWARD,SOL,,,0.00025246,SOL,0.00460681,0.000,SOL,0,2.3526374,SOL
21/11/2022,10:59:59,REWARD,MATIC,,,0.05825282,MATIC,0.06817773,0.000,MATIC,0,269.38562297,MATIC
22/11/2022,10:59:59,REWARD,SOL,,,0.00025249,SOL,0.00448576,0.000,SOL,0,2.35288989,SOL
22/11/2022,10:59:59,REWARD,MATIC,,,0.05826542,MATIC,0.07008762,0.000,MATIC,0,269.44388839,MATIC
23/11/2022,10:59:59,REWARD,SOL,,,0.00025252,SOL,0.00479364,0.000,SOL,0,2.35314241,SOL
23/11/2022,10:59:59,REWARD,MATIC,,,0.05827803,MATIC,0.07614193,0.000,MATIC,0,269.50216642,MATIC
24/11/2022,10:59:59,REWARD,SOL,,,0.00025254,SOL,0.00526002,0.000,SOL,0,2.35339495,SOL
24/11/2022,10:59:59,REWARD,MATIC,,,0.05829063,MATIC,0.07581616,0.000,MATIC,0,269.56045705,MATIC
25/11/2022,10:59:59,REWARD,SOL,,,0.00025257,SOL,0.00533511,0.000,SOL,0,2.35364752,SOL
25/11/2022,10:59:59,REWARD,MATIC,,,0.05830324,MATIC,0.07160529,0.000,MATIC,0,269.61876029,MATIC
26/11/2022,10:59:59,REWARD,SOL,,,0.00025260,SOL,0.00536704,0.000,SOL,0,2.35390012,SOL
26/11/2022,10:59:59,REWARD,MATIC,,,0.05831585,MATIC,0.0743822,0.000,MATIC,0,269.67707614,MATIC
27/11/2022,10:59:59,REWARD,SOL,,,0.00025263,SOL,0.00527525,0.000,SOL,0,2.35415275,SOL
27/11/2022,10:59:59,REWARD,MATIC,,,0.05832846,MATIC,0.07319529,0.000,MATIC,0,269.7354046,MATIC
28/11/2022,10:59:59,REWARD,SOL,,,0.00025265,SOL,0.00514155,0.000,SOL,0,2.3544054,SOL
28/11/2022,10:59:59,REWARD,MATIC,,,0.05834108,MATIC,0.07116941,0.000,MATIC,0,269.79374568,MATIC
29/11/2022,10:59:59,REWARD,SOL,,,0.00025268,SOL,0.00504384,0.000,SOL,0,2.35465808,SOL
29/11/2022,10:59:59,REWARD,MATIC,,,0.05835370,MATIC,0.07267438,0.000,MATIC,0,269.85209938,MATIC
30/11/2022,10:59:59,REWARD,SOL,,,0.00025271,SOL,0.00519993,0.000,SOL,0,2.35491079,SOL
30/11/2022,10:59:59,REWARD,MATIC,,,0.05836632,MATIC,0.0760461,0.000,MATIC,0,269.9104657,
1/12/2022,10:59:59,REWARD,SOL,,,0.00025273,SOL,0.00514432,0.000,SOL,0,2.35516352,SOL
1/12/2022,10:59:59,REWARD,MATIC,,,0.05837894,MATIC,0.07888407,0.000,MATIC,0,269.96884464,MATIC
2/12/2022,10:59:59,REWARD,SOL,,,0.00025276,SOL,0.00498002,0.000,SOL,0,2.35541628,SOL
2/12/2022,10:59:59,REWARD,MATIC,,,0.05839157,MATIC,0.07793654,0.000,MATIC,0,270.02723621,MATIC
3/12/2022,10:59:59,REWARD,SOL,,,0.00025279,SOL,0.00506264,0.000,SOL,0,2.35566907,SOL
3/12/2022,10:59:59,REWARD,MATIC,,,0.05840420,MATIC,0.07999709,0.000,MATIC,0,270.08564041,MATIC
4/12/2022,10:59:59,REWARD,SOL,,,0.00025282,SOL,0.00501176,0.000,SOL,0,2.35592189,SOL
4/12/2022,10:59:59,REWARD,MATIC,,,0.05841683,MATIC,0.07877758,0.000,MATIC,0,270.14405724,MATIC
5/12/2022,10:59:59,REWARD,SOL,,,0.00025284,SOL,0.00520071,0.000,SOL,0,2.35617473,SOL
5/12/2022,10:59:59,REWARD,MATIC,,,0.05842947,MATIC,0.07944645,0.000,MATIC,0,270.20248671,MATIC
6/12/2022,10:59:59,REWARD,SOL,,,0.00025287,SOL,0.00524155,0.000,SOL,0,2.3564276,SOL
6/12/2022,10:59:59,REWARD,MATIC,,,0.05844210,MATIC,0.07973216,0.000,MATIC,0,270.26092881,MATIC
7/12/2022,10:59:59,REWARD,SOL,,,0.00025290,SOL,0.00534564,0.000,SOL,0,2.3566805,SOL
7/12/2022,10:59:59,REWARD,MATIC,,,0.05845474,MATIC,0.07955713,0.000,MATIC,0,270.31938355,MATIC
8/12/2022,10:59:59,REWARD,SOL,,,0.00025292,SOL,0.00505904,0.000,SOL,0,2.35693342,SOL
8/12/2022,10:59:59,REWARD,MATIC,,,0.05846739,MATIC,0.07770409,0.000,MATIC,0,270.37785094,MATIC
9/12/2022,10:59:59,REWARD,SOL,,,0.00025295,SOL,0.00509525,0.000,SOL,0,2.35718637,SOL
9/12/2022,10:59:59,REWARD,MATIC,,,0.05848003,MATIC,0.07974122,0.000,MATIC,0,270.43633097,MATIC
10/12/2022,10:59:59,REWARD,SOL,,,0.00025298,SOL,0.00507469,0.000,SOL,0,2.35743935,SOL
10/12/2022,10:59:59,REWARD,MATIC,,,0.05849268,MATIC,0.0778405,0.000,MATIC,0,270.49482365,MATIC
11/12/2022,10:59:59,REWARD,SOL,,,0.00025301,SOL,0.00506544,0.000,SOL,0,2.35769236,SOL
11/12/2022,10:59:59,REWARD,MATIC,,,0.05850533,MATIC,0.07827252,0.000,MATIC,0,270.55332898,MATIC
12/12/2022,10:59:59,REWARD,SOL,,,0.00025303,SOL,0.00501492,0.000,SOL,0,2.35794539,SOL
12/12/2022,10:59:59,REWARD,MATIC,,,0.05851799,MATIC,0.07698018,0.000,MATIC,0,270.61184697,MATIC
13/12/2022,10:59:59,REWARD,SOL,,,0.00025306,SOL,0.00496341,0.000,SOL,0,2.35819845,SOL
13/12/2022,10:59:59,REWARD,MATIC,,,0.05853064,MATIC,0.07814579,0.000,MATIC,0,270.67037761,MATIC
14/12/2022,10:59:59,REWARD,SOL,,,0.00025309,SOL,0.0051503,0.000,SOL,0,2.35845154,SOL
14/12/2022,10:59:59,REWARD,MATIC,,,0.05854330,MATIC,0.0793549,0.000,MATIC,0,270.72892091,MATIC
15/12/2022,10:59:59,REWARD,SOL,,,0.00025311,SOL,0.00524266,0.000,SOL,0,2.35870465,SOL
15/12/2022,10:59:59,REWARD,MATIC,,,0.05855597,MATIC,0.07640443,0.000,MATIC,0,270.78747688,MATIC
16/12/2022,10:59:59,REWARD,SOL,,,0.00025314,SOL,0.00531828,0.000,SOL,0,2.35895779,SOL
16/12/2022,10:59:59,REWARD,MATIC,,,0.05856863,MATIC,0.07725309,0.000,MATIC,0,270.84604551,MATIC
17/12/2022,10:59:59,REWARD,SOL,,,0.00025317,SOL,0.00464793,0.000,SOL,0,2.35921096,SOL
17/12/2022,10:59:59,REWARD,MATIC,,,0.05858130,MATIC,0.06944247,0.000,MATIC,0,270.90462681,MATIC
18/12/2022,10:59:59,REWARD,SOL,,,0.00025320,SOL,0.00470522,0.000,SOL,0,2.35946416,SOL
18/12/2022,10:59:59,REWARD,MATIC,,,0.05859397,MATIC,0.0714715,0.000,MATIC,0,270.96322078,MATIC
19/12/2022,10:59:59,REWARD,SOL,,,0.00025322,SOL,0.00472963,0.000,SOL,0,2.35971738,SOL
19/12/2022,10:59:59,REWARD,MATIC,,,0.05860664,MATIC,0.07073443,0.000,MATIC,0,271.02182742,MATIC
20/12/2022,10:59:59,REWARD,SOL,,,0.00025325,SOL,0.00458044,0.000,SOL,0,2.35997063,SOL
20/12/2022,10:59:59,REWARD,MATIC,,,0.05861932,MATIC,0.06954124,0.000,MATIC,0,271.08044674,MATIC
21/12/2022,10:59:59,REWARD,SOL,,,0.00025328,SOL,0.0046221,0.000,SOL,0,2.36022391,SOL
21/12/2022,10:59:59,REWARD,MATIC,,,0.05863200,MATIC,0.06980503,0.000,MATIC,0,271.13907874,MATIC
22/12/2022,10:59:59,REWARD,SOL,,,0.00025330,SOL,0.00457195,0.000,SOL,0,2.36047721,SOL
22/12/2022,10:59:59,REWARD,MATIC,,,0.05864468,MATIC,0.06865496,0.000,MATIC,0,271.19772342,MATIC
22/12/2022,15:56:31,AIRDROP,LUNA,,,0.06238472,LUNA,0.11297651,0.00000000,LUNA,0,0.704065613,LUNA
22/12/2022,18:55:52,AIRDROP,LUNA,,,0.0000009229,LUNA,0.000001738,0.00000000,LUNA,0,0.7040665359,LUNA
23/12/2022,10:59:59,REWARD,SOL,,,0.00025333,SOL,0.00451325,0.000,SOL,0,2.36073054,SOL
23/12/2022,10:59:59,REWARD,MATIC,,,0.05865736,MATIC,0.06988145,0.000,MATIC,0,271.25638078,MATIC
24/12/2022,10:59:59,REWARD,SOL,,,0.00025336,SOL,0.00442852,0.000,SOL,0,2.3609839,SOL
24/12/2022,10:59:59,REWARD,MATIC,,,0.05867005,MATIC,0.0697414,0.000,MATIC,0,271.31505083,MATIC
25/12/2022,10:59:59,REWARD,SOL,,,0.00025339,SOL,0.00434045,0.000,SOL,0,2.36123729,SOL
25/12/2022,10:59:59,REWARD,MATIC,,,0.05868274,MATIC,0.06956069,0.000,MATIC,0,271.37373357,MATIC
26/12/2022,10:59:59,REWARD,SOL,,,0.00025341,SOL,0.00426805,0.000,SOL,0,2.3614907,SOL
26/12/2022,10:59:59,REWARD,MATIC,,,0.05869543,MATIC,0.07028329,0.000,MATIC,0,271.432429,MATIC
27/12/2022,10:59:59,REWARD,SOL,,,0.00025344,SOL,0.00425726,0.000,SOL,0,2.36174414,SOL
27/12/2022,10:59:59,REWARD,MATIC,,,0.05870813,MATIC,0.07069132,0.000,MATIC,0,271.49113713,MATIC
28/12/2022,10:59:59,REWARD,SOL,,,0.00025347,SOL,0.00410435,0.000,SOL,0,2.36199761,SOL
28/12/2022,10:59:59,REWARD,MATIC,,,0.05872083,MATIC,0.06968134,0.000,MATIC,0,271.54985796,MATIC
29/12/2022,10:59:59,REWARD,SOL,,,0.00025349,SOL,0.0036598,0.000,SOL,0,2.3622511,SOL
29/12/2022,10:59:59,REWARD,MATIC,,,0.05873353,MATIC,0.06771,0.000,MATIC,0,271.60859149,MATIC
30/12/2022,10:59:59,REWARD,SOL,,,0.00025352,SOL,0.00369646,0.000,SOL,0,2.36250462,SOL
30/12/2022,10:59:59,REWARD,MATIC,,,0.05874623,MATIC,0.06680822,0.000,MATIC,0,271.66733772,MATIC
31/12/2022,10:59:59,REWARD,SOL,,,0.00025355,SOL,0.00370029,0.000,SOL,0,2.36275817,SOL
31/12/2022,10:59:59,REWARD,MATIC,,,0.05875894,MATIC,0.06516324,0.000,MATIC,0,271.72609666,MATIC
1/01/2023,10:59:59,REWARD,SOL,,,0.00025358,SOL,0.00373361,0.000,SOL,0,2.36301175,SOL
1/01/2023,10:59:59,REWARD,MATIC,,,0.05877165,MATIC,0.06507546,0.000,MATIC,0,271.78486831,MATIC
2/01/2023,10:59:59,REWARD,SOL,,,0.00025360,SOL,0.00366903,0.000,SOL,0,2.36326535,SOL
2/01/2023,10:59:59,REWARD,MATIC,,,0.05878436,MATIC,0.06489064,0.000,MATIC,0,271.84365267,MATIC
3/01/2023,10:59:59,REWARD,SOL,,,0.00025363,SOL,0.00418214,0.000,SOL,0,2.36351898,SOL
3/01/2023,10:59:59,REWARD,MATIC,,,0.05879707,MATIC,0.06718149,0.000,MATIC,0,271.90244974,MATIC
4/01/2023,10:59:59,REWARD,SOL,,,0.00025366,SOL,0.00516311,0.000,SOL,0,2.36377264,SOL
4/01/2023,10:59:59,REWARD,MATIC,,,0.05880979,MATIC,0.06935305,0.000,MATIC,0,271.96125953,MATIC
5/01/2023,10:59:59,REWARD,SOL,,,0.00025368,SOL,0.00489251,0.000,SOL,0,2.36402632,SOL
5/01/2023,10:59:59,REWARD,MATIC,,,0.05882251,MATIC,0.06932251,0.000,MATIC,0,272.02008204,MATIC
6/01/2023,10:59:59,REWARD,SOL,,,0.00025371,SOL,0.00504015,0.000,SOL,0,2.36428003,SOL
6/01/2023,10:59:59,REWARD,MATIC,,,0.05883523,MATIC,0.0683966,0.000,MATIC,0,272.07891727,MATIC
7/01/2023,10:59:59,REWARD,SOL,,,0.00025374,SOL,0.0049327,0.000,SOL,0,2.36453377,SOL
7/01/2023,10:59:59,REWARD,MATIC,,,0.05884796,MATIC,0.0692401,0.000,MATIC,0,272.13776523,MATIC
8/01/2023,10:59:59,REWARD,SOL,,,0.00025377,SOL,0.00479348,0.000,SOL,0,2.36478754,SOL
8/01/2023,10:59:59,REWARD,MATIC,,,0.05886069,MATIC,0.06869095,0.000,MATIC,0,272.19662592,MATIC
9/01/2023,10:59:59,REWARD,SOL,,,0.00025379,SOL,0.00546362,0.000,SOL,0,2.36504133,SOL
9/01/2023,10:59:59,REWARD,MATIC,,,0.05887342,MATIC,0.07327944,0.000,MATIC,0,272.25549934,MATIC
10/01/2023,10:59:59,REWARD,SOL,,,0.00025382,SOL,0.00602638,0.000,SOL,0,2.36529515,SOL
10/01/2023,10:59:59,REWARD,MATIC,,,0.05888615,MATIC,0.07122017,0.000,MATIC,0,272.31438549,MATIC
25/01/2023,10:49:45,AIRDROP,LUNA,,,0.06238472,LUNA,0.18235804,0.00000000,LUNA,0,0.7664512559,LUNA
25/01/2023,12:55:03,AIRDROP,LUNA,,,0.0000009229,LUNA,0.000002742,0.00000000,LUNA,0,0.7664521788,LUNA
27/02/2023,12:45:32,AIRDROP,LUNA,,,0.06238472,LUNA,0.16060425,0.00000000,LUNA,0,0.8288368988,LUNA
27/02/2023,14:55:52,AIRDROP,LUNA,,,0.0000009229,LUNA,0.000002386,0.00000000,LUNA,0,0.8288378217,LUNA
27/03/2023,18:53:31,AIRDROP,LUNA,,,0.06238472,LUNA,0.12115909,0.00000000,LUNA,0,0.8912225417,LUNA
27/03/2023,20:59:53,AIRDROP,LUNA,,,0.0000009229,LUNA,0.000001802,0.00000000,LUNA,0,0.8912234646,LUNA
26/04/2023,12:09:57,AIRDROP,LUNA,,,0.06238472,LUNA,0.11894514,0.00000000,LUNA,0,0.9536081846,LUNA
26/04/2023,14:17:48,AIRDROP,LUNA,,,0.0000009229,LUNA,0.000001766,0.00000000,LUNA,0,0.9536091075,LUNA
25/05/2023,12:50:51,AIRDROP,LUNA,,,0.06238472,LUNA,0.08021368,0.00000000,LUNA,0,1.0159938275,LUNA
25/05/2023,15:16:53,AIRDROP,LUNA,,,0.0000009229,LUNA,0.000001191,0.00000000,LUNA,0,1.0159947504,LUNA
26/06/2023,12:51:28,AIRDROP,LUNA,,,0.06238472,LUNA,0.06085495,0.00000000,LUNA,0,1.0783794704,LUNA
26/06/2023,14:53:41,AIRDROP,LUNA,,,0.0000009229,LUNA,0.0000009039,0.00000000,LUNA,0,1.0783803933,LUNA
13/07/2023,10:05:00,WITHDRAW,ETH,,,0.17534100,ETH,483.05732076,0.00122500,ETH,3.37482516,0.00199315,ETH
13/07/2023,10:16:00,WITHDRAW,MATIC,,,272.21400000,MATIC,290.7651942,0.10000000,MATIC,0.10681493,0.10038549,MATIC
13/07/2023,12:21:00,WITHDRAW,AAVE,,,0.99209000,AAVE,109.26387863,0.06300000,AAVE,6.93850795,0.06300812,AAVE
13/07/2023,12:25:00,WITHDRAW,SOL,,,2.35720000,SOL,75.10980891,0.00800000,SOL,0.25491196,0.00809515,SOL
13/07/2023,12:27:06,SELL,AVAX,0.00042215,BTC,1.39550000,AVAX,26.03101106,0.000003535,BTC,0.15782258,0.00001136,AVAX
13/07/2023,12:51:00,WITHDRAW,BTC,,,0.00053556,BTC,23.92167536,0.00005000,BTC,2.2333329,0.00025000894,BTC
25/07/2023,11:16:32,AIRDROP,LUNA,,,0.06238472,LUNA,0.05731916,0.00000000,LUNA,0,1.1407651133,LUNA
25/07/2023,13:42:55,AIRDROP,LUNA,,,0.0000009229,LUNA,0.0000008524,0.00000000,LUNA,0,1.1407660362,LUNA
25/08/2023,12:00:51,AIRDROP,LUNA,,,0.06238472,LUNA,0.04054194,0.00000000,LUNA,0,1.2031507562,LUNA
25/08/2023,14:44:44,AIRDROP,LUNA,,,0.0000009229,LUNA,0.0000006006,0.00000000,LUNA,0,1.2031516791,LUNA
25/09/2023,11:44:13,AIRDROP,LUNA,,,0.06238472,LUNA,0.03942191,0.00000000,LUNA,0,1.2655363991,LUNA
25/09/2023,14:34:49,AIRDROP,LUNA,,,0.0000009229,LUNA,0.0000005915,0.00000000,LUNA,0,1.265537322,LUNA
24/10/2023,12:38:53,AIRDROP,LUNA,,,0.06238472,LUNA,0.04258566,0.00000000,LUNA,0,1.327922042,LUNA
24/10/2023,15:42:24,AIRDROP,LUNA,,,0.0000009229,LUNA,0.0000006331,0.00000000,LUNA,0,1.3279229649,LUNA
21/11/2023,13:47:31,BUY,SOL,85.10992793,AUD,2.85360681,SOL,244.339248,0.01725977,SOL,1.4520615,2.86170196,SOL
27/11/2023,11:58:54,AIRDROP,LUNA,,,0.06238472,LUNA,0.07257422,0.00000000,LUNA,0,1.3903076849,LUNA
27/11/2023,14:53:33,AIRDROP,LUNA,,,0.0000009229,LUNA,0.000001034,0.00000000,LUNA,0,1.3903086078,LUNA
25/12/2023,11:51:30,AIRDROP,LUNA,,,0.0000009229,LUNA,0.000001277,0.00000000,LUNA,0,1.4526942507,LUNA
25/01/2024,12:28:11,AIRDROP,LUNA,,,0.06238472,LUNA,0.05664927,0.00000000,LUNA,0,1.5150789707,LUNA
25/01/2024,14:53:34,AIRDROP,LUNA,,,0.0000009229,LUNA,0.000000825,0.00000000,LUNA,0,1.5150798936,LUNA
26/02/2024,11:56:10,AIRDROP,LUNA,,,0.06238472,LUNA,0.065825,0.00000000,LUNA,0,1.5774646136,LUNA
26/02/2024,18:15:56,AIRDROP,LUNA,,,0.0000009229,LUNA,0.00000096,0.00000000,LUNA,0,1.5774655365,LUNA
26/03/2024,14:16:00,AIRDROP,LUNA,,,0.06238472,LUNA,0.11920636,0.00000000,LUNA,0,1.6398502565,LUNA
26/03/2024,16:41:37,AIRDROP,LUNA,,,0.0000009229,LUNA,0.000001789,0.00000000,LUNA,0,1.6398511794,LUNA
19/04/2024,18:12:36,BUY,BTC,101291.84408678,AUD,0.04906615,BTC,5000,0.00029616,BTC,29.86441612,0.04931615894,BTC
29/04/2024,16:04:43,AIRDROP,LUNA,,,0.06238472,LUNA,0.05684032,0.00000000,LUNA,0,1.7022358994,LUNA
29/04/2024,18:34:58,AIRDROP,LUNA,,,0.0000009229,LUNA,0.000000828,0.00000000,LUNA,0,1.7022368223,LUNA
27/05/2024,11:39:51,AIRDROP,LUNA,,,0.06238472,LUNA,0.05648618,0.00000000,LUNA,0,1.7646215423,LUNA
27/05/2024,14:04:05,AIRDROP,LUNA,,,0.0000009229,LUNA,0.0000008369,0.00000000,LUNA,0,1.7646224652,LUNA
25/06/2024,11:44:06,AIRDROP,LUNA,,,0.06238472,LUNA,0.03983842,0.00000000,LUNA,0,1.8270071852,LUNA
25/06/2024,15:45:15,AIRDROP,LUNA,,,0.0000009229,LUNA,0.000000591,0.00000000,LUNA,0,1.8270081081,LUNA
25/07/2024,12:02:58,AIRDROP,LUNA,,,0.06238472,LUNA,0.03906871,0.00000000,LUNA,0,1.8893928281,LUNA
25/07/2024,15:56:25,AIRDROP,LUNA,,,0.0000009229,LUNA,0.0000005554,0.00000000,LUNA,0,1.889393751,LUNA
25/08/2024,20:23:42,AIRDROP,LUNA,,,0.06238472,LUNA,0.03605992,0.00000000,LUNA,0,0.062384741,LUNA
25/08/2024,22:42:44,AIRDROP,LUNA,,,0.0000009229,LUNA,0.0000005486,0.00000000,LUNA,0,0.0623856639,LUNA
30/09/2024,17:53:53,AIRDROP,LUNA,,,0.06238472,LUNA,0.03953323,0.00000000,LUNA,0,0.1247703839,LUNA
30/09/2024,20:15:41,AIRDROP,LUNA,,,0.0000009229,LUNA,0.0000005756,0.00000000,LUNA,0,0.1247713068,LUNA
25/10/2024,11:14:58,AIRDROP,LUNA,,,0.06238472,LUNA,0.03438832,0.00000000,LUNA,0,0.1871560268,LUNA
25/10/2024,13:39:28,AIRDROP,LUNA,,,0.0000009229,LUNA,0.0000005044,0.00000000,LUNA,0,0.1871569497,LUNA
27/11/2024,18:00:31,AIRDROP,LUNA,,,0.06238472,LUNA,0.04595559,0.00000000,LUNA,0,0.2495416697,LUNA
27/11/2024,20:23:43,AIRDROP,LUNA,,,0.0000009229,LUNA,0.0000006731,0.00000000,LUNA,0,0.2495425926,LUNA
17/12/2024,17:26:06,BUY,SUI,7.49380353,AUD,1989.64403078,SUI,15000,12.00972770,SUI,89.1097497,1989.64403078,SUI
17/12/2024,17:37:00,WITHDRAW,SUI,,,1989.58403077,SUI,14790.68909422,0.06000000,SUI,0.44604366,0.06000001,SUI
17/12/2024,20:11:02,BUY,SUI,7.49724434,AUD,44.71684820,SUI,337.276188,0.26983929,SUI,2.00421719,44.77684821,SUI
17/12/2024,23:00:01,WITHDRAW,SUI,,,44.65600000,SUI,336.08925282,0.06000000,SUI,0.45157101,0.12084821,SUI
1/01/2025,18:56:44,SELL,LUNA,0.66661716,AUD,0.24954257,LUNA,0.16634936,0.000,LUNA,0,0.0000000226,LUNA
1/01/2025,18:56:44,SELL,SUI,6.62146436,AUD,0.00084820,SUI,0.00561635,0.000,SUI,0,0.12000001,SUI
2/01/2025,18:21:30,BUY,SUI,7.10273994,AUD,18.78843117,SUI,134.255,0.11342940,SUI,0.79789377,18.90843118,SUI
3/01/2025,17:37:00,WITHDRAW,SUI,,,18.72800000,SUI,130.93156229,0.06000000,SUI,0.41947318,0.18043118,SUI
4/01/2025,12:16:00,WITHDRAW,SUI,,,18.21645698,SUI,142.47576595,0.06000000,SUI,0.46927599,0.24000002,SUI
5/01/2025,11:25:00,DEPOSIT,USDC,,,1.00000000,USDC,1.60788741,0.00000000,USDC,0,1,USDC
5/01/2025,11:33:00,DEPOSIT,USDC,,,1187.12131100,USDC,1908.87615528,0.00000000,USDC,0,1188.121311,USDC
5/01/2025,11:41:14,SELL,USDC,1.59574750,AUD,1188.12100000,USDC,1884.5654698,11.37564670,AUD,11.3756467,0.000311,USDC
15/01/2025,13:03:08,DEPOSIT,SOL,,,0.0000001000,SOL,0.00003038,0.00000000,SOL,0,0.018000081,SOL
15/01/2025,13:03:09,DEPOSIT,SOL,,,0.0000001000,SOL,0.00003037,0.00000000,SOL,0,0.018000181,SOL
15/01/2025,13:03:09,DEPOSIT,SOL,,,0.00001000,SOL,0.00303653,0.00000000,SOL,0,0.018010181,SOL
28/01/2025,17:40:16,BUY,SUI,6.33891190,AUD,120.60030100,SUI,769.088718,0.72789066,SUI,4.56964409,237.49642382,SUI
29/01/2025,14:03:00,WITHDRAW,SUI,,,237.19642380,SUI,1402.95710685,0.06000000,SUI,0.35488489,0.30000002,SUI
9/02/2025,10:27:59,BUY,SUI,4.90382236,AUD,162.15921806,SUI,800,0.97882828,SUI,4.75229104,162.45921808,SUI
9/02/2025,10:30:45,BUY,SUI,4.92154372,AUD,161.57531960,SUI,800,0.97530374,SUI,4.75229132,324.03453768,SUI
9/02/2025,10:35:00,WITHDRAW,SUI,,,323.67400000,SUI,1578.12358921,0.06000000,SUI,0.29253945,0.36053768,SUI
15/02/2025,18:56:27,BUY,BTC,153986.47288646,AUD,0.01633950,BTC,2531.25,0.00009863,BTC,15.1127829,0.038657896794,BTC
20/02/2025,11:15:00,WITHDRAW,BTC,,,0.08830443,BTC,13451.69152272,0.00003000,BTC,4.56999434,0.000347996794,BTC
1/03/2025,13:47:38,BUY,BTC,138170.69527138,AUD,0.01748141,BTC,2430,0.00010554,BTC,14.50969521,0.017829406794,BTC
1/03/2025,14:05:00,WITHDRAW,BTC,,,0.01745140,BTC,2400.22266402,0.00003000,BTC,4.12612627,0.000378006794,BTC
16/03/2025,16:37:20,BUY,USDC,1.59263544,AUD,1800.30077375,USDC,2884.53,10.86700668,USDC,17.17549238,1800.30108475,USDC
16/03/2025,16:46:00,WITHDRAW,USDC,,,1797.30100000,USDC,2840.66537598,3.00000000,USDC,4.74155199,3.00008475,USDC
24/04/2025,14:22:00,DEPOSIT,USDC,,,272.28398800,USDC,427.7574725,0.00000000,USDC,0,275.28407275,USDC
24/04/2025,14:22:54,SELL,USDC,1.55947987,AUD,272.28400000,USDC,422.07368733,2.54772849,AUD,2.54772849,3.00007275,USDC
22/05/2025,21:38:00,DEPOSIT,USDC,,,259.73974000,USDC,404.41694035,0.00000000,USDC,0,262.73981275,USDC
22/05/2025,21:41:00,SELL,USDC,1.54528044,AUD,259.73900000,USDC,398.96137735,2.40821757,AUD,2.40821757,3.00081275,USDC
11/07/2025,10:45:00,DEPOSIT,USDC,,,473.18045100,USDC,717.752488,0.00000000,USDC,0,476.18126375,USDC
11/07/2025,11:01:38,SELL,USDC,1.50501394,AUD,473.18100000,USDC,707.87113942,4.27286402,AUD,4.27286402,3.00026375,USDC
4/09/2025,10:06:00,SELL,USDC,1.51607939,AUD,1007.28700000,USDC,1517.96429826,9.16276236,AUD,9.16276236,3.00049475,USDC
11/09/2025,10:42:00,DEPOSIT,USDC,,,1.00000000,USDC,1.51021897,0.00000000,USDC,0,4.00049475,USDC
11/09/2025,10:47:00,DEPOSIT,USDC,,,,,,,,,,
11/09/2025,10:47:39,SELL,USDC,1.49865591,AUD,13461.67800000,USDC,20053.37676674,121.04653984,AUD,121.04653984,3.00058175,USDC
11/09/2025,10:49:00,DEPOSIT,SOL,,,0.000000001000,SOL,0.0000003384,0.00000000,SOL,0,0.018010182,SOL
11/09/2025,10:49:00,DEPOSIT,SOL,,,0.00001000,SOL,0.00338392,0.00000000,SOL,0,0.018020182,SOL
11/09/2025,10:49:00,DEPOSIT,SOL,,,0.000000002000,SOL,0.0000006768,0.00000000,SOL,0,0.018020184,SOL
11/09/2025,10:49:00,DEPOSIT,SOL,,,0.000000003000,SOL,0.000001015,0.00000000,SOL,0,0.018020187,SOL
11/09/2025,10:49:00,DEPOSIT,SOL,,,0.000000002000,SOL,0.0000006768,0.00000000,SOL,0,0.018020189,SOL
11/09/2025,10:49:00,DEPOSIT,SOL,,,0.000000004000,SOL,0.000001354,0.00000000,SOL,0,0.018020193,SOL
11/09/2025,10:49:00,DEPOSIT,SOL,,,0.000000003000,SOL,0.000001015,0.00000000,SOL,0,0.018020196,SOL
11/09/2025,10:49:00,DEPOSIT,SOL,,,0.000000004000,SOL,0.000001354,0.00000000,SOL,0,0.0180202,SOL
11/09/2025,10:49:00,DEPOSIT,SOL,,,0.000000001000,SOL,0.0000003384,0.00000000,SOL,0,0.018020201,SOL
12/09/2025,16:39:00,DEPOSIT,SOL,,,0.000000001000,SOL,0.0000003579,0.00000000,SOL,0,0.018020202,SOL
12/09/2025,16:39:00,DEPOSIT,SOL,,,0.000000001000,SOL,0.0000003579,0.00000000,SOL,0,0.018020203,SOL
6/02/2026,14:28:47,BUY,ONDO,0.33234061,AUD,572.30197242,ONDO,191.347269,3.45453907,ONDO,1.13484533,572.30197242,ONDO
13/03/2026,21:48:00,DEPOSIT,USDT,,,1169.39820800,USDT,1661.36164978,0.00000000,USDT,0,1169.398208,USDT
16/03/2026,16:58:34,SELL,USDT,1.42096698,AUD,1169.39820800,USDT,1651.7061811,9.97005743,9.97005743,0,,
24/01/2022,14:43:10,DEPOSIT,AUD,,,258.00000000,AUD,258,0,AUD,AUD,,
25/01/2022,14:39:52,DEPOSIT,AUD,,,188.00000000,AUD,188,0,AUD,AUD,,
31/01/2022,14:40:48,DEPOSIT,AUD,,,292.00000000,AUD,292,0,AUD,AUD,,
14/04/2022,18:30:24,DEPOSIT,AUD,,,565.00000000,AUD,565,0,AUD,AUD,,
9/05/2022,15:40:34,DEPOSIT,AUD,,,450.00000000,AUD,450,0,AUD,AUD,,
16/05/2022,15:43:58,DEPOSIT,AUD,,,112.44000000,AUD,112.44,0,AUD,AUD,,
24/05/2022,15:29:32,DEPOSIT,AUD,,,112.00000000,AUD,112,0,AUD,AUD,,
15/06/2022,21:11:56,DEPOSIT,AUD,,,208.00000000,AUD,208,0,AUD,AUD,,
20/06/2022,15:47:37,DEPOSIT,AUD,,,150.00000000,AUD,150,0,AUD,AUD,,
11/07/2022,15:37:31,DEPOSIT,AUD,,,2220.00000000,AUD,2220,0,AUD,AUD,,
29/07/2022,18:30:58,DEPOSIT,AUD,,,243.00000000,AUD,243,0,AUD,AUD,,
20/11/2023,17:25:36,DEPOSIT,AUD,,,244.32000000,AUD,244.32,0,AUD,AUD,,
19/04/2024,18:11:31,DEPOSIT,AUD,,,5000.00000000,AUD,5000,0,AUD,AUD,,
17/12/2024,17:24:31,DEPOSIT,AUD,,,15000.00000000,AUD,15000,0,AUD,AUD,,
17/12/2024,17:39:32,DEPOSIT,AUD,,,336.33000000,AUD,336.33,0,AUD,AUD,,
1/01/2025,18:53:31,DEPOSIT,AUD,,,268.51000000,AUD,268.51,0,AUD,AUD,,
4/01/2025,11:16:31,DEPOSIT,AUD,,,1533.44000000,AUD,1533.44,0,AUD,AUD,,
5/01/2025,11:44:23,WITHDRAW,AUD,,,1880.00000000,AUD,1880,0,AUD,AUD,,
9/02/2025,10:25:31,DEPOSIT,AUD,,,1600.00000000,AUD,1600,0,AUD,AUD,,
14/02/2025,18:16:31,DEPOSIT,AUD,,,13500.00000000,AUD,13500,0,AUD,AUD,,
1/03/2025,13:46:31,DEPOSIT,AUD,,,2430.00000000,AUD,2430,0,AUD,AUD,,
3/03/2025,16:18:32,DEPOSIT,AUD,,,12749.00000000,AUD,12749,0,AUD,AUD,,
3/03/2025,16:25:42,WITHDRAW,AUD,,,12749.00000000,AUD,12749,0,AUD,AUD,,
16/03/2025,16:29:31,DEPOSIT,AUD,,,2884.53000000,AUD,2884.53,0,AUD,AUD,,
24/04/2025,14:23:25,WITHDRAW,AUD,,,422.07000000,AUD,422.07,0,AUD,AUD,,
22/05/2025,21:41:25,WITHDRAW,AUD,,,398.96000000,AUD,AUD,AUD,AUD,0,,
11/07/2025,11:02:07,WITHDRAW,AUD,,,707.87000000,AUD,707.87,0,AUD,AUD,,
4/09/2025,10:06:23,WITHDRAW,AUD,,,1517.97000000,AUD,1517.97,0,AUD,AUD,,
11/09/2025,10:50:35,WITHDRAW,AUD,,,3000.00000000,AUD,3000,0,AUD,AUD,,
11/09/2025,11:23:10,WITHDRAW,AUD,,,4000.00000000,AUD,4000,0,AUD,AUD,,
11/09/2025,11:23:54,WITHDRAW,AUD,,,4000.00000000,AUD,4000,0,AUD,AUD,,
11/09/2025,11:34:36,WITHDRAW,AUD,,,4400.00000000,AUD,4400,0,AUD,AUD,,
11/09/2025,12:34:49,WITHDRAW,AUD,,,101.00000000,AUD,101,0,AUD,AUD,,
6/02/2026,14:27:30,DEPOSIT,AUD,,,191.34000000,AUD,191.34,0,AUD,AUD,,
16/03/2026,16:59:02,WITHDRAW,AUD,,,1651.70000000,AUD,1651.7,0,AUD,AUD,,
